-- MySQL dump 10.13  Distrib 5.5.32, for debian-linux-gnu (x86_64)
--
-- Host: localhost    Database: yicanyican
-- ------------------------------------------------------
-- Server version	5.5.32-0ubuntu0.12.04.1

/*!40101 SET @OLD_CHARACTER_SET_CLIENT=@@CHARACTER_SET_CLIENT */;
/*!40101 SET @OLD_CHARACTER_SET_RESULTS=@@CHARACTER_SET_RESULTS */;
/*!40101 SET @OLD_COLLATION_CONNECTION=@@COLLATION_CONNECTION */;
/*!40101 SET NAMES utf8 */;
/*!40103 SET @OLD_TIME_ZONE=@@TIME_ZONE */;
/*!40103 SET TIME_ZONE='+00:00' */;
/*!40014 SET @OLD_UNIQUE_CHECKS=@@UNIQUE_CHECKS, UNIQUE_CHECKS=0 */;
/*!40014 SET @OLD_FOREIGN_KEY_CHECKS=@@FOREIGN_KEY_CHECKS, FOREIGN_KEY_CHECKS=0 */;
/*!40101 SET @OLD_SQL_MODE=@@SQL_MODE, SQL_MODE='NO_AUTO_VALUE_ON_ZERO' */;
/*!40111 SET @OLD_SQL_NOTES=@@SQL_NOTES, SQL_NOTES=0 */;

--
-- Table structure for table `announcement`
--

DROP TABLE IF EXISTS `announcement`;
/*!40101 SET @saved_cs_client     = @@character_set_client */;
/*!40101 SET character_set_client = utf8 */;
CREATE TABLE `announcement` (
  `announce_title` varchar(100) DEFAULT NULL,
  `announce_content` varchar(200) DEFAULT NULL,
  `createTime` datetime DEFAULT NULL,
  `announce_id` int(11) NOT NULL AUTO_INCREMENT,
  PRIMARY KEY (`announce_id`)
) ENGINE=InnoDB AUTO_INCREMENT=19 DEFAULT CHARSET=utf8;
/*!40101 SET character_set_client = @saved_cs_client */;

--
-- Dumping data for table `announcement`
--

LOCK TABLES `announcement` WRITE;
/*!40000 ALTER TABLE `announcement` DISABLE KEYS */;
INSERT INTO `announcement` VALUES (NULL,'【什么是“框”？】“一框”的意思就是“一碗”，比如一个寝室点4碗麻辣烫，只要点开4个框就行。再比如点轰炸鸡排，不同的人选择不同口味，也可以用框的功能来解决。【一餐易餐客服中心】 热线：691706','2013-09-11 22:51:09',16),(NULL,'为了保证广大用户的用餐速度，易餐即日起推出超时白吃体系。在您催单后40分钟内外卖没有送达，即可申请超时白吃。工作人员会在两个工作日内将款项交到您的手中，最高赔付金额为30元，一餐易餐，轻松订餐，急速外卖，超时白吃哦。详询：691706 (PS：一般订餐送达时间为20到40分钟，高峰期、雨天请提早订餐）【一餐易餐客服中心】','2013-09-12 15:24:19',18);
/*!40000 ALTER TABLE `announcement` ENABLE KEYS */;
UNLOCK TABLES;

--
-- Table structure for table `eachFoodSaleInfo`
--

DROP TABLE IF EXISTS `eachFoodSaleInfo`;
/*!40101 SET @saved_cs_client     = @@character_set_client */;
/*!40101 SET character_set_client = utf8 */;
CREATE TABLE `eachFoodSaleInfo` (
  `saleId` int(11) NOT NULL AUTO_INCREMENT,
  `buyerId` varchar(30) CHARACTER SET utf8 COLLATE utf8_bin NOT NULL,
  `storeId` int(11) NOT NULL,
  `university_id` int(11) NOT NULL,
  `createTime` datetime NOT NULL,
  `createDate` date NOT NULL,
  `confirmTime` datetime DEFAULT NULL,
  `sendTime` datetime DEFAULT NULL,
  `userReceivedTime` datetime DEFAULT NULL,
  `judgeTime` datetime DEFAULT NULL,
  `judgement` varchar(100) DEFAULT NULL,
  `score` int(11) DEFAULT NULL,
  `user_addr` varchar(100) NOT NULL,
  `user_l_tel` char(11) NOT NULL,
  `user_s_tel` char(6) DEFAULT NULL,
  `taste` varchar(200) DEFAULT NULL,
  `validity` char(1) DEFAULT '0',
  `cancel` char(1) DEFAULT '0',
  `cancel_post_time` datetime DEFAULT NULL,
  `cancel_deal_time` datetime DEFAULT NULL,
  `cancel_reason` varchar(200) DEFAULT NULL,
  `urgent` char(1) DEFAULT '0',
  `urgent_time` datetime DEFAULT NULL,
  `deal_urgent_time` datetime DEFAULT NULL,
  `pei` char(1) DEFAULT '0',
  `pei_time` datetime DEFAULT NULL,
  `deal_pei_time` datetime DEFAULT NULL,
  PRIMARY KEY (`saleId`),
  KEY `fk_univ_id` (`university_id`),
  KEY `fk_food_store_id` (`storeId`),
  CONSTRAINT `fk_food_store_id` FOREIGN KEY (`storeId`) REFERENCES `storeIntro` (`storeId`),
  CONSTRAINT `fk_univ_id` FOREIGN KEY (`university_id`) REFERENCES `schoolInfo` (`schoolId`)
) ENGINE=InnoDB AUTO_INCREMENT=7976 DEFAULT CHARSET=utf8;
/*!40101 SET character_set_client = @saved_cs_client */;

--
-- Dumping data for table `eachFoodSaleInfo`
--

LOCK TABLES `eachFoodSaleInfo` WRITE;
/*!40000 ALTER TABLE `eachFoodSaleInfo` DISABLE KEYS */;
INSERT INTO `eachFoodSaleInfo` VALUES (7777,'18817559017',11,7,'2013-08-25 18:34:32','2013-08-25','2013-08-30 20:38:55',NULL,NULL,NULL,NULL,NULL,'奉化','18817559017','',' 不要醋','1','0',NULL,NULL,NULL,'0',NULL,NULL,'0',NULL,NULL),(7778,'18817559017',11,7,'2013-08-25 18:50:36','2013-08-25','2013-08-30 20:39:00',NULL,NULL,NULL,NULL,NULL,'奉化','18817559017','',' 给点辣','1','0',NULL,NULL,NULL,'0',NULL,NULL,'0',NULL,NULL),(7779,'18815281997',11,9,'2013-08-27 10:10:02','2013-08-27','2013-08-30 20:41:37',NULL,NULL,NULL,NULL,NULL,'大兴公司','18815281997','',' 不辣 多点饭 不要醋','1','0',NULL,NULL,NULL,'0',NULL,NULL,'0',NULL,NULL),(7780,'18815281997',11,9,'2013-08-27 10:12:42','2013-08-27','2013-08-30 20:43:38',NULL,NULL,NULL,NULL,NULL,'大兴公司','18815281997','','','1','0',NULL,NULL,NULL,'0',NULL,NULL,'0',NULL,NULL),(7781,'18817559017',11,9,'2013-08-27 11:07:19','2013-08-27','2013-08-30 20:49:48',NULL,NULL,NULL,NULL,NULL,'大兴公司','18817559017','短号(可选)','要啥口味','1','0',NULL,NULL,NULL,'0',NULL,NULL,'0',NULL,NULL),(7782,'18817559017',11,9,'2013-08-27 11:10:28','2013-08-27',NULL,NULL,NULL,NULL,NULL,NULL,'大兴公司','18817559017','短号(可选)','要啥口味','1','0',NULL,NULL,NULL,'0',NULL,NULL,'0',NULL,NULL),(7783,'18817559017',11,9,'2013-08-27 11:46:17','2013-08-27',NULL,NULL,NULL,NULL,NULL,NULL,'大兴公司','18817559017','','','1','0',NULL,NULL,NULL,'0',NULL,NULL,'0',NULL,NULL),(7784,'18817559017',11,7,'2013-08-27 12:29:28','2013-08-27',NULL,NULL,NULL,NULL,NULL,NULL,'大兴公司','18817559017','短号(可选)','要啥口味','1','0',NULL,NULL,NULL,'0',NULL,NULL,'0',NULL,NULL),(7785,'18817559017',11,7,'2013-08-27 13:51:23','2013-08-27',NULL,NULL,NULL,NULL,NULL,NULL,'交大','18817559017','','','1','0',NULL,NULL,NULL,'0',NULL,NULL,'0',NULL,NULL),(7786,'罗大兴罗大兴',11,7,'2013-08-27 13:53:36','2013-08-27',NULL,NULL,NULL,NULL,NULL,NULL,'交大','18817559017','','要啥口味','1','0',NULL,NULL,NULL,'0',NULL,NULL,'0',NULL,NULL),(7787,'18817559017',11,7,'2013-08-27 14:11:27','2013-08-27',NULL,NULL,NULL,NULL,NULL,NULL,'aa','18817559017','','','1','0',NULL,NULL,NULL,'0',NULL,NULL,'0',NULL,NULL),(7788,'罗大兴罗大兴',11,7,'2013-08-27 14:12:31','2013-08-27',NULL,NULL,NULL,NULL,NULL,NULL,'aa','18817559017','','','1','0',NULL,NULL,NULL,'0',NULL,NULL,'0',NULL,NULL),(7789,'18817559017',11,7,'2013-08-27 14:15:16','2013-08-27',NULL,NULL,NULL,NULL,NULL,NULL,'aa','18817559017','','','1','0',NULL,NULL,NULL,'0',NULL,NULL,'0',NULL,NULL),(7790,'罗大兴罗大兴',11,7,'2013-08-27 14:25:31','2013-08-27',NULL,NULL,NULL,NULL,NULL,NULL,'aa','18817559017','','','1','0',NULL,NULL,NULL,'0',NULL,NULL,'0',NULL,NULL),(7791,'18815281706',11,7,'2013-08-28 11:17:35','2013-08-28',NULL,NULL,NULL,NULL,NULL,NULL,'本部公寓4号楼201','18815281706','短号(可选)','要啥口味','1','0',NULL,NULL,NULL,'0',NULL,NULL,'0',NULL,NULL),(7792,'18817559017',11,7,'2013-08-28 14:39:44','2013-08-28',NULL,NULL,NULL,NULL,NULL,NULL,'本部','18817559017','',' 给点辣','1','0',NULL,NULL,NULL,'0',NULL,NULL,'0',NULL,NULL),(7793,'18815281997',11,7,'2013-08-29 10:54:35','2013-08-29',NULL,NULL,NULL,NULL,NULL,NULL,'大兴公司','18815281997','',' 多点汤','1','0',NULL,NULL,NULL,'0',NULL,NULL,'0',NULL,NULL),(7794,'18815281997',11,7,'2013-08-29 14:36:02','2013-08-29',NULL,NULL,NULL,NULL,NULL,NULL,'本部4','18815281997','','多加米','1','0',NULL,NULL,NULL,'0',NULL,NULL,'0',NULL,NULL),(7795,'18815281997',2,7,'2013-08-30 11:40:39','2013-08-30',NULL,NULL,NULL,NULL,NULL,NULL,'本部公寓4#201','18815281997','671997',' 多点饭','1','0',NULL,NULL,NULL,'0',NULL,NULL,'0',NULL,NULL),(7796,'18815281997',11,7,'2013-08-30 18:48:37','2013-08-30',NULL,NULL,NULL,NULL,NULL,NULL,'大兴公司','18815281997','','','1','0',NULL,NULL,NULL,'0',NULL,NULL,'0',NULL,NULL),(7797,'18815281997',11,7,'2013-08-30 19:28:38','2013-08-30',NULL,NULL,NULL,NULL,NULL,NULL,'本部','18815281997','671997','','1','0',NULL,NULL,NULL,'0',NULL,NULL,'0',NULL,NULL),(7798,'18815281997',11,7,'2013-08-30 19:35:35','2013-08-30',NULL,NULL,NULL,NULL,NULL,NULL,'本部公寓4#201','18815281997','671997','','1','0',NULL,NULL,NULL,'0',NULL,NULL,'0',NULL,NULL),(7799,'15267004674',11,7,'2013-08-30 20:33:34','2013-08-30',NULL,NULL,NULL,NULL,NULL,NULL,'浙江大学','15267004674','',' 多点汤','1','0',NULL,NULL,NULL,'0',NULL,NULL,'0',NULL,NULL),(7800,'18815281706',11,7,'2013-08-31 09:56:56','2013-08-31',NULL,NULL,NULL,NULL,NULL,NULL,'本','18815281706','','','1','0',NULL,NULL,NULL,'0',NULL,NULL,'0',NULL,NULL),(7801,'18815281706',2,7,'2013-08-31 10:41:16','2013-08-31',NULL,NULL,NULL,NULL,NULL,NULL,'本部公寓4#201','18815281706','691706',' 多点饭 不辣','1','0',NULL,NULL,NULL,'0',NULL,NULL,'0',NULL,NULL),(7802,'18815283055',1,7,'2013-08-31 10:41:43','2013-08-31',NULL,NULL,NULL,NULL,NULL,NULL,'本部公寓4号楼','18815283055','643055','微辣，其中一份酸辣粉多加醋','1','0',NULL,NULL,NULL,'0',NULL,NULL,'0',NULL,NULL),(7803,'15757821442',19,9,'2013-08-31 11:11:15','2013-08-31','2013-09-06 17:12:53',NULL,NULL,NULL,NULL,NULL,'2村2号楼501','15757821442','661442','不辣，面里面加香菜','1','0',NULL,NULL,NULL,'0',NULL,NULL,'0',NULL,NULL),(7804,'18815283055',2,7,'2013-08-31 11:18:34','2013-08-31',NULL,NULL,NULL,NULL,NULL,NULL,'本部公寓四号楼201','18815283055','643055','','1','0',NULL,NULL,NULL,'0',NULL,NULL,'0',NULL,NULL),(7805,'18815281706',13,7,'2013-08-31 15:34:50','2013-08-31',NULL,NULL,NULL,NULL,NULL,NULL,'本部公寓4#201','18815281706','691706','冰的','1','0',NULL,NULL,NULL,'0',NULL,NULL,'0',NULL,NULL),(7806,'18815283055',5,7,'2013-08-31 17:40:05','2013-08-31',NULL,NULL,NULL,NULL,NULL,NULL,'宁大本部公寓4号楼201','18815283055','673055','','1','0',NULL,NULL,NULL,'0',NULL,NULL,'0',NULL,NULL),(7807,'18815283055',11,7,'2013-08-31 17:42:17','2013-08-31',NULL,NULL,NULL,NULL,NULL,NULL,'本部公寓4号楼','18815283055','643055','','1','0',NULL,NULL,NULL,'0',NULL,NULL,'0',NULL,NULL),(7808,'18815283055',11,7,'2013-08-31 19:33:49','2013-08-31',NULL,NULL,NULL,NULL,NULL,NULL,'本部公寓4号楼','18815283055','643055','','1','0',NULL,NULL,NULL,'0',NULL,NULL,'0',NULL,NULL),(7809,'18815283055',11,7,'2013-08-31 19:35:36','2013-08-31',NULL,NULL,NULL,NULL,NULL,NULL,'本部公寓4号楼','18815283055','643055','','1','0',NULL,NULL,NULL,'0',NULL,NULL,'0',NULL,NULL),(7810,'15067451111',19,8,'2013-08-31 20:08:04','2013-08-31',NULL,NULL,NULL,NULL,NULL,NULL,'宁波大学西校区4号楼404','15067451111','','','1','0',NULL,NULL,NULL,'0',NULL,NULL,'0',NULL,NULL),(7811,'18815283055',11,7,'2013-08-31 20:23:01','2013-08-31',NULL,NULL,NULL,NULL,NULL,NULL,'本部公寓4号楼','18815283055','643055','','1','0',NULL,NULL,NULL,'0',NULL,NULL,'0',NULL,NULL),(7812,'18815281706',4,7,'2013-09-01 11:38:19','2013-09-01',NULL,NULL,NULL,NULL,NULL,NULL,'本部公寓4号楼','18815281706','691706','','2','3','2013-09-01 16:39:28','2013-09-01 16:40:21','未收到短信','0',NULL,NULL,'0',NULL,NULL),(7813,'18815281706',8,7,'2013-09-01 11:38:20','2013-09-01',NULL,NULL,NULL,NULL,NULL,NULL,'本部公寓4号楼','18815281706','691706','','1','0',NULL,NULL,NULL,'0',NULL,NULL,'0',NULL,NULL),(7814,'18815281706',4,7,'2013-09-01 12:07:38','2013-09-01',NULL,NULL,NULL,NULL,NULL,NULL,'本部公寓4号楼','18815281706','691706','','1','0',NULL,NULL,NULL,'0',NULL,NULL,'0',NULL,NULL),(7815,'18815282659',2,7,'2013-09-01 17:31:45','2013-09-01',NULL,NULL,NULL,NULL,NULL,NULL,' 南门公寓1号楼','18815282659','','','1','0',NULL,NULL,NULL,'0',NULL,NULL,'0',NULL,NULL),(7816,'18815281706',8,7,'2013-09-01 17:53:22','2013-09-01',NULL,NULL,NULL,'2013-09-02 14:11:17','%E9%A3%9E%E4%B8%80%E6%A0%B7',5,'本部公寓4号楼','18815281706','691706','','1','0',NULL,NULL,NULL,'0',NULL,NULL,'0',NULL,NULL),(7817,'18815283055',2,7,'2013-09-01 18:28:24','2013-09-01',NULL,NULL,NULL,NULL,NULL,NULL,'南门2号楼231','18815283055','643055','','1','0',NULL,NULL,NULL,'0',NULL,NULL,'0',NULL,NULL),(7818,'18815282583',8,7,'2013-09-02 10:51:36','2013-09-02',NULL,NULL,NULL,NULL,NULL,NULL,'本部公寓12号楼','18815282583','612583',' 多点饭','1','0',NULL,NULL,NULL,'0',NULL,NULL,'0',NULL,NULL),(7819,'18815283055',4,7,'2013-09-02 11:03:21','2013-09-02',NULL,NULL,NULL,NULL,NULL,NULL,'宁波大学本部四号楼201','18815283055','643055','','1','0',NULL,NULL,NULL,'0',NULL,NULL,'0',NULL,NULL),(7820,'18815281706',11,7,'2013-09-02 16:20:26','2013-09-02',NULL,NULL,NULL,NULL,NULL,NULL,'本部公寓4号楼','18815281706','691706',' 多点汤','2','3','2013-09-03 10:04:45','2013-09-03 10:07:43','韩国','0',NULL,NULL,'0',NULL,NULL),(7821,'18815281706',20,7,'2013-09-02 17:23:09','2013-09-02',NULL,NULL,NULL,NULL,NULL,NULL,'本部公寓4号楼201','18815281706','691706','','1','0',NULL,NULL,NULL,'0',NULL,NULL,'0',NULL,NULL),(7822,'18815283109',8,7,'2013-09-02 18:17:26','2013-09-02',NULL,NULL,NULL,NULL,NULL,NULL,'南门2#231','18815283109','673109','','1','0',NULL,NULL,NULL,'0',NULL,NULL,'0',NULL,NULL),(7823,'18815283055',8,7,'2013-09-03 11:30:06','2013-09-03',NULL,NULL,NULL,'2013-09-06 22:44:32','%E9%A3%9E%E4%B8%80%E6%A0%B7',5,'本部公寓4号楼','18815283055','643055','','1','0',NULL,NULL,NULL,'0','2013-09-07 10:42:21','2013-09-07 10:43:10','0',NULL,NULL),(7824,'zhonglu3916',8,7,'2013-09-03 16:21:55','2013-09-03',NULL,NULL,NULL,'2013-09-04 17:03:57','%E6%AF%94%E8%BE%83%E5%BF%AB',4,'甬江外夏56号 友谊超市楼上','15255175051','',' 要汤不要饮料 加辣  多加点米饭','1','0',NULL,NULL,NULL,'0',NULL,NULL,'0',NULL,NULL),(7825,'zhonglu3916',20,7,'2013-09-04 11:08:02','2013-09-04',NULL,NULL,NULL,'2013-09-04 17:03:47','%E6%AF%94%E8%BE%83%E5%BF%AB',4,'甬江外夏56号 友谊超市楼上','15255175051','','加辣  多点饭','1','0',NULL,NULL,NULL,'0',NULL,NULL,'0',NULL,NULL),(7826,'zhonglu3916',20,7,'2013-09-04 17:03:35','2013-09-04',NULL,NULL,NULL,NULL,NULL,NULL,'甬江外夏56号 友谊超市楼上','15255175051','',' 多加点辣 多点饭','1','0',NULL,NULL,NULL,'0',NULL,NULL,'0',NULL,NULL),(7827,'zhonglu3916',20,7,'2013-09-05 10:56:43','2013-09-05',NULL,NULL,NULL,NULL,NULL,NULL,'甬江外夏56号 友谊超市楼上','15255175051','',' 多点饭','1','0',NULL,NULL,NULL,'0',NULL,NULL,'0',NULL,NULL),(7828,'18815282701',8,7,'2013-09-05 10:58:40','2013-09-05',NULL,NULL,NULL,NULL,NULL,NULL,'南门公寓四号楼433','18815282701','692701','辣','1','0',NULL,NULL,NULL,'0',NULL,NULL,'0',NULL,NULL),(7829,'zhonglu3916',20,7,'2013-09-05 16:50:40','2013-09-05',NULL,NULL,NULL,NULL,NULL,NULL,'甬江外夏56号 友谊超市楼上','15255175051','',' 给点辣 多点饭','1','0',NULL,NULL,NULL,'0',NULL,NULL,'0',NULL,NULL),(7830,'zhonglu3916',20,7,'2013-09-06 10:58:55','2013-09-06',NULL,NULL,NULL,NULL,NULL,NULL,'甬江外夏56号 友谊超市楼上','15255175051','',' 多点饭','1','0',NULL,NULL,NULL,'0',NULL,NULL,'0',NULL,NULL),(7831,'大包子吃小包子',4,7,'2013-09-06 11:56:24','2013-09-06',NULL,NULL,NULL,NULL,NULL,NULL,'本部公寓4号','18815283646','653646','多点饭','1','0',NULL,NULL,NULL,'0',NULL,NULL,'0',NULL,NULL),(7832,'18815281997',6,7,'2013-09-06 12:15:24','2013-09-06',NULL,NULL,NULL,NULL,NULL,NULL,'本部公寓4#201','18815281997','671997','','1','0',NULL,NULL,NULL,'0',NULL,NULL,'0',NULL,NULL),(7833,'18815281326',12,7,'2013-09-06 16:11:51','2013-09-06',NULL,NULL,NULL,'2013-09-07 11:24:53','',5,'宁波大学本部公寓4#201','18815281326','69126',' 不辣','1','0',NULL,NULL,NULL,'0','2013-09-07 11:26:25','2013-09-07 21:40:50','0',NULL,NULL),(7834,'18815281997',16,7,'2013-09-06 16:27:31','2013-09-06','2013-09-07 19:08:42',NULL,NULL,NULL,NULL,NULL,'宁波大学西门','18815281997','','预定','1','0',NULL,NULL,NULL,'0',NULL,NULL,'0',NULL,NULL),(7835,'18815289851',19,9,'2013-09-06 16:45:51','2013-09-06','2013-09-06 17:13:06',NULL,NULL,NULL,NULL,NULL,'二村八号楼126','18815289851','679851',' 给点点辣','1','0',NULL,NULL,NULL,'0',NULL,NULL,'0',NULL,NULL),(7836,'zhonglu3916',20,7,'2013-09-06 16:59:15','2013-09-06',NULL,NULL,NULL,NULL,NULL,NULL,'甬江外夏56号 友谊超市楼上','15255175051','',' 给点辣 多点饭','1','0',NULL,NULL,NULL,'0',NULL,NULL,'0',NULL,NULL),(7837,'18815283055',8,7,'2013-09-06 17:12:04','2013-09-06',NULL,NULL,NULL,NULL,NULL,NULL,'本部公寓四号楼','18815283055','643055','','1','0',NULL,NULL,NULL,'0',NULL,NULL,'0',NULL,NULL),(7838,'18815280659',1,7,'2013-09-06 17:25:07','2013-09-06',NULL,NULL,NULL,NULL,NULL,NULL,'本部公寓四号楼','18815280659','690659','','1','0',NULL,NULL,NULL,'0',NULL,NULL,'0',NULL,NULL),(7839,'chenlan1992com@sina.com',6,7,'2013-09-06 18:14:32','2013-09-06',NULL,NULL,NULL,NULL,NULL,NULL,'本部公寓11#','13486038841','528841','馄炖里加点辣椒，蒸饺要醋，满10元要送沙冰的啊，中午买了22.5都没有送~~~','1','0',NULL,NULL,NULL,'0',NULL,NULL,'0',NULL,NULL),(7840,'18815284302',2,7,'2013-09-06 18:23:15','2013-09-06',NULL,NULL,NULL,NULL,NULL,NULL,'南门公寓3号楼','18815284302','684302','鸡丁加孜然，饭多放些汁','1','0',NULL,NULL,NULL,'0',NULL,NULL,'0',NULL,NULL),(7841,'18815281997',31,7,'2013-09-06 19:28:06','2013-09-06',NULL,NULL,NULL,NULL,NULL,NULL,'本部公寓2号楼301','18815281997','188152','','1','0',NULL,NULL,NULL,'0',NULL,NULL,'0',NULL,NULL),(7842,'18815281997',11,7,'2013-09-06 21:18:59','2013-09-06',NULL,NULL,NULL,NULL,NULL,NULL,'benbu','18815281997','671997','','1','0',NULL,NULL,NULL,'0',NULL,NULL,'0',NULL,NULL),(7843,'18815281997',11,7,'2013-09-06 21:20:47','2013-09-06',NULL,NULL,NULL,NULL,NULL,NULL,'benbu','18815281997','671997','','1','0',NULL,NULL,NULL,'0',NULL,NULL,'0',NULL,NULL),(7844,'18815281997',11,7,'2013-09-06 21:20:57','2013-09-06',NULL,NULL,NULL,NULL,NULL,NULL,'大兴公司罗镭','18815281997','','','1','0',NULL,NULL,NULL,'0',NULL,NULL,'0',NULL,NULL),(7845,'15267004674',11,7,'2013-09-06 22:58:14','2013-09-06',NULL,NULL,NULL,'2013-09-06 22:58:43','%E6%AF%94%E8%BE%83%E5%BF%AB',4,'浙大','15267004674','','','1','0',NULL,NULL,NULL,'0','2013-09-07 15:48:19','2013-09-07 15:51:08','0',NULL,NULL),(7846,'15267004674',3,7,'2013-09-06 23:10:26','2013-09-06',NULL,NULL,NULL,'2013-09-06 23:10:32','%B1%C8%BD%CF%BF%EC',4,'qweqwe','15267004674','','','1','0',NULL,NULL,NULL,'0',NULL,NULL,'0',NULL,NULL),(7847,'18815283005',30,7,'2013-09-07 10:25:43','2013-09-07',NULL,NULL,NULL,NULL,NULL,NULL,'南门公寓2号楼','18815283005','683005','','1','0',NULL,NULL,NULL,'0',NULL,NULL,'0',NULL,NULL),(7848,'18968242210',11,7,'2013-09-07 10:27:46','2013-09-07',NULL,NULL,NULL,NULL,NULL,NULL,'大兴公司','18968242210','','','1','0',NULL,NULL,NULL,'0','2013-09-07 10:48:04','2013-09-07 10:48:10','0',NULL,NULL),(7849,'小白白白白白',18,9,'2013-09-07 10:38:48','2013-09-07',NULL,NULL,NULL,'2013-09-07 12:11:47','嘉盛银座的农嫂',3,'宁大二村9号楼','13429322102','642102','装点醋','1','0',NULL,NULL,NULL,'0',NULL,NULL,'0',NULL,NULL),(7850,'zhonglu3916',20,7,'2013-09-07 10:38:58','2013-09-07',NULL,NULL,NULL,NULL,NULL,NULL,'甬江外夏56号 友谊超市楼上','15255175051','','加辣 多点饭','1','0',NULL,NULL,NULL,'0',NULL,NULL,'0',NULL,NULL),(7851,'losingace',30,7,'2013-09-07 10:56:42','2013-09-07',NULL,NULL,NULL,'2013-09-08 12:24:01','比较快',4,'本部公寓1号楼','15757826584','666584','不辣  多饭  牛肉要方块','1','0',NULL,NULL,NULL,'0',NULL,NULL,'0',NULL,NULL),(7852,'212212212',2,7,'2013-09-07 11:15:26','2013-09-07',NULL,NULL,NULL,NULL,NULL,NULL,'甬江公寓3号楼','15757826496','676496',' 不辣','1','0',NULL,NULL,NULL,'0',NULL,NULL,'0',NULL,NULL),(7853,'18815280659',30,7,'2013-09-07 11:21:38','2013-09-07',NULL,NULL,NULL,NULL,NULL,NULL,'本部公寓4号楼201室','18815280659','690659','多点饭','1','0',NULL,NULL,NULL,'0',NULL,NULL,'0',NULL,NULL),(7854,'18815283055',17,7,'2013-09-07 11:46:22','2013-09-07',NULL,NULL,NULL,NULL,NULL,NULL,'本部公寓4号楼','18815283055','643055','','1','0',NULL,NULL,NULL,'0',NULL,NULL,'0',NULL,NULL),(7855,'18815280651',29,7,'2013-09-07 11:49:56','2013-09-07',NULL,NULL,NULL,NULL,NULL,NULL,'本部公寓9号楼','18815280651','640651',' 给点辣','1','0',NULL,NULL,NULL,'0',NULL,NULL,'0',NULL,NULL),(7856,'18815289851',18,8,'2013-09-07 11:55:11','2013-09-07',NULL,NULL,NULL,NULL,NULL,NULL,'二村8号楼126','18815289851','679851','','1','0',NULL,NULL,NULL,'0','2013-09-07 12:47:53','2013-09-07 17:03:14','0',NULL,NULL),(7857,'18815280659',11,7,'2013-09-07 11:55:44','2013-09-07',NULL,NULL,NULL,NULL,NULL,NULL,'本部公寓4号楼201室','18815280659','690659','','1','0',NULL,NULL,NULL,'0',NULL,NULL,'0',NULL,NULL),(7858,'15757821442',12,9,'2013-09-07 12:20:32','2013-09-07',NULL,NULL,NULL,NULL,NULL,NULL,'2村2号楼507','15757821442','661442','加芝士','1','0',NULL,NULL,NULL,'0','2013-09-07 12:42:38','2013-09-07 21:41:42','0',NULL,NULL),(7859,'18815289851',2,8,'2013-09-07 12:55:39','2013-09-07',NULL,NULL,NULL,NULL,NULL,NULL,'二村8号楼126','18815289851','679851','','1','0',NULL,NULL,NULL,'0',NULL,NULL,'0',NULL,NULL),(7860,'18815282453',2,9,'2013-09-07 13:05:22','2013-09-07',NULL,NULL,NULL,NULL,NULL,NULL,'东门公寓437','18815282453','672453',' 不辣 多点汤','1','0',NULL,NULL,NULL,'0',NULL,NULL,'0',NULL,NULL),(7861,'bingleishushi',17,7,'2013-09-07 13:49:02','2013-09-07',NULL,NULL,NULL,NULL,NULL,NULL,'宁波大学甬江公寓1号楼','15757826583','656583','','1','0',NULL,NULL,NULL,'0',NULL,NULL,'0',NULL,NULL),(7862,'15869331005',21,9,'2013-09-07 15:24:18','2013-09-07',NULL,NULL,NULL,NULL,NULL,NULL,'新浪网吧3楼48号','15869331005','','','1','0',NULL,NULL,NULL,'0',NULL,NULL,'0',NULL,NULL),(7863,'losingace',30,7,'2013-09-07 16:20:24','2013-09-07',NULL,NULL,NULL,'2013-09-08 12:23:48','飞一样',5,'本部公寓1号楼','15757826584','666584','微辣  多肉（中午定的肉都没得。。。）','1','0',NULL,NULL,NULL,'0','2013-09-07 17:10:41','2013-09-08 11:30:58','0',NULL,NULL),(7864,'18815282583',1,7,'2013-09-07 16:52:26','2013-09-07',NULL,NULL,NULL,'2013-09-07 17:47:52','有点不耐烦',2,'本部公寓12#','18815282583','612583',' 给点辣 多点汤','1','0',NULL,NULL,NULL,'0','2013-09-07 18:17:25','2013-09-08 11:31:01','0',NULL,NULL),(7865,'zhonglu3916',20,7,'2013-09-07 17:05:52','2013-09-07',NULL,NULL,NULL,NULL,NULL,NULL,'甬江外夏56号 友谊超市楼上','15255175051','','加卤蛋  加辣 多点饭','1','0',NULL,NULL,NULL,'0',NULL,NULL,'0',NULL,NULL),(7866,'lllzzc',2,7,'2013-09-07 18:36:35','2013-09-07',NULL,NULL,NULL,NULL,NULL,NULL,'南门公寓3号楼','18815284302','684302','','1','0',NULL,NULL,NULL,'0',NULL,NULL,'0',NULL,NULL),(7867,'15267004674',11,7,'2013-09-07 20:33:19','2013-09-07',NULL,NULL,NULL,NULL,NULL,NULL,'浙大','15267004674','','','1','0',NULL,NULL,NULL,'0','2013-09-07 21:29:49','2013-09-07 21:42:35','0',NULL,NULL),(7868,'蛋蛋女神212',37,7,'2013-09-07 21:43:59','2013-09-07',NULL,NULL,NULL,NULL,NULL,NULL,'甬江公寓3号楼','15757826419','656419',' 多点汤','1','0',NULL,NULL,NULL,'0','2013-09-07 22:50:23','2013-09-08 11:31:04','0',NULL,NULL),(7869,'15267004674',11,7,'2013-09-08 00:11:53','2013-09-08',NULL,NULL,NULL,NULL,NULL,NULL,'浙大','15267004674','','','1','0',NULL,NULL,NULL,'0',NULL,NULL,'0',NULL,NULL),(7870,'chenke1234',17,7,'2013-09-08 11:34:01','2013-09-08',NULL,NULL,NULL,NULL,NULL,NULL,'甬江2号楼','15757827689','667689','','1','0',NULL,NULL,NULL,'0',NULL,NULL,'0',NULL,NULL),(7871,'zhonglu3916',20,7,'2013-09-08 11:39:09','2013-09-08',NULL,NULL,NULL,NULL,NULL,NULL,'甬江外夏56号 友谊超市楼上','15255175051','',' 多点饭','1','0',NULL,NULL,NULL,'0',NULL,NULL,'0',NULL,NULL),(7872,'losingace',32,7,'2013-09-08 11:41:53','2013-09-08',NULL,NULL,NULL,'2013-09-08 13:12:56','还好',3,'本部公寓1号楼','15757826584','666584','','1','0',NULL,NULL,NULL,'0',NULL,NULL,'0',NULL,NULL),(7873,'bingleishushi',31,7,'2013-09-08 11:51:31','2013-09-08',NULL,NULL,NULL,NULL,NULL,NULL,'甬江公寓1号楼','15757826583','656583','','1','0',NULL,NULL,NULL,'0',NULL,NULL,'0',NULL,NULL),(7874,'18815283719',8,7,'2013-09-08 11:58:53','2013-09-08',NULL,NULL,NULL,NULL,NULL,NULL,'甬江公寓1号楼','18815283719','663719',' 多点饭 给点辣 多点汤','1','0',NULL,NULL,NULL,'0',NULL,NULL,'0',NULL,NULL),(7875,'15757825572',32,7,'2013-09-08 12:29:05','2013-09-08',NULL,NULL,NULL,NULL,NULL,NULL,'甬江公寓2号楼 107','15757825572','665572',' 不辣','1','0',NULL,NULL,NULL,'0','2013-09-08 13:13:21','2013-09-08 13:56:51','0',NULL,NULL),(7876,'蛋蛋女神212',37,7,'2013-09-08 12:44:34','2013-09-08',NULL,NULL,NULL,NULL,NULL,NULL,'甬江公寓3号楼','15757826419','656419',' 多点汤 第一框给点辣，第二框不要','1','0',NULL,NULL,NULL,'0','2013-09-08 13:21:13','2013-09-08 13:56:54','0',NULL,NULL),(7877,'jbh1992',12,7,'2013-09-08 15:53:02','2013-09-08',NULL,NULL,NULL,NULL,NULL,NULL,'宁波大学本部公寓2#602','18815281034','661034','','1','0',NULL,NULL,NULL,'0',NULL,NULL,'0',NULL,NULL),(7878,'losingace',32,7,'2013-09-08 16:59:23','2013-09-08',NULL,NULL,NULL,NULL,NULL,NULL,'本部公寓1号','15757826584','666584','多点饭','1','0',NULL,NULL,NULL,'0',NULL,NULL,'0',NULL,NULL),(7879,'15757825834',30,7,'2013-09-08 17:13:36','2013-09-08',NULL,NULL,NULL,NULL,NULL,NULL,'甬江1号楼','15757825834','665843','','1','0',NULL,NULL,NULL,'0',NULL,NULL,'0',NULL,NULL),(7880,'zhonglu3916',20,7,'2013-09-08 17:25:06','2013-09-08',NULL,NULL,NULL,NULL,NULL,NULL,'甬江外夏56号 友谊超市楼上','15255175051','','加个卤蛋  给点辣 多点饭 ','1','0',NULL,NULL,NULL,'0',NULL,NULL,'0',NULL,NULL),(7881,'chenke1234',8,7,'2013-09-08 17:28:46','2013-09-08',NULL,NULL,NULL,NULL,NULL,NULL,'甬江2号楼','15757827689','667689','','1','0',NULL,NULL,NULL,'0',NULL,NULL,'0',NULL,NULL),(7882,'18815284001',1,7,'2013-09-08 17:44:31','2013-09-08',NULL,NULL,NULL,NULL,NULL,NULL,'宁波大学甬江公寓1号楼','18815284001','684001',' 给点辣','1','0',NULL,NULL,NULL,'0',NULL,NULL,'0',NULL,NULL),(7883,'18815283719',32,7,'2013-09-08 17:44:54','2013-09-08',NULL,NULL,NULL,NULL,NULL,NULL,'甬江公寓1号楼','18815283719','663719',' 多点饭 多点汤','1','0',NULL,NULL,NULL,'0',NULL,NULL,'0',NULL,NULL),(7884,'18815289851',2,8,'2013-09-08 18:00:35','2013-09-08',NULL,NULL,NULL,NULL,NULL,NULL,'二村8号楼126','18815289851','679851','','1','0',NULL,NULL,NULL,'0',NULL,NULL,'0',NULL,NULL),(7885,'15267004674',11,7,'2013-09-08 21:02:10','2013-09-08',NULL,NULL,NULL,NULL,NULL,NULL,'浙大','15267004674','','朱','1','0',NULL,NULL,NULL,'0',NULL,NULL,'0',NULL,NULL),(7886,'18815280659',8,7,'2013-09-09 10:55:32','2013-09-09',NULL,NULL,NULL,NULL,NULL,NULL,'本部公寓4号楼201室','18815280659','690659','','1','0',NULL,NULL,NULL,'0',NULL,NULL,'0',NULL,NULL),(7887,'18815281706',28,7,'2013-09-09 11:04:58','2013-09-09',NULL,NULL,NULL,NULL,NULL,NULL,'本部公寓4号楼','18815281706','691706','','1','0',NULL,NULL,NULL,'0',NULL,NULL,'0',NULL,NULL),(7888,'hailing0207',2,7,'2013-09-09 11:07:10','2013-09-09',NULL,NULL,NULL,NULL,NULL,NULL,'本部公寓13号楼','13655885439','585439',' 多点汤 给点辣','1','0',NULL,NULL,NULL,'0',NULL,NULL,'0',NULL,NULL),(7889,'13429329077',2,7,'2013-09-09 11:08:50','2013-09-09',NULL,NULL,NULL,NULL,NULL,NULL,'南门公寓三号楼','13429329077','529077','多点饭','1','0',NULL,NULL,NULL,'0',NULL,NULL,'0',NULL,NULL),(7890,'15757827694',4,7,'2013-09-09 11:09:02','2013-09-09',NULL,NULL,NULL,NULL,NULL,NULL,'甬江2号楼','15757827694','687694','','1','0',NULL,NULL,NULL,'0',NULL,NULL,'0',NULL,NULL),(7891,'18815280906',20,7,'2013-09-09 11:11:18','2013-09-09',NULL,NULL,NULL,NULL,NULL,NULL,'宁波大学甬江公寓2号楼','18815280906','690906','','1','0',NULL,NULL,NULL,'0','2013-09-09 11:49:03','2013-09-09 21:38:32','0',NULL,NULL),(7892,'zhonglu3916',20,7,'2013-09-09 11:32:57','2013-09-09',NULL,NULL,NULL,NULL,NULL,NULL,'甬江外夏56号 友谊超市楼上','15255175051','','加辣 多点饭','1','0',NULL,NULL,NULL,'0',NULL,NULL,'0',NULL,NULL),(7893,'18815282747',2,7,'2013-09-09 12:08:38','2013-09-09',NULL,NULL,NULL,NULL,NULL,NULL,'本部公寓12号楼','18815282747','682747','多点辣','1','0',NULL,NULL,NULL,'0',NULL,NULL,'0',NULL,NULL),(7894,'chenke1234',4,7,'2013-09-09 13:07:50','2013-09-09',NULL,NULL,NULL,NULL,NULL,NULL,'甬江2号楼','15757827689','667689','多点饭','1','0',NULL,NULL,NULL,'0',NULL,NULL,'0',NULL,NULL),(7895,'212212212',37,7,'2013-09-09 16:57:57','2013-09-09',NULL,NULL,NULL,NULL,NULL,NULL,'甬江公寓3号楼','15757826496','676496','不辣','1','0',NULL,NULL,NULL,'0',NULL,NULL,'0',NULL,NULL),(7896,'zhonglu3916',20,7,'2013-09-09 17:03:22','2013-09-09',NULL,NULL,NULL,NULL,NULL,NULL,'甬江外夏56号 友谊超市楼上','15255175051','','加辣 多点饭','1','0',NULL,NULL,NULL,'0',NULL,NULL,'0',NULL,NULL),(7897,'18815281706',22,7,'2013-09-09 17:05:17','2013-09-09',NULL,NULL,NULL,NULL,NULL,NULL,'本部公寓4号楼','18815281706','691706','','1','0',NULL,NULL,NULL,'0',NULL,NULL,'0',NULL,NULL),(7898,'18815281706',8,7,'2013-09-09 17:09:35','2013-09-09',NULL,NULL,NULL,'2013-09-11 10:59:44','挺快的',5,'本部公寓4号楼','18815281706','691706','','1','0',NULL,NULL,NULL,'0',NULL,NULL,'0',NULL,NULL),(7899,'蛋蛋女神212',28,7,'2013-09-09 18:47:38','2013-09-09',NULL,NULL,NULL,'2013-09-09 19:31:38','飞一样',5,'甬江公寓3号楼','15757826419','656419','','1','0',NULL,NULL,NULL,'0',NULL,NULL,'0',NULL,NULL),(7900,'18815281997',37,7,'2013-09-09 22:52:11','2013-09-09',NULL,NULL,NULL,NULL,NULL,NULL,'本部公寓4号201 ','18815281997','671997','要蒜和醋','1','0',NULL,NULL,NULL,'0',NULL,NULL,'0',NULL,NULL),(7901,'18815281997',11,7,'2013-09-10 08:43:44','2013-09-10',NULL,NULL,NULL,NULL,NULL,NULL,'sha','18815281997','',' 多点汤','1','0',NULL,NULL,NULL,'0',NULL,NULL,'0',NULL,NULL),(7902,'zhonglu3916',20,7,'2013-09-10 10:25:17','2013-09-10',NULL,NULL,NULL,NULL,NULL,NULL,'甬江外夏56号 友谊超市楼上','15255175051','','加辣 多点饭','1','0',NULL,NULL,NULL,'0',NULL,NULL,'0',NULL,NULL),(7903,'18815280906',2,7,'2013-09-10 10:54:56','2013-09-10',NULL,NULL,NULL,NULL,NULL,NULL,'甬江公寓2号楼','18815280906','690906','','1','0',NULL,NULL,NULL,'0',NULL,NULL,'0',NULL,NULL),(7904,'13655885439',8,7,'2013-09-10 10:59:22','2013-09-10',NULL,NULL,NULL,NULL,NULL,NULL,'本部公寓13号楼','13655885439','585439','','1','0',NULL,NULL,NULL,'0',NULL,NULL,'0',NULL,NULL),(7905,'ccccclnn',4,7,'2013-09-10 11:12:06','2013-09-10',NULL,NULL,NULL,NULL,NULL,NULL,'南门公寓三号楼','13429329077','529077','','1','0',NULL,NULL,NULL,'0','2013-09-10 12:16:01','2013-09-10 17:07:08','0',NULL,NULL),(7906,'18815281997',37,7,'2013-09-10 11:33:31','2013-09-10',NULL,NULL,NULL,NULL,NULL,NULL,'本部公寓4#201','18815281997','','','1','0',NULL,NULL,NULL,'0',NULL,NULL,'0',NULL,NULL),(7907,'peter_7777',29,7,'2013-09-10 11:41:49','2013-09-10',NULL,NULL,NULL,'2013-09-10 12:22:58','慢的要死，等了50分钟还没到',1,'甬江公寓1号楼','18868653597','633597',' 给点辣 加醋','1','0',NULL,NULL,NULL,'0','2013-09-10 12:30:49','2013-09-10 17:07:05','0','2013-09-10 12:30:52','2013-09-11 11:22:46'),(7908,'18815281706',2,7,'2013-09-10 11:53:37','2013-09-10',NULL,NULL,NULL,'2013-09-11 10:59:33','真的很快',3,'本部公寓4号楼','18815281706','691706','','1','0',NULL,NULL,NULL,'0',NULL,NULL,'0',NULL,NULL),(7909,'18815281706',2,7,'2013-09-10 11:53:57','2013-09-10',NULL,NULL,NULL,'2013-09-11 10:59:23','真的很快',5,'本部公寓4号楼','18815281706','691706','','1','0',NULL,NULL,NULL,'0',NULL,NULL,'0',NULL,NULL),(7910,'18815280659',8,7,'2013-09-10 11:56:57','2013-09-10',NULL,NULL,NULL,NULL,NULL,NULL,'本部公寓4号楼201室','18815280659','690659','','1','0',NULL,NULL,NULL,'0','2013-09-10 12:23:47','2013-09-10 12:26:11','0',NULL,NULL),(7911,'18815281326',2,7,'2013-09-10 11:58:01','2013-09-10',NULL,NULL,NULL,'2013-09-11 10:59:12','真的很快',5,'本部公寓4号楼','18815281326','691326','','1','0',NULL,NULL,NULL,'0','2013-09-10 12:13:45','2013-09-10 12:26:20','0',NULL,NULL),(7912,'15757825834',30,7,'2013-09-10 12:02:12','2013-09-10',NULL,NULL,NULL,NULL,NULL,NULL,'甬江1号楼','15757825834','665834','','1','0',NULL,NULL,NULL,'0',NULL,NULL,'0',NULL,NULL),(7913,'18815282747',8,7,'2013-09-10 12:06:39','2013-09-10',NULL,NULL,NULL,NULL,NULL,NULL,'本部公寓12号楼','18815282747','682747',' 给点辣 多点饭','1','0',NULL,NULL,NULL,'0',NULL,NULL,'0',NULL,NULL),(7914,'moonsdream',2,7,'2013-09-10 16:35:42','2013-09-10',NULL,NULL,NULL,'2013-09-12 11:51:51','飞一样',5,'甬江公寓2号','13361871638','','梅子味','1','0',NULL,NULL,NULL,'0',NULL,NULL,'0',NULL,NULL),(7915,'zhonglu3916',20,7,'2013-09-10 16:41:09','2013-09-10',NULL,NULL,NULL,NULL,NULL,NULL,'甬江外夏56号 友谊超市楼上','15255175051','','加卤蛋 加辣 多点饭','1','0',NULL,NULL,NULL,'0',NULL,NULL,'0',NULL,NULL),(7916,'ccccclnn',4,7,'2013-09-10 16:41:26','2013-09-10',NULL,NULL,NULL,NULL,NULL,NULL,'南门公寓三号楼','13958213614','523614','','2','3','2013-09-12 16:38:38','2013-09-12 16:38:45','wuh','0','2013-09-10 17:08:16','2013-09-10 17:35:12','0',NULL,NULL),(7917,'18815280659',30,7,'2013-09-10 16:49:34','2013-09-10',NULL,NULL,NULL,NULL,NULL,NULL,'本部公寓4号楼201室','18815280659','690659','','1','0',NULL,NULL,NULL,'0',NULL,NULL,'0',NULL,NULL),(7918,'18815281706',37,7,'2013-09-10 16:59:30','2013-09-10',NULL,NULL,NULL,NULL,NULL,NULL,'本部公寓4号楼','18815281706','691706','','1','0',NULL,NULL,NULL,'0',NULL,NULL,'0',NULL,NULL),(7919,'15757823093',5,9,'2013-09-10 17:02:24','2013-09-10',NULL,NULL,NULL,NULL,NULL,NULL,'宁大二村2号楼343寝室','15757823093','613093','烧鸭面，年糕放点辣','1','0',NULL,NULL,NULL,'0',NULL,NULL,'0',NULL,NULL),(7920,'ccccclnn',2,7,'2013-09-10 17:15:06','2013-09-10',NULL,NULL,NULL,NULL,NULL,NULL,'南门公寓3号楼','13958213614','523614','多点饭','1','0',NULL,NULL,NULL,'0',NULL,NULL,'0',NULL,NULL),(7921,'15267850561',8,7,'2013-09-10 17:18:58','2013-09-10',NULL,NULL,NULL,NULL,NULL,NULL,'甬江公寓2号楼','15267850561','550680','','1','0',NULL,NULL,NULL,'0',NULL,NULL,'0',NULL,NULL),(7922,'13429323621',2,9,'2013-09-10 17:22:36','2013-09-10',NULL,NULL,NULL,NULL,NULL,NULL,'宁波大学学生二村1号楼523','13429323621','633621','两份不辣，一份辣','1','0',NULL,NULL,NULL,'0',NULL,NULL,'0',NULL,NULL),(7923,'18768517767',30,7,'2013-09-10 17:25:24','2013-09-10',NULL,NULL,NULL,NULL,NULL,NULL,'甬江1号   ','18768517767','697767','','1','0',NULL,NULL,NULL,'0',NULL,NULL,'0',NULL,NULL),(7924,'蛋蛋女神212',37,7,'2013-09-10 17:40:32','2013-09-10',NULL,NULL,NULL,'2013-09-10 18:25:05','飞一样',5,'甬江公寓3号楼','15757826419','656419',' 多点汤 不辣 第二三要醋','1','0',NULL,NULL,NULL,'0',NULL,NULL,'0',NULL,NULL),(7925,'duke乐悠悠',5,9,'2013-09-10 17:43:34','2013-09-10',NULL,NULL,NULL,NULL,NULL,NULL,'宁大二村2号楼343寝室','15757823093','613093','年糕和面加点辣','1','0',NULL,NULL,NULL,'0',NULL,NULL,'0',NULL,NULL),(7926,'QWE7611077',2,9,'2013-09-10 17:45:16','2013-09-10',NULL,NULL,NULL,NULL,NULL,NULL,'二村一号楼520','18815288028','688028','多点饭，另加一盒饭','1','0',NULL,NULL,NULL,'0',NULL,NULL,'0',NULL,NULL),(7927,'18815283029',2,7,'2013-09-10 17:50:23','2013-09-10',NULL,NULL,NULL,NULL,NULL,NULL,'南门4号楼','18815283029','683029','微辣','1','0',NULL,NULL,NULL,'0',NULL,NULL,'0',NULL,NULL),(7928,'juhao5121',8,7,'2013-09-10 18:08:48','2013-09-10',NULL,NULL,NULL,NULL,NULL,NULL,'甬江1号','18677039158','695059',' 给点辣 多点饭','1','0',NULL,NULL,NULL,'0',NULL,NULL,'0',NULL,NULL),(7929,'18815281706',36,7,'2013-09-10 19:32:06','2013-09-10',NULL,NULL,NULL,NULL,NULL,NULL,'本部公寓4号楼','18815281706','691706','','1','0',NULL,NULL,NULL,'0',NULL,NULL,'0',NULL,NULL),(7930,'18815281326',37,7,'2013-09-10 22:25:24','2013-09-10',NULL,NULL,NULL,NULL,NULL,NULL,'本部公寓4号201','18815281326','691326',' 不辣 要醋和蒜','1','0',NULL,NULL,NULL,'0','2013-09-10 22:48:38','2013-09-11 11:21:02','0',NULL,NULL),(7931,'15757825834',30,7,'2013-09-11 10:17:16','2013-09-11',NULL,NULL,NULL,NULL,NULL,NULL,'甬江1号楼','15757825834','665834','','1','0',NULL,NULL,NULL,'0',NULL,NULL,'0',NULL,NULL),(7932,'18815281706',30,7,'2013-09-11 10:22:20','2013-09-11',NULL,NULL,NULL,NULL,NULL,NULL,'本部公寓4号楼','18815281706','691706','','1','0',NULL,NULL,NULL,'0',NULL,NULL,'0',NULL,NULL),(7933,'18815281326',30,7,'2013-09-11 10:26:25','2013-09-11',NULL,NULL,NULL,NULL,NULL,NULL,'本部公寓四号楼','18815281326','691326',' 不辣','1','0',NULL,NULL,NULL,'0',NULL,NULL,'0',NULL,NULL),(7934,'ccccclnn',4,7,'2013-09-11 11:07:18','2013-09-11',NULL,NULL,NULL,NULL,NULL,NULL,'南门公寓三号楼','13429329077','529077','','1','0',NULL,NULL,NULL,'0','2013-09-11 11:26:08','2013-09-11 14:36:16','0',NULL,NULL),(7935,'13655744516',2,7,'2013-09-11 11:21:50','2013-09-11',NULL,NULL,NULL,NULL,NULL,NULL,'本部公寓13号楼','13655744516','534516','鸡丁孜然   鸡排原味','1','0',NULL,NULL,NULL,'0',NULL,NULL,'0',NULL,NULL),(7936,'chenke1234',4,7,'2013-09-11 11:23:09','2013-09-11',NULL,NULL,NULL,NULL,NULL,NULL,'甬江2号楼','15757827689','667689',' 多点饭','1','0',NULL,NULL,NULL,'0',NULL,NULL,'0',NULL,NULL),(7937,'18815289851',2,9,'2013-09-11 11:43:00','2013-09-11',NULL,NULL,NULL,NULL,NULL,NULL,'二村8号楼126','18815289851','679851','','1','0',NULL,NULL,NULL,'0',NULL,NULL,'0',NULL,NULL),(7938,'18815283109',8,7,'2013-09-11 11:44:23','2013-09-11',NULL,NULL,NULL,NULL,NULL,NULL,'南门2#231','18815283109','673109','','1','0',NULL,NULL,NULL,'0',NULL,NULL,'0',NULL,NULL),(7939,'18815283055',2,7,'2013-09-11 11:45:27','2013-09-11',NULL,NULL,NULL,NULL,NULL,NULL,'本部4#201','18815283055','643055','','1','0',NULL,NULL,NULL,'0',NULL,NULL,'0',NULL,NULL),(7940,'13567432260',2,7,'2013-09-11 11:59:06','2013-09-11',NULL,NULL,NULL,NULL,NULL,NULL,'本部公寓1号楼405','13567432260','522260','','1','0',NULL,NULL,NULL,'0','2013-09-11 12:24:14','2013-09-11 14:36:03','0',NULL,NULL),(7941,'18758322678',2,9,'2013-09-11 12:29:16','2013-09-11',NULL,NULL,NULL,NULL,NULL,NULL,'北区二村2号楼303','18758322678','662678','多点饭 A套餐一份辣一份不辣  D套餐辣','1','0',NULL,NULL,NULL,'0',NULL,NULL,'0',NULL,NULL),(7942,'15058425216',8,7,'2013-09-11 13:34:28','2013-09-11',NULL,NULL,NULL,NULL,NULL,NULL,'本部公寓12号楼','15058425216','535216','少些饭  蔬菜多一点','1','0',NULL,NULL,NULL,'0',NULL,NULL,'0',NULL,NULL),(7943,'18067444195',26,9,'2013-09-11 14:49:26','2013-09-11',NULL,NULL,NULL,NULL,NULL,NULL,'1村22号107','18067444195','','','2','3','2013-09-11 14:59:56','2013-09-12 13:15:20','卖家不要了','0',NULL,NULL,'0',NULL,NULL),(7944,'18815281326',9,7,'2013-09-11 15:05:37','2013-09-11',NULL,NULL,NULL,NULL,NULL,NULL,'本部公寓4#201','18815281326','691326','都要冰的','1','0',NULL,NULL,NULL,'0',NULL,NULL,'0',NULL,NULL),(7945,'212212212',37,7,'2013-09-11 16:09:13','2013-09-11',NULL,NULL,NULL,NULL,NULL,NULL,'甬江公寓3号楼','15757826496','676496','放一点辣，要醋','1','0',NULL,NULL,NULL,'0',NULL,NULL,'0',NULL,NULL),(7946,'18815283055',4,7,'2013-09-11 16:26:15','2013-09-11',NULL,NULL,NULL,NULL,NULL,NULL,'本部公寓4号楼','18815283055','643055','','1','0',NULL,NULL,NULL,'0',NULL,NULL,'0',NULL,NULL),(7947,'18815283055',37,7,'2013-09-11 16:30:02','2013-09-11',NULL,NULL,NULL,NULL,NULL,NULL,'本部公寓4号楼','18815283055','643055','','1','0',NULL,NULL,NULL,'0',NULL,NULL,'0',NULL,NULL),(7948,'zhouqian',32,7,'2013-09-11 16:51:03','2013-09-11',NULL,NULL,NULL,NULL,NULL,NULL,'宁波大学南门公寓一号楼','18815280901','680901','','1','0',NULL,NULL,NULL,'0',NULL,NULL,'0',NULL,NULL),(7949,'邹小艾艾艾艾',18,9,'2013-09-11 16:55:15','2013-09-11',NULL,NULL,NULL,NULL,NULL,NULL,'北区二村4号楼','18758325969','615969',' 多点饭','1','0',NULL,NULL,NULL,'0',NULL,NULL,'0',NULL,NULL),(7950,'18815280659',30,7,'2013-09-11 16:56:18','2013-09-11',NULL,NULL,NULL,NULL,NULL,NULL,'本部公寓4号楼','18815280659','690659','','1','0',NULL,NULL,NULL,'0',NULL,NULL,'0',NULL,NULL),(7951,'18815282431',12,7,'2013-09-11 17:00:45','2013-09-11',NULL,NULL,NULL,NULL,NULL,NULL,'东门公寓437','18815282431','642431',' 不辣','1','0',NULL,NULL,NULL,'0',NULL,NULL,'0',NULL,NULL),(7952,'ccccclnn',4,7,'2013-09-11 17:01:52','2013-09-11',NULL,NULL,NULL,NULL,NULL,NULL,'南门三号楼','13958213614','523614','','1','0',NULL,NULL,NULL,'0','2013-09-11 17:22:47','2013-09-12 10:48:46','0',NULL,NULL),(7953,'吃货不是痴货',2,9,'2013-09-11 17:02:24','2013-09-11',NULL,NULL,NULL,NULL,NULL,NULL,'宁波大学科学技术学院北区学生二村9幢444','15757822506','652506',' 不辣  多点饭 多点汤','1','0',NULL,NULL,NULL,'0','2013-09-11 17:17:50','2013-09-12 10:48:44','0',NULL,NULL),(7954,'15267850561',30,7,'2013-09-11 17:52:54','2013-09-11',NULL,NULL,NULL,NULL,NULL,NULL,'甬江公寓2号楼','15267850561','550680','','1','0',NULL,NULL,NULL,'0','2013-09-11 18:25:35','2013-09-12 10:48:42','0',NULL,NULL),(7955,'邹小艾艾艾艾',2,9,'2013-09-11 18:00:22','2013-09-11',NULL,NULL,NULL,NULL,NULL,NULL,'北区二村4号楼','18758325962','655962',' 不辣 多点饭','1','0',NULL,NULL,NULL,'0',NULL,NULL,'0',NULL,NULL),(7956,'15757828280',37,7,'2013-09-11 22:37:59','2013-09-11',NULL,NULL,NULL,NULL,NULL,NULL,'甬江公寓2号楼213','15757828280','658280','辣椒少放点。多点汤。醋不要。','1','0',NULL,NULL,NULL,'0',NULL,NULL,'0',NULL,NULL),(7957,'18768517767',2,7,'2013-09-12 10:52:40','2013-09-12',NULL,NULL,NULL,NULL,NULL,NULL,'甬江1号楼','18768517767','697767','','1','0',NULL,NULL,NULL,'0',NULL,NULL,'0',NULL,NULL),(7958,'18815281706',43,7,'2013-09-12 10:54:18','2013-09-12',NULL,NULL,NULL,NULL,NULL,NULL,'本部公寓4号楼','18815281706','691706','','1','0',NULL,NULL,NULL,'0',NULL,NULL,'0',NULL,NULL),(7959,'15757821533',26,9,'2013-09-12 10:56:18','2013-09-12',NULL,NULL,NULL,NULL,NULL,NULL,'二村二号楼532寝','15757821533','681533','','1','0',NULL,NULL,NULL,'0',NULL,NULL,'0',NULL,NULL),(7960,'hailing0207',1,7,'2013-09-12 10:56:27','2013-09-12',NULL,NULL,NULL,NULL,NULL,NULL,'本部公寓13','13655885439','585439',' 给点辣','1','0',NULL,NULL,NULL,'0','2013-09-12 11:31:46','2013-09-12 11:40:26','0',NULL,NULL),(7961,'ccccclnn',4,7,'2013-09-12 11:01:05','2013-09-12',NULL,NULL,NULL,NULL,NULL,NULL,'南门公寓三号楼','13429329077','529077','','1','0',NULL,NULL,NULL,'0','2013-09-12 12:07:46','2013-09-12 14:57:22','1','2013-09-12 12:03:25',NULL),(7962,'172748673',17,7,'2013-09-12 11:04:31','2013-09-12',NULL,NULL,NULL,NULL,NULL,NULL,'曹光彪信息楼','15257499733','529733','','1','0',NULL,NULL,NULL,'0',NULL,NULL,'0',NULL,NULL),(7963,'18069040655',2,7,'2013-09-12 11:13:30','2013-09-12',NULL,NULL,NULL,NULL,NULL,NULL,'甬江公寓2#','18069040655','','','1','0',NULL,NULL,NULL,'0',NULL,NULL,'0',NULL,NULL),(7964,'18858084649',31,7,'2013-09-12 11:19:41','2013-09-12',NULL,NULL,NULL,NULL,NULL,NULL,'甬江公寓2#148','18858084649','664649','叉烧饭汁水多点','2','3','2013-09-12 15:06:18','2013-09-12 15:06:30','意外','0',NULL,NULL,'0',NULL,NULL),(7965,'13429328025',12,9,'2013-09-12 11:20:01','2013-09-12',NULL,NULL,NULL,NULL,NULL,NULL,'宁波大学学生二村一号楼433','13429328025','658025','双倍芝士','1','0',NULL,NULL,NULL,'0',NULL,NULL,'0',NULL,NULL),(7966,'吃货不是痴货',42,9,'2013-09-12 11:24:18','2013-09-12',NULL,NULL,NULL,NULL,NULL,NULL,'宁波大学科学技术学院北区学生二村9幢444','15757822506','652506',' 不辣 多点饭 多点汤','1','0',NULL,NULL,NULL,'0','2013-09-12 11:34:54','2013-09-12 11:40:40','0',NULL,NULL),(7967,'18815280659',30,7,'2013-09-12 11:30:28','2013-09-12',NULL,NULL,NULL,NULL,NULL,NULL,'本部公寓4号楼','18815280659','690659','','1','0',NULL,NULL,NULL,'0',NULL,NULL,'0',NULL,NULL),(7968,'hailing0207',30,7,'2013-09-12 11:43:21','2013-09-12',NULL,NULL,NULL,NULL,NULL,NULL,'本部公寓13','13655885439','585439',' 给点辣','1','0',NULL,NULL,NULL,'0','2013-09-12 12:10:19','2013-09-12 14:57:25','0',NULL,NULL),(7969,'moonsdream',2,7,'2013-09-12 11:51:18','2013-09-12',NULL,NULL,NULL,NULL,NULL,NULL,'甬江公寓2号','13361871638','','不要给卡片','1','0',NULL,NULL,NULL,'0','2013-09-12 12:31:40','2013-09-12 14:57:27','1','2013-09-12 12:31:34',NULL),(7970,'18758322674',2,9,'2013-09-12 12:02:44','2013-09-12',NULL,NULL,NULL,NULL,NULL,NULL,'宁大学生2村2幢303室','18758322674','682674','多饭','1','0',NULL,NULL,NULL,'0',NULL,NULL,'0',NULL,NULL),(7971,'nasdaq',8,7,'2013-09-12 12:12:58','2013-09-12',NULL,NULL,NULL,'2013-09-12 12:45:04','比较快',4,'甬江公寓一号楼','18815284149','584149','','1','0',NULL,NULL,NULL,'0','2013-09-12 12:36:48','2013-09-12 14:57:29','0',NULL,NULL),(7972,'18815289851',2,9,'2013-09-12 12:16:50','2013-09-12',NULL,NULL,NULL,NULL,NULL,NULL,'二村八号楼126','18815289851','679851','','1','0',NULL,NULL,NULL,'0',NULL,NULL,'0',NULL,NULL),(7973,'jiangsidi00',32,7,'2013-09-12 12:43:00','2013-09-12',NULL,NULL,NULL,NULL,NULL,NULL,'本部公寓5号楼','18815281592','651592','','1','0',NULL,NULL,NULL,'0',NULL,NULL,'0',NULL,NULL),(7974,'18815281706',30,7,'2013-09-12 14:55:47','2013-09-12',NULL,NULL,NULL,NULL,NULL,NULL,'本部公寓4号楼','18815281706','691706','','1','0',NULL,NULL,NULL,'0',NULL,NULL,'0',NULL,NULL),(7975,'ccccclnn',20,7,'2013-09-12 16:19:23','2013-09-12',NULL,NULL,NULL,NULL,NULL,NULL,'南门公寓三号楼','13958213614','523614','','1','0',NULL,NULL,NULL,'1','2013-09-12 16:34:06',NULL,'0',NULL,NULL);
/*!40000 ALTER TABLE `eachFoodSaleInfo` ENABLE KEYS */;
UNLOCK TABLES;

--
-- Table structure for table `eachStoreType`
--

DROP TABLE IF EXISTS `eachStoreType`;
/*!40101 SET @saved_cs_client     = @@character_set_client */;
/*!40101 SET character_set_client = utf8 */;
CREATE TABLE `eachStoreType` (
  `storeId` int(11) NOT NULL,
  `storeTypeId` int(11) NOT NULL,
  KEY `fk_store_type` (`storeTypeId`),
  KEY `fk_store_type_name` (`storeId`),
  CONSTRAINT `fk_store_type_name` FOREIGN KEY (`storeId`) REFERENCES `storeIntro` (`storeId`),
  CONSTRAINT `fk_store_type` FOREIGN KEY (`storeTypeId`) REFERENCES `storeType` (`storeTypeId`)
) ENGINE=InnoDB DEFAULT CHARSET=utf8;
/*!40101 SET character_set_client = @saved_cs_client */;

--
-- Dumping data for table `eachStoreType`
--

LOCK TABLES `eachStoreType` WRITE;
/*!40000 ALTER TABLE `eachStoreType` DISABLE KEYS */;
INSERT INTO `eachStoreType` VALUES (22,9),(18,6),(12,9),(12,10),(8,3),(8,6),(3,5),(1,2),(5,3),(5,7),(21,3),(15,3),(15,7),(7,5),(7,8),(20,3),(23,4),(6,3),(27,7),(28,6),(28,11),(14,3),(14,4),(14,6),(14,9),(14,11),(17,3),(17,6),(10,8),(39,1),(39,15),(19,7),(29,3),(29,12),(35,6),(38,1),(40,1),(32,1),(32,3),(32,14),(41,4),(42,1),(37,12),(30,3),(30,7),(11,1),(11,2),(11,3),(11,4),(11,5),(11,6),(11,7),(11,8),(11,9),(26,1),(26,3),(2,4),(2,6),(4,1),(4,3),(4,6),(4,7),(31,6),(24,3),(9,9),(13,9),(36,9),(43,7);
/*!40000 ALTER TABLE `eachStoreType` ENABLE KEYS */;
UNLOCK TABLES;

--
-- Table structure for table `first_telephone`
--

DROP TABLE IF EXISTS `first_telephone`;
/*!40101 SET @saved_cs_client     = @@character_set_client */;
/*!40101 SET character_set_client = utf8 */;
CREATE TABLE `first_telephone` (
  `telephone` char(11) NOT NULL,
  `createTime` datetime DEFAULT NULL,
  `code` char(4) DEFAULT NULL,
  `confirmed` char(1) DEFAULT '0',
  PRIMARY KEY (`telephone`)
) ENGINE=InnoDB DEFAULT CHARSET=utf8;
/*!40101 SET character_set_client = @saved_cs_client */;

--
-- Dumping data for table `first_telephone`
--

LOCK TABLES `first_telephone` WRITE;
/*!40000 ALTER TABLE `first_telephone` DISABLE KEYS */;
INSERT INTO `first_telephone` VALUES ('12345678912','2013-09-06 23:03:22','7138','0'),('12412411111','2013-09-11 14:41:49','4627','0'),('13056886935','2013-09-11 14:45:44','2785','0'),('13361871638','2013-09-10 16:35:20','9250','1'),('13412345678','2013-09-11 20:14:49','1875','0'),('13429321734','2013-09-07 19:34:21','7211','0'),('13429322102','2013-09-07 10:38:06','9898','1'),('13429323621','2013-09-10 17:22:19','6593','1'),('13429328025','2013-09-12 11:19:43','3338','1'),('13429329077','2013-09-09 11:08:12','5491','1'),('13486038841','2013-09-06 18:13:16','3146','1'),('13567432260','2013-09-11 11:58:45','2967','1'),('13655744516','2013-09-11 11:21:30','4545','1'),('13655885439','2013-09-09 11:05:10','9002','1'),('13777207931','2013-09-05 18:55:59','1859','0'),('13777266935','2013-09-06 23:45:06','2900','0'),('13958213614','2013-09-10 16:41:10','4161','1'),('15000001111','2013-09-08 21:10:02','2184','0'),('15037265596','2013-09-05 15:11:19','5714','0'),('15057491687','2013-09-06 23:06:30','4097','0'),('15058425216','2013-09-11 13:34:08','1239','1'),('15058427487','2013-09-07 17:04:41','9133','0'),('15255175051','2013-09-03 16:21:40','2105','1'),('15257499733','2013-09-12 11:04:07','6055','1'),('15257884126','2013-09-07 17:16:41','9470','0'),('15267004555','2013-09-08 00:11:16','8983','0'),('15267004674','2013-09-06 22:57:41','1057','1'),('15267850561','2013-09-10 17:18:35','4634','1'),('15757821442','2013-09-07 12:20:16','7498','1'),('15757821533','2013-09-12 10:56:02','8877','1'),('15757822506','2013-09-11 17:02:10','6829','1'),('15757823093','2013-09-10 17:02:04','6912','1'),('15757825572','2013-09-08 12:28:38','6938','1'),('15757825834','2013-09-08 17:13:19','5550','1'),('15757826419','2013-09-07 21:43:43','8645','1'),('15757826496','2013-09-07 11:15:03','7432','1'),('15757826583','2013-09-07 13:48:37','9840','1'),('15757826584','2013-09-07 10:56:16','2902','1'),('15757826881','2013-09-07 19:21:17','2910','0'),('15757827689','2013-09-08 11:33:41','8237','1'),('15757827694','2013-09-09 11:08:32','3581','1'),('15757828280','2013-09-11 22:37:29','1498','1'),('15869331005','2013-09-07 15:24:06','5672','1'),('15869339132','2013-09-07 20:06:24','1582','0'),('18067444195','2013-09-11 14:49:00','1023','1'),('18069040655','2013-09-12 11:13:03','7255','1'),('18258723512','2013-09-07 11:58:10','2961','0'),('18677039158','2013-09-10 18:08:27','7330','1'),('18758213215','2013-09-10 17:59:53','6262','0'),('18758322674','2013-09-12 12:02:24','7050','1'),('18758322678','2013-09-11 12:28:59','8253','1'),('18758325962','2013-09-11 18:00:03','4252','1'),('18758325969','2013-09-11 16:54:45','4067','1'),('18768517767','2013-09-10 17:25:03','8373','1'),('18815280536','2013-09-07 16:42:17','1322','0'),('18815280651','2013-09-07 11:49:31','3115','1'),('18815280659','2013-09-06 17:24:17','6216','1'),('18815280901','2013-09-11 16:50:30','3080','1'),('18815280906','2013-09-09 11:10:57','2199','1'),('18815281034','2013-09-08 15:52:45','2268','1'),('18815281326','2013-09-06 16:11:14','7207','1'),('18815281592','2013-09-12 12:42:45','2929','1'),('18815281706','2013-09-01 11:37:59','8966','1'),('18815281904','2013-09-07 17:05:15','2877','0'),('18815281997','2013-09-06 12:14:27','9170','1'),('18815282431','2013-09-11 17:00:32','1427','1'),('18815282453','2013-09-07 13:05:03','7498','1'),('18815282583','2013-09-02 10:51:18','3364','1'),('18815282659','2013-09-01 17:31:31','6777','1'),('18815282701','2013-09-05 10:58:01','9723','1'),('18815282747','2013-09-09 12:08:06','9027','1'),('18815283005','2013-09-07 10:25:27','4233','1'),('18815283029','2013-09-10 17:50:01','5057','1'),('18815283055','2013-09-01 18:28:05','8948','1'),('18815283109','2013-09-02 18:17:09','7388','1'),('18815283646','2013-09-06 11:55:22','7882','1'),('18815283719','2013-09-08 11:58:30','7506','1'),('18815284001','2013-09-08 17:43:59','5136','1'),('18815284149','2013-09-12 12:12:36','2568','1'),('18815284302','2013-09-06 18:22:47','5077','1'),('18815288028','2013-09-10 17:45:01','8984','1'),('18815289847','2013-09-07 16:51:07','5778','0'),('18815289851','2013-09-06 16:45:08','3344','1'),('18817559017','2013-09-08 00:11:17','6773','0'),('18858084649','2013-09-12 11:19:16','4089','1'),('18868653597','2013-09-10 11:41:23','9242','1'),('18868934687','2013-09-07 16:41:37','6772','0'),('18968242210','2013-09-07 10:27:21','8314','1');
/*!40000 ALTER TABLE `first_telephone` ENABLE KEYS */;
UNLOCK TABLES;

--
-- Table structure for table `foodInfo`
--

DROP TABLE IF EXISTS `foodInfo`;
/*!40101 SET @saved_cs_client     = @@character_set_client */;
/*!40101 SET character_set_client = utf8 */;
CREATE TABLE `foodInfo` (
  `foodId` int(11) NOT NULL AUTO_INCREMENT,
  `foodName` varchar(50) NOT NULL,
  `belongToWhichStore` int(11) NOT NULL,
  `foodTypeId` int(11) NOT NULL,
  `imgLoc` varchar(50) DEFAULT NULL,
  `deleted` char(1) NOT NULL DEFAULT '0',
  `isAvailable` char(1) NOT NULL DEFAULT '1',
  `price` double NOT NULL,
  `special` char(1) DEFAULT '0',
  `note` varchar(50) DEFAULT NULL,
  `total_buyer_month` int(11) DEFAULT '0',
  `total_score_month` int(11) DEFAULT '0',
  `total_score_num_month` int(11) DEFAULT '0',
  `total_buyer_yesterday` int(11) DEFAULT '0',
  `total_buyer_today` int(11) DEFAULT '0',
  `createTime` datetime DEFAULT NULL,
  `food_arrange_order` int(11) DEFAULT '0',
  PRIMARY KEY (`foodId`),
  KEY `fk_food_type_id` (`foodTypeId`),
  CONSTRAINT `fk_food_type_id` FOREIGN KEY (`foodTypeId`) REFERENCES `foodTypeInEachStore` (`foodTypeId`)
) ENGINE=InnoDB AUTO_INCREMENT=3218 DEFAULT CHARSET=utf8;
/*!40101 SET character_set_client = @saved_cs_client */;

--
-- Dumping data for table `foodInfo`
--

LOCK TABLES `foodInfo` WRITE;
/*!40000 ALTER TABLE `foodInfo` DISABLE KEYS */;
INSERT INTO `foodInfo` VALUES (1,'',1,1,NULL,'1','1',7,'0','',0,0,0,0,0,NULL,0),(2,'',1,1,NULL,'1','1',7,'0','',0,0,0,0,0,NULL,0),(3,'',1,1,NULL,'1','1',7,'0','',0,0,0,0,0,NULL,0),(4,'',1,1,NULL,'1','1',9,'0','',0,0,0,0,0,NULL,0),(5,'ţ',1,1,NULL,'1','1',9,'0','',0,0,0,0,0,NULL,0),(6,'ǧ',1,1,NULL,'1','1',5,'0','',0,0,0,0,0,NULL,0),(7,'ǧ',1,1,NULL,'1','1',6,'0','',0,0,0,0,0,NULL,0),(8,'ǧ',1,1,NULL,'1','1',7,'0','',0,0,0,0,0,NULL,0),(9,'',1,1,NULL,'1','1',9,'0','',0,0,0,0,0,NULL,0),(10,'ţ',1,1,NULL,'1','1',9,'0','',0,0,0,0,0,NULL,0),(11,'',1,1,NULL,'1','1',8,'0','',0,0,0,0,0,NULL,0),(12,'酸辣粉',1,2,NULL,'0','1',7,'0','',4,0,0,0,1,NULL,0),(13,'酸辣面',1,2,NULL,'0','1',7,'0','',0,0,0,0,0,NULL,0),(14,'酸辣米粉',1,2,NULL,'0','1',7,'0','',0,0,0,0,0,NULL,0),(15,'排骨面',1,2,NULL,'0','1',9,'0','',1,0,0,0,0,NULL,0),(16,'牛杂面',1,2,NULL,'0','1',9,'0','',0,0,0,0,0,NULL,0),(17,'千里香馄饨（小）',1,2,NULL,'0','1',5,'0','',0,0,0,0,0,NULL,0),(18,'千里香馄饨（中）',1,2,NULL,'0','1',6,'0','',0,0,0,0,0,NULL,0),(19,'千里香馄饨（大）',1,2,NULL,'0','1',7,'0','',0,0,0,0,0,NULL,0),(20,'排骨桂林米粉',1,2,NULL,'0','1',9,'0','',0,0,0,0,0,NULL,0),(21,'牛杂桂林米粉',1,2,NULL,'0','1',9,'0','',0,0,0,0,0,NULL,0),(22,'肉末酸辣粉',1,2,NULL,'0','1',8,'0','',4,2,1,0,1,NULL,0),(23,'凉皮',1,2,NULL,'0','1',5,'0','',0,0,0,0,0,NULL,0),(24,'凉面',1,2,NULL,'0','1',5,'0','',0,0,0,0,0,NULL,0),(25,'雪碧',1,3,NULL,'0','1',3,'0','',0,0,0,0,0,NULL,0),(26,'可乐',1,3,NULL,'0','1',3,'0','',0,0,0,0,0,NULL,0),(27,'芬达',1,3,NULL,'0','1',3,'0','',0,0,0,0,0,NULL,0),(28,'加多宝',1,3,NULL,'0','1',5,'0','',0,0,0,0,0,NULL,0),(29,'农夫山泉',1,3,NULL,'0','1',2,'0','',0,0,0,0,0,NULL,0),(30,'豆奶',1,3,NULL,'0','1',3,'0','',0,0,0,0,0,NULL,0),(31,'牛杂',1,4,NULL,'0','1',5,'0','',1,0,0,0,0,NULL,0),(32,'排骨',1,4,NULL,'0','1',4,'0','',3,0,0,0,0,NULL,0),(33,'A套餐',2,5,NULL,'0','1',12,'0','台式卤肉饭 香鸡排 饮料 荷包蛋',51,0,0,16,5,NULL,0),(34,'秋刀鱼',3,6,NULL,'0','1',5,'0','',1,4,1,0,0,NULL,2),(35,'鸡腿',3,6,NULL,'0','1',8,'0','',1,0,0,0,0,NULL,0),(36,'中翅',3,6,NULL,'0','1',6,'0','',0,0,0,0,0,NULL,1),(37,'鸡尖',3,6,NULL,'0','1',2,'0','',0,0,0,0,0,NULL,5),(38,'牛肉',3,6,NULL,'0','1',3,'0','正宗牛肉，假一罚十',0,0,0,0,0,NULL,4),(39,'羊肉',3,6,NULL,'0','1',3,'0','正宗羊肉，假一罚十',0,0,0,0,0,NULL,3),(40,'河鲫鱼',3,7,NULL,'0','1',12,'0','',0,0,0,0,0,NULL,0),(41,'猪肉',3,7,NULL,'0','1',2,'0','',1,0,0,0,0,NULL,4),(42,'鸡皮',3,7,NULL,'0','1',2,'0','',0,0,0,0,0,NULL,5),(43,'猪皮',3,7,NULL,'0','1',2,'0','',0,0,0,0,0,NULL,6),(44,'鸡心',3,7,NULL,'0','1',2,'0','',0,0,0,0,0,NULL,7),(45,'鸡胗',3,7,NULL,'0','1',2,'0','',0,0,0,0,0,NULL,8),(46,'热狗肠',3,7,NULL,'0','1',1,'0','',0,0,0,0,0,NULL,15),(47,'腊肠',3,7,NULL,'0','1',2,'0','',0,0,0,0,0,NULL,9),(48,'鱼片',3,7,NULL,'0','1',3,'0','',0,0,0,0,0,NULL,3),(49,'王中王火腿肠',3,7,NULL,'0','1',2,'0','',0,0,0,0,0,NULL,10),(50,'牛板筋',3,7,NULL,'0','1',2,'0','',1,0,0,0,0,NULL,11),(51,'里脊大肉串',3,7,NULL,'0','1',2,'0','',0,0,0,0,0,NULL,12),(52,'正版骨肉相连',3,7,NULL,'0','1',2,'0','',0,0,0,0,0,NULL,13),(53,'大鱿鱼',3,7,NULL,'0','1',5,'0','',0,0,0,0,0,NULL,1),(54,'鱿鱼丝',3,7,NULL,'0','1',2,'0','',0,0,0,0,0,NULL,14),(55,'乌贼',3,7,NULL,'0','1',3,'0','',1,0,0,0,0,NULL,2),(56,'玉米',3,8,NULL,'0','1',5,'0','',0,0,0,0,0,NULL,0),(57,'肉末大茄子',3,8,NULL,'0','1',6,'0','',0,0,0,0,0,NULL,0),(58,'小茄子',3,8,NULL,'0','u',1,'0','',0,0,0,0,0,NULL,0),(59,'韭菜',3,8,NULL,'0','1',1,'0','',0,0,0,0,0,NULL,0),(60,'土豆',3,8,NULL,'0','1',1,'0','',0,0,0,0,0,NULL,0),(61,'四季豆',3,8,NULL,'0','1',1,'0','',0,0,0,0,0,NULL,0),(62,'黄瓜',3,8,NULL,'0','1',1,'0','',0,0,0,0,0,NULL,0),(63,'香菇',3,8,NULL,'0','1',1,'0','',0,0,0,0,0,NULL,0),(64,'花菜',3,8,NULL,'0','1',1,'0','',0,0,0,0,0,NULL,0),(65,'豆腐',3,8,NULL,'0','1',1,'0','',0,0,0,0,0,NULL,0),(66,'豆腐干',3,8,NULL,'0','1',1,'0','',0,0,0,0,0,NULL,0),(67,'青椒',3,8,NULL,'0','1',1,'0','',0,0,0,0,0,NULL,0),(68,'金针菇',3,8,NULL,'0','1',1,'0','',0,0,0,0,0,NULL,0),(69,'馒头',3,8,NULL,'0','1',1,'0','',0,0,0,0,0,NULL,0),(70,'年糕',3,8,NULL,'0','1',1,'0','',0,0,0,0,0,NULL,0),(71,'辣椒',3,8,NULL,'0','1',1,'0','',0,0,0,0,0,NULL,0),(72,'大白菜',3,8,NULL,'0','1',1,'0','',0,0,0,0,0,NULL,0),(73,'王老吉',3,9,NULL,'0','1',5,'0','',0,0,0,0,0,NULL,0),(74,'农夫山泉',3,9,NULL,'0','1',2,'0','',0,0,0,0,0,NULL,0),(75,'雪碧',3,9,NULL,'0','1',3,'0','',0,0,0,0,0,NULL,0),(76,'可乐',3,9,NULL,'0','1',3,'0','',0,0,0,0,0,NULL,0),(77,'雪花啤酒',3,9,NULL,'0','1',3,'0','',0,0,0,0,0,NULL,0),(78,'劲酒',3,9,NULL,'0','1',10,'0','',0,0,0,0,0,NULL,0),(79,'套餐一',11,10,NULL,'0','1',100,'0','',26,5,1,0,0,NULL,6),(80,'套餐二',11,10,NULL,'0','1',100,'0','',11,0,0,0,0,NULL,5),(81,'套餐三',11,10,NULL,'0','1',100,'0','',11,0,0,0,0,NULL,4),(82,'套餐四',11,10,NULL,'0','1',100,'0','',9,4,1,0,0,NULL,3),(83,'套餐五',11,10,NULL,'0','1',100,'0','',9,5,1,0,0,NULL,2),(84,'套餐六',11,10,NULL,'0','1',100,'0','',9,0,0,0,0,NULL,1),(85,'套餐七',11,10,NULL,'0','1',100,'0','',3,0,0,0,0,NULL,0),(86,'套餐八',11,10,NULL,'0','1',100,'0','',7,0,0,0,0,NULL,7),(87,'火锅一',11,11,NULL,'0','1',100,'0','',3,4,1,0,0,NULL,0),(88,'火锅二',11,11,NULL,'0','1',100,'0','',5,0,0,0,0,NULL,0),(89,'火锅三',11,11,NULL,'0','1',100,'0','',4,5,1,0,0,NULL,0),(90,'火锅四',11,11,NULL,'0','1',100,'0','',2,5,1,0,0,NULL,0),(91,'火锅五',11,11,NULL,'0','1',100,'0','',2,5,1,0,0,NULL,0),(92,'火锅六',11,11,NULL,'0','1',100,'0','',1,0,0,0,0,NULL,0),(93,'火锅七',11,11,NULL,'0','1',100,'0','',0,0,0,0,0,NULL,0),(94,'火锅八',11,11,NULL,'0','1',100,'0','',0,0,0,0,0,NULL,0),(95,'B套餐',2,5,NULL,'0','1',12,'0','台式卤肉饭 香鸡翅 饮料 荷包蛋',0,0,0,0,0,NULL,0),(96,'C套餐',2,5,NULL,'0','1',12,'0','台式卤肉饭 香鸡腿 饮料 荷包蛋',2,0,0,1,0,NULL,0),(97,'D套餐',2,5,NULL,'0','1',12,'0','台式卤肉饭 香鸡丁 饮料 荷包蛋',5,0,0,2,0,NULL,0),(98,'E套餐',2,5,NULL,'0','1',12,'0','台式卤肉饭 香猪排 饮料 荷包蛋',2,0,0,0,1,NULL,0),(99,'卤肉饭',2,12,NULL,'0','1',7,'0','',0,0,0,0,0,NULL,0),(100,'卤肉饭 荷包蛋',2,12,NULL,'0','1',8,'0','',0,0,0,0,0,NULL,0),(101,'香鸡排',2,12,NULL,'0','1',10,'0','',0,0,0,0,0,NULL,0),(102,'香鸡腿',2,12,NULL,'0','1',6,'0','',0,0,0,0,0,NULL,0),(103,'香鸡丁',2,12,NULL,'0','1',6,'0','',0,0,0,0,0,NULL,0),(104,'香鸡翅',2,12,NULL,'0','1',6,'0','',0,0,0,0,0,NULL,0),(105,'香猪排',2,12,NULL,'0','1',6,'0','',0,0,0,0,0,NULL,0),(106,'原味',2,14,NULL,'0','1',0,'0','',0,0,0,0,0,NULL,0),(107,'孜然',2,14,NULL,'0','1',0,'0','',2,0,0,1,0,NULL,0),(108,'辣味',2,14,NULL,'0','1',0,'0','',8,0,0,2,1,NULL,0),(109,'台湾梅粉',2,14,NULL,'0','1',0,'0','',6,0,0,0,2,NULL,0),(110,'荷包蛋',2,12,NULL,'0','1',2,'0','',0,0,0,0,0,NULL,0),(111,'米饭',2,12,NULL,'0','1',2,'0','',1,0,0,0,0,NULL,0),(112,'芋圆1号',9,15,NULL,'0','1',11,'0','芋圆 红豆 布丁 珍珠 紫薯',1,0,0,1,0,NULL,0),(113,'芋圆1号（冰）',9,15,NULL,'1','1',11,'0','芋圆 红豆 布丁 珍珠 紫薯',0,0,0,0,0,NULL,0),(114,'芋圆2号',9,15,NULL,'0','1',11,'0','芋圆 红豆 芋头 Q条 紫薯',0,0,0,0,0,NULL,0),(115,'芋圆2号（冰）',9,15,NULL,'1','1',11,'0','芋圆 红豆 芋头 Q条 紫薯',0,0,0,0,0,NULL,0),(116,'芋圆3号',9,15,NULL,'0','1',11,'0','芋圆 红豆 海底椰 芋头 爆爆蛋',0,0,0,0,0,NULL,0),(117,'芋圆3号（冰）',9,15,NULL,'1','1',11,'0','芋圆 红豆 海底椰 芋头 爆爆蛋',0,0,0,0,0,NULL,0),(118,'仙草1号',9,16,NULL,'0','1',11,'0','仙草 红豆 珍珠 紫薯 Q条',0,0,0,0,0,NULL,0),(119,'仙草1号（冰）',9,16,NULL,'1','1',11,'0','仙草 红豆 珍珠 紫薯 Q条',0,0,0,0,0,NULL,0),(120,'仙草2号',9,16,NULL,'0','1',11,'0','仙草 红豆 海底椰 爆爆蛋 Q条',0,0,0,0,0,NULL,0),(121,'仙草2号（冰）',9,16,NULL,'1','1',11,'0','仙草 红豆 海底椰 爆爆蛋 Q条',0,0,0,0,0,NULL,0),(122,'仙草3号',9,16,NULL,'0','1',11,'0','仙草 芋圆 红豆 海底椰 芋头',1,0,0,1,0,NULL,0),(123,'仙草3号（冰）',9,16,NULL,'1','1',11,'0','仙草 芋圆 红豆 海底椰 芋头',0,0,0,0,0,NULL,0),(124,'果沫奶茶',9,17,NULL,'0','1',4,'0','',1,0,0,1,0,NULL,0),(125,'果沫奶茶（冰）',9,17,NULL,'1','1',4,'0','',0,0,0,0,0,NULL,0),(126,'果沫奶绿',9,17,NULL,'0','1',4,'0','',0,0,0,0,0,NULL,0),(127,'果沫奶绿（冰）',9,17,NULL,'1','1',4,'0','',0,0,0,0,0,NULL,0),(128,'胚芽奶茶',9,17,NULL,'0','1',5,'0','',0,0,0,0,0,NULL,0),(129,'胚芽奶绿',9,17,NULL,'0','1',5,'0','',1,0,0,1,0,NULL,0),(130,'嫩仙草奶茶',9,17,NULL,'0','1',5,'0','',0,0,0,0,0,NULL,0),(131,'嫩仙草奶绿',9,17,NULL,'0','1',5,'0','',0,0,0,0,0,NULL,0),(132,'红豆奶茶',9,17,NULL,'0','1',5,'0','',0,0,0,0,0,NULL,0),(133,'红豆奶绿',9,17,NULL,'0','1',5,'0','',0,0,0,0,0,NULL,0),(134,'桂圆红枣奶茶',9,17,NULL,'0','1',6,'0','',0,0,0,0,0,NULL,0),(135,'桂圆红枣奶绿',9,17,NULL,'0','1',6,'0','',0,0,0,0,0,NULL,0),(136,'柠檬水',9,19,NULL,'0','1',4,'0','',0,0,0,0,0,NULL,0),(137,'青柠红茶',9,19,NULL,'0','1',4,'0','',0,0,0,0,0,NULL,0),(138,'鲜桔冰露',9,19,NULL,'0','1',5,'0','',0,0,0,0,0,NULL,0),(139,'柠檬柚子茶',9,19,NULL,'0','1',6,'0','',0,0,0,0,0,NULL,0),(140,'苹果香柚',9,19,NULL,'0','1',6,'0','',0,0,0,0,0,NULL,0),(141,'青瓜圣女果',9,19,NULL,'0','1',6,'0','',0,0,0,0,0,NULL,0),(142,'柠檬青瓜恋',9,19,NULL,'0','1',6,'0','',0,0,0,0,0,NULL,0),(143,'红豆布丁可可',9,21,NULL,'0','1',7,'0','',0,0,0,0,0,NULL,0),(144,'香橙鲜奶可可',9,21,NULL,'0','1',8,'0','',0,0,0,0,0,NULL,0),(145,'巧酥可可',9,21,NULL,'0','1',8,'0','',0,0,0,0,0,NULL,0),(146,'芒果爆爆',9,22,NULL,'0','1',6,'0','',0,0,0,0,0,NULL,0),(147,'桑葚约会',9,22,NULL,'0','1',7,'0','',0,0,0,0,0,NULL,0),(148,'鲜桔雪泡',9,22,NULL,'0','1',7,'0','',0,0,0,0,0,NULL,0),(149,'芒果雪泡',9,22,NULL,'0','1',7,'0','',0,0,0,0,0,NULL,0),(150,'玉露抹茶',9,22,NULL,'0','1',7,'0','',0,0,0,0,0,NULL,0),(151,'香草天空',9,22,NULL,'0','1',7,'0','',0,0,0,0,0,NULL,0),(152,'提拉米苏',9,22,NULL,'0','1',8,'0','',0,0,0,0,0,NULL,0),(153,'巧克力蛋糕',9,22,NULL,'0','1',8,'0','',0,0,0,0,0,NULL,0),(154,'奶茶布丁蛋糕',9,22,NULL,'0','1',8,'0','',0,0,0,0,0,NULL,0),(155,'金元宝馄饨王',6,20,NULL,'0','1',6,'0','',0,0,0,0,0,NULL,0),(156,'香脆馄饨（4）',6,20,NULL,'0','1',4,'0','',0,0,0,0,0,NULL,0),(157,'香脆馄饨（5）',6,20,NULL,'0','1',5,'0','',0,0,0,0,0,NULL,0),(158,'花生酱拌面',6,20,NULL,'0','1',4,'0','',0,0,0,0,0,NULL,0),(159,'花生酱拌面',6,20,NULL,'0','u',4,'0','',0,0,0,0,0,NULL,0),(160,'香拌河粉',6,20,NULL,'0','1',6,'0','',0,0,0,0,0,NULL,0),(161,'香拌馄饨',6,20,NULL,'0','1',6,'0','',0,0,0,0,0,NULL,0),(162,'一品蒸饺',6,20,NULL,'0','1',4,'0','',0,0,0,0,0,NULL,0),(163,'葱油拌面',6,20,NULL,'0','1',4,'0','',0,0,0,0,0,NULL,0),(164,'鸡蛋拌面',6,20,NULL,'0','1',7,'0','',0,0,0,0,0,NULL,0),(165,'肉丝拌面',6,20,NULL,'0','1',7,'0','',0,0,0,0,0,NULL,0),(166,'香炸水饺',6,20,NULL,'0','1',6,'0','',0,0,0,0,0,NULL,0),(167,'香炸馄饨',6,20,NULL,'0','1',6,'0','',0,0,0,0,0,NULL,0),(168,'酸辣粉',6,20,NULL,'0','1',6,'0','',0,0,0,0,0,NULL,0),(169,'牛腩粉',6,20,NULL,'0','1',13,'0','',0,0,0,0,0,NULL,0),(170,'牛腩面',6,20,NULL,'0','1',13,'0','',0,0,0,0,0,NULL,0),(171,'鲜奶仙草',9,24,NULL,'0','1',5,'0','',0,0,0,0,0,NULL,0),(172,'香脆馄饨（小）',6,20,NULL,'0','1',4,'0','',0,0,0,0,0,NULL,0),(173,'香脆馄饨（大）',6,20,NULL,'0','1',5,'0','',0,0,0,0,0,NULL,0),(174,'金元宝馄饨王',6,25,NULL,'1','1',6,'0','',0,0,0,0,0,NULL,0),(175,'芦荟鲜奶',9,24,NULL,'0','1',6,'0','',0,0,0,0,0,NULL,0),(176,'桂花蜂蜜鲜奶',9,24,NULL,'0','1',5,'0','',0,0,0,0,0,NULL,0),(177,'茉莉花鲜奶',9,24,NULL,'0','1',6,'0','',0,0,0,0,0,NULL,0),(178,'草莓鲜奶蜜',9,24,NULL,'0','1',6,'0','',0,0,0,0,0,NULL,0),(179,'手工布丁鲜奶',9,24,NULL,'0','1',6,'0','',0,0,0,0,0,NULL,0),(180,'金元宝馄饨王',6,26,NULL,'0','1',6,'0','',0,0,0,0,0,NULL,0),(181,'香脆馄饨（小）',6,26,NULL,'0','1',4,'0','',1,0,0,0,0,NULL,0),(182,'牛奶奥利奥',9,24,NULL,'0','1',6,'0','',0,0,0,0,0,NULL,0),(183,'香脆混沌（大）',6,26,NULL,'0','1',5,'0','',0,0,0,0,0,NULL,0),(184,'花生酱拌面',6,26,NULL,'0','1',4,'0','',1,0,0,0,0,NULL,0),(185,'鲜芒果奶乐',9,24,NULL,'0','1',7,'0','',0,0,0,0,0,NULL,0),(186,'葱油拌面',6,26,NULL,'0','1',4,'0','',0,0,0,0,0,NULL,0),(187,'一品蒸饺',6,26,NULL,'0','1',4,'0','',1,0,0,0,0,NULL,0),(188,'榴莲甘蔗鲜奶',9,24,NULL,'0','1',8,'0','',0,0,0,0,0,NULL,0),(189,'香拌馄饨',6,26,NULL,'0','1',6,'0','',0,0,0,0,0,NULL,0),(190,'香拌河粉',6,26,NULL,'0','1',6,'0','',0,0,0,0,0,NULL,0),(191,'手工紫薯鲜奶',9,24,NULL,'0','1',8,'0','',0,0,0,0,0,NULL,0),(192,'鸡蛋拌面',6,26,NULL,'0','1',7,'0','',0,0,0,0,0,NULL,0),(193,'养乐多绿茶',9,27,NULL,'0','1',6,'0','',0,0,0,0,0,NULL,0),(194,'肉丝拌面',6,26,NULL,'0','1',7,'0','',0,0,0,0,0,NULL,0),(195,'芒果养乐多',9,27,NULL,'0','1',7,'0','',0,0,0,0,0,NULL,0),(196,'金桔养乐多',9,27,NULL,'0','1',7,'0','',0,0,0,0,0,NULL,0),(197,'仲夏芒果雪酪',9,28,NULL,'0','1',7,'0','',0,0,0,0,0,NULL,0),(198,'香炸水饺',6,26,NULL,'0','1',6,'0','',0,0,0,0,0,NULL,0),(199,'森林梅果雪酪',9,28,NULL,'0','1',7,'0','',0,0,0,0,0,NULL,0),(200,'香炸馄饨',6,26,NULL,'0','1',6,'0','',0,0,0,0,0,NULL,0),(201,'酸辣粉',6,26,NULL,'0','1',6,'0','',0,0,0,0,0,NULL,0),(202,'抹茶红豆雪酪',9,28,NULL,'0','1',8,'0','',0,0,0,0,0,NULL,0),(203,'牛腩粉',6,26,NULL,'0','1',13,'0','',0,0,0,0,0,NULL,0),(204,'香草浮云雪酪',9,28,NULL,'0','1',10,'0','',0,0,0,0,0,NULL,0),(205,'青菜面',6,29,NULL,'0','1',4,'0','',0,0,0,0,0,NULL,0),(206,'青菜粉',6,29,NULL,'0','1',4,'0','',0,0,0,0,0,NULL,0),(207,'雪菜面',6,29,NULL,'0','1',4,'0','',0,0,0,0,0,NULL,0),(208,'全城热恋（橙）',9,30,NULL,'0','1',5,'0','',0,0,0,0,0,NULL,0),(209,'雪菜粉',6,29,NULL,'0','1',4,'0','',0,0,0,0,0,NULL,0),(210,'鸭爪面',6,29,NULL,'0','1',6,'0','',0,0,0,0,0,NULL,0),(211,'青柠寒天果茶',9,30,NULL,'0','1',5,'0','',0,0,0,0,0,NULL,0),(212,'鸭爪粉',6,29,NULL,'0','1',6,'0','',0,0,0,0,0,NULL,0),(213,'野莓寒天果茶',9,30,NULL,'0','1',6,'0','',0,0,0,0,0,NULL,0),(214,'鸡蛋面',6,29,NULL,'0','1',7,'0','',0,0,0,0,0,NULL,0),(215,'百香鲜果绿',9,30,NULL,'0','1',6,'0','',0,0,0,0,0,NULL,0),(216,'鸡蛋粉',6,29,NULL,'0','1',7,'0','',0,0,0,0,0,NULL,0),(217,'馄饨面',6,29,NULL,'0','1',7,'0','',0,0,0,0,0,NULL,0),(218,'馄饨粉',6,29,NULL,'0','1',7,'0','',0,0,0,0,0,NULL,0),(219,'青菜肉丝面',6,29,NULL,'0','1',7,'0','',0,0,0,0,0,NULL,0),(220,'青菜肉丝粉',6,29,NULL,'0','1',7,'0','',0,0,0,0,0,NULL,0),(221,'里脊面',6,29,NULL,'0','1',9,'0','',0,0,0,0,0,NULL,0),(222,'里脊粉',6,29,NULL,'0','1',9,'0','',0,0,0,0,0,NULL,0),(223,'鸡柳面',6,29,NULL,'0','1',9,'0','',0,0,0,0,0,NULL,0),(224,'鸡柳粉',6,29,NULL,'0','1',9,'0','',0,0,0,0,0,NULL,0),(225,'香浓鸳鸯',9,31,NULL,'0','1',7,'0','',0,0,0,0,0,NULL,0),(226,'经典拿铁',9,31,NULL,'0','1',8,'0','',0,0,0,0,0,NULL,0),(227,'卡布奇诺',9,31,NULL,'0','1',8,'0','',0,0,0,0,0,NULL,0),(228,'鸭胗面',6,29,NULL,'0','1',9,'0','',0,0,0,0,0,NULL,0),(229,'鸭胗粉',6,29,NULL,'0','1',9,'0','',0,0,0,0,0,NULL,0),(230,'鸡翅膀面',6,29,NULL,'0','1',9,'0','',0,0,0,0,0,NULL,0),(231,'鸡翅膀粉',6,29,NULL,'0','1',9,'0','',0,0,0,0,0,NULL,0),(232,'乌鸡粉',6,29,NULL,'0','1',10,'0','',0,0,0,0,0,NULL,0),(233,'乌鸡面',6,29,NULL,'0','1',10,'0','',0,0,0,0,0,NULL,0),(234,'排骨粉',6,29,NULL,'0','1',10,'0','',0,0,0,0,0,NULL,0),(235,'排骨面',6,29,NULL,'0','1',10,'0','',0,0,0,0,0,NULL,0),(236,'焦糖玛奇朵',9,31,NULL,'0','1',10,'0','',0,0,0,0,0,NULL,0),(237,'双皮奶',9,32,NULL,'0','1',5,'0','',0,0,0,0,0,NULL,0),(238,'芒果布丁',9,32,NULL,'0','1',6,'0','',0,0,0,0,0,NULL,0),(239,'手工芋圆冰',9,32,NULL,'0','1',8,'0','',0,0,0,0,0,NULL,0),(240,'台湾仙草冰',9,32,NULL,'0','1',8,'0','',0,0,0,0,0,NULL,0),(241,'老鸭面',6,29,NULL,'0','1',10,'0','',0,0,0,0,0,NULL,0),(242,'老鸭粉',6,29,NULL,'0','1',10,'0','',0,0,0,0,0,NULL,0),(243,'鲜嫩大排面',6,29,NULL,'0','1',10,'0','',0,0,0,0,0,NULL,0),(244,'鲜嫩大排粉',6,29,NULL,'0','1',10,'0','',0,0,0,0,0,NULL,0),(245,'珍珠',9,33,NULL,'0','1',0,'0','',0,0,0,0,0,NULL,0),(246,'胚芽',9,33,NULL,'0','1',1,'0','',0,0,0,0,0,NULL,0),(247,'椰果',9,33,NULL,'0','1',1,'0','',0,0,0,0,0,NULL,0),(248,'猪肚面',6,29,NULL,'0','1',10,'0','',0,0,0,0,0,NULL,0),(249,'猪肚粉',6,29,NULL,'0','1',10,'0','',0,0,0,0,0,NULL,0),(250,'鸡腿面',6,29,NULL,'0','1',10,'0','',0,0,0,0,0,NULL,0),(251,'鸡腿粉',6,29,NULL,'0','1',10,'0','',0,0,0,0,0,NULL,0),(252,'仙草冻',9,33,NULL,'0','1',1,'0','',0,0,0,0,0,NULL,0),(253,'奥利奥',9,33,NULL,'0','1',3,'0','',0,0,0,0,0,NULL,0),(254,'水晶球',9,33,NULL,'0','1',3,'0','',0,0,0,0,0,NULL,0),(255,'爆爆蛋',9,33,NULL,'0','1',3,'0','',0,0,0,0,0,NULL,0),(256,'鸽子粉',6,29,NULL,'0','1',13,'0','',0,0,0,0,0,NULL,0),(257,'鸽子面',6,29,NULL,'0','1',13,'0','',0,0,0,0,0,NULL,0),(258,'鸭腿粉',6,29,NULL,'0','1',10,'0','',0,0,0,0,0,NULL,0),(259,'鸭腿面',6,29,NULL,'0','1',10,'0','',0,0,0,0,0,NULL,0),(260,'布丁',9,33,NULL,'0','1',2,'0','',0,0,0,0,0,NULL,0),(261,'红豆',9,33,NULL,'0','1',2,'0','',0,0,0,0,0,NULL,0),(262,'蔬菜蛋炒饭',6,34,NULL,'0','1',7,'0','',0,0,0,0,0,NULL,0),(263,'雪菜蛋炒饭',6,34,NULL,'0','1',7,'0','',0,0,0,0,0,NULL,0),(264,'鸡蛋炒河粉',6,34,NULL,'0','1',7,'0','',0,0,0,0,0,NULL,0),(265,'鸡蛋炒年糕',6,34,NULL,'0','1',7,'0','',0,0,0,0,0,NULL,0),(266,'肉丝鸡蛋炒面',6,34,NULL,'0','1',9,'0','',0,0,0,0,0,NULL,0),(267,'肉丝鸡蛋炒饭',6,34,NULL,'0','1',9,'0','',0,0,0,0,0,NULL,0),(268,'鸡蛋炒米线',6,34,NULL,'0','1',7,'0','',0,0,0,0,0,NULL,0),(269,'鸡蛋炒面',6,34,NULL,'0','1',7,'0','',0,0,0,0,0,NULL,0),(270,'肉丝鸡蛋炒米线',6,34,NULL,'0','1',9,'0','',0,0,0,0,0,NULL,0),(271,'腊肉炒饭',6,34,NULL,'0','1',10,'0','',0,0,0,0,0,NULL,0),(272,'腊肉炒面',6,34,NULL,'0','1',10,'0','',0,0,0,0,0,NULL,0),(273,'腊肉炒粉',6,34,NULL,'0','1',10,'0','',0,0,0,0,0,NULL,0),(274,'腊肠炒饭',6,34,NULL,'0','1',10,'0','',0,0,0,0,0,NULL,0),(275,'腊肠炒面',6,34,NULL,'0','1',10,'0','',0,0,0,0,0,NULL,0),(276,'腊肠炒粉',6,34,NULL,'0','1',10,'0','',0,0,0,0,0,NULL,0),(277,'辣子鸡炒面',6,34,NULL,'0','1',10,'0','',0,0,0,0,0,NULL,0),(278,'辣子鸡炒饭',6,34,NULL,'0','1',10,'0','',0,0,0,0,0,NULL,0),(279,'辣子鸡炒年糕',6,34,NULL,'0','1',10,'0','',0,0,0,0,0,NULL,0),(280,'菜泡饭',6,35,NULL,'0','1',8,'0','',0,0,0,0,0,NULL,0),(281,'排骨汤泡饭',6,35,NULL,'0','1',12,'0','',0,0,0,0,0,NULL,0),(282,'乌鸡汤泡饭',6,35,NULL,'0','1',12,'0','',0,0,0,0,0,NULL,0),(283,'老鸭汤泡饭',6,35,NULL,'0','1',12,'0','',0,0,0,0,0,NULL,0),(284,'猪心汤泡饭',6,35,NULL,'0','1',12,'0','',0,0,0,0,0,NULL,0),(285,'猪肚汤泡饭',6,35,NULL,'0','1',12,'0','',0,0,0,0,0,NULL,0),(286,'猪脑汤泡饭',6,35,NULL,'0','1',12,'0','',0,0,0,0,0,NULL,0),(287,'乳鸽汤泡饭',6,35,NULL,'0','1',16,'0','',0,0,0,0,0,NULL,0),(288,'香肠蛋炒饭',6,35,NULL,'0','1',9,'0','',0,0,0,0,0,NULL,0),(289,'香菇蛋炒饭',6,35,NULL,'0','1',9,'0','',0,0,0,0,0,NULL,0),(290,'西红柿蛋炒饭',6,35,NULL,'0','1',9,'0','',0,0,0,0,0,NULL,0),(291,'鸡腿饭',6,36,NULL,'0','1',11,'0','',0,0,0,0,0,NULL,0),(292,'肉丝饭',6,36,NULL,'0','1',11,'0','',0,0,0,0,0,NULL,0),(293,'鸭脖饭',6,36,NULL,'0','1',12,'0','',0,0,0,0,0,NULL,0),(294,'香嫩大排饭',6,36,NULL,'0','1',12,'0','',0,0,0,0,0,NULL,0),(295,'鸭腿饭',6,36,NULL,'0','1',12,'0','',1,0,0,0,0,NULL,0),(296,'东陂烧肉饭',6,36,NULL,'0','1',13,'0','',0,0,0,0,0,NULL,0),(297,'腊肉饭',6,36,NULL,'0','1',12,'0','',0,0,0,0,0,NULL,0),(298,'牛腩饭',6,36,NULL,'0','u',13,'0','',0,0,0,0,0,NULL,0),(299,'辣子鸡饭',6,36,NULL,'0','1',11,'0','',0,0,0,0,0,NULL,0),(300,'排骨汤套餐',6,38,NULL,'0','1',12,'0','',0,0,0,0,0,NULL,0),(301,'乌鸡汤套餐',6,38,NULL,'0','1',12,'0','',1,0,0,0,0,NULL,0),(302,'老鸭汤套餐',6,38,NULL,'0','1',12,'0','',0,0,0,0,0,NULL,0),(303,'猪心汤套餐',6,38,NULL,'0','1',12,'0','',0,0,0,0,0,NULL,0),(304,'猪脑汤套餐',6,38,NULL,'0','1',12,'0','',0,0,0,0,0,NULL,0),(305,'猪肚汤套餐',6,38,NULL,'0','1',12,'0','',0,0,0,0,0,NULL,0),(306,'猪蹄套餐',6,38,NULL,'0','1',12,'0','',1,0,0,0,0,NULL,0),(307,'乳鸽汤套餐',6,38,NULL,'0','1',15,'0','',0,0,0,0,0,NULL,0),(308,'玉竹排骨汤',6,39,NULL,'0','1',8,'0','清凉补钙',0,0,0,0,0,NULL,0),(309,'百灵草乌鸡汤',6,39,NULL,'0','1',8,'0','滋补养颜',0,0,0,0,0,NULL,0),(310,'茶树菇老鸭汤',6,39,NULL,'0','1',8,'0','益脾健胃',0,0,0,0,0,NULL,0),(311,'枸杞猪心汤',6,39,NULL,'0','1',7,'0','补血益气',0,0,0,0,0,NULL,0),(312,'莲子猪肚汤',6,39,NULL,'0','1',7,'0','清凉健脾',0,0,0,0,0,NULL,0),(313,'牛肉汤',6,39,NULL,'0','1',9,'0','补肾祛寒',0,0,0,0,0,NULL,0),(314,'花旗参乳鸽汤',6,39,NULL,'0','1',12,'0','十全大补',0,0,0,0,0,NULL,0),(315,'卤蛋',6,40,NULL,'0','1',1.5,'0','',3,0,0,0,0,NULL,0),(316,'香肠',6,40,NULL,'0','1',1.5,'0','',0,0,0,0,0,NULL,0),(317,'荷包蛋',6,40,NULL,'0','1',2,'0','',0,0,0,0,0,NULL,0),(318,'香辣鸡腿',6,40,NULL,'0','1',5,'0','',0,0,0,0,0,NULL,0),(319,'香辣鸭头',6,40,NULL,'0','1',5,'0','',0,0,0,0,0,NULL,0),(320,'香辣鸭脖',6,40,NULL,'0','1',6,'0','',0,0,0,0,0,NULL,0),(321,'香辣大排',6,40,NULL,'0','1',7,'0','',0,0,0,0,0,NULL,0),(322,'香辣鸭腿',6,40,NULL,'0','1',7,'0','',0,0,0,0,0,NULL,0),(323,'香辣鸭爪',6,40,NULL,'0','u',2,'0','',0,0,0,0,0,NULL,0),(324,'香辣鸭胗',6,40,NULL,'0','u',5,'0','',0,0,0,0,0,NULL,0),(325,'香辣鸡翅膀',6,40,NULL,'0','u',6,'0','',0,0,0,0,0,NULL,0),(326,'绿豆沙冰',6,40,NULL,'0','1',3,'0','',0,0,0,0,0,NULL,0),(327,'蛋炒饭',4,41,NULL,'0','1',7,'0','',0,0,0,0,0,NULL,12),(328,'翡翠滑菇蛋炒饭',4,41,NULL,'0','1',8,'0','',0,0,0,0,0,NULL,11),(329,'扬州炒饭',4,41,NULL,'0','1',8,'0','',2,0,0,0,0,NULL,10),(330,'泡菜肉丝炒饭',4,41,NULL,'0','1',9,'0','',1,0,0,1,0,NULL,9),(331,'泡菜鸡丁炒饭',4,41,NULL,'0','1',9,'0','',0,0,0,0,0,NULL,8),(332,'雪菜肉丝炒饭',4,41,NULL,'0','1',9,'0','',0,0,0,0,0,NULL,7),(333,'韩式泡菜炒饭',4,41,NULL,'0','1',9,'0','',0,0,0,0,0,NULL,6),(334,'老干妈鸡肉炒饭',4,41,NULL,'0','1',9,'0','',2,0,0,0,0,NULL,5),(335,'杭椒鸡柳炒饭',4,41,NULL,'0','1',10,'0','',0,0,0,0,0,NULL,4),(336,'香乐港式炒饭',4,41,NULL,'0','1',10,'0','',0,0,0,0,0,NULL,3),(337,'咖喱鸡肉炒饭',4,41,NULL,'0','1',10,'0','',5,0,0,3,0,NULL,2),(338,'腊味缤纷炒饭',4,41,NULL,'0','1',12,'0','',0,0,0,0,0,NULL,1),(339,'杭椒牛柳炒饭',4,41,NULL,'0','1',12,'0','',3,0,0,1,0,NULL,0),(340,'番茄炒蛋饭',4,42,NULL,'0','1',10,'0','',0,0,0,0,0,NULL,12),(341,'咖喱鸡肉饭',4,42,NULL,'0','1',12,'0','',1,0,0,1,0,NULL,3),(342,'红烧排骨饭',4,42,NULL,'0','1',12,'0','',2,0,0,0,0,NULL,4),(343,'老干妈鸡仔饭',4,42,NULL,'0','1',12,'0','',0,0,0,0,0,NULL,5),(344,'红烧大排饭',4,42,NULL,'0','1',12,'0','',0,0,0,0,0,NULL,6),(345,'红烧鸡腿饭',4,42,NULL,'0','1',12,'0','',2,0,0,0,1,NULL,7),(346,'香乐猪排套餐',4,42,NULL,'0','1',12,'0','',1,0,0,0,0,NULL,8),(347,'香乐鸡排套餐',4,42,NULL,'0','1',12,'0','',9,0,0,3,1,NULL,9),(348,'回锅肉套餐',4,42,NULL,'0','1',12,'0','',1,0,0,0,0,NULL,10),(349,'茶树菇鸡块套餐',4,42,NULL,'0','1',12,'0','',1,0,0,0,0,NULL,11),(350,'狮子头饭',4,42,NULL,'0','1',15,'0','',0,0,0,0,0,NULL,0),(351,'咖喱牛腩饭',4,42,NULL,'0','1',15,'0','',0,0,0,0,0,NULL,1),(352,'红烧牛腩饭',4,42,NULL,'0','1',15,'0','',0,0,0,0,0,NULL,2),(353,'烧鸭面（小）',5,44,NULL,'0','1',7,'0','',0,0,0,0,0,NULL,38),(354,'烧鸭面（中）',5,44,NULL,'0','1',8,'0','',0,0,0,0,0,NULL,37),(355,'烧鸭面（大）',5,44,NULL,'0','1',9,'0','',2,0,0,0,0,NULL,36),(356,'青菜鸡蛋炒面',4,43,NULL,'0','1',8,'0','',0,0,0,0,0,NULL,0),(357,'韩式泡菜炒面',4,43,NULL,'0','1',9,'0','',0,0,0,0,0,NULL,0),(358,'雪菜肉丝炒面',4,43,NULL,'0','1',9,'0','',0,0,0,0,0,NULL,0),(359,'泡菜肉丝炒面',4,43,NULL,'0','1',9,'0','',0,0,0,0,0,NULL,0),(360,'烧鸭米线（小）',5,44,NULL,'0','1',7,'0','',0,0,0,0,0,NULL,15),(361,'烧鸭米线（中）',5,44,NULL,'0','1',8,'0','',0,0,0,0,0,NULL,14),(362,'烧鸭米线（大）',5,44,NULL,'0','1',9,'0','',0,0,0,0,0,NULL,13),(363,'烧鸭粉丝（小）',5,44,NULL,'0','1',7,'0','',0,0,0,0,0,NULL,12),(364,'烧鸭粉丝（中）',5,44,NULL,'0','1',8,'0','',0,0,0,0,0,NULL,11),(365,'茶树菇肉丝炒面',4,43,NULL,'0','1',12,'0','',0,0,0,0,0,NULL,0),(366,'意大利肉酱面',4,43,NULL,'0','1',15,'0','',1,0,0,0,0,NULL,0),(367,'培根蘑菇意大利面',4,43,NULL,'0','1',15,'0','',1,0,0,1,0,NULL,0),(368,'烧鸭粉丝（大）',5,44,NULL,'0','1',9,'0','',0,0,0,0,0,NULL,10),(369,'黑椒牛柳意大利面',4,43,NULL,'0','1',18,'0','',0,0,0,0,0,NULL,0),(370,'烧鸭年糕（小）',5,44,NULL,'0','1',7,'0','',0,0,0,0,0,NULL,9),(371,'烧鸭年糕（中）',5,44,NULL,'0','1',8,'0','',0,0,0,0,0,NULL,8),(372,'烧鸭年糕（大）',5,44,NULL,'0','1',9,'0','',2,0,0,0,0,NULL,7),(373,'烧鸭泡饭（小）',5,44,NULL,'0','1',7,'0','',0,0,0,0,0,NULL,6),(374,'薯条',4,45,NULL,'0','1',5,'0','',0,0,0,0,0,NULL,0),(375,'骨肉相连',4,45,NULL,'0','1',5,'0','两串',0,0,0,0,0,NULL,0),(376,'鸡米花',4,45,NULL,'0','1',6,'0','',0,0,0,0,0,NULL,0),(377,'烧鸭泡饭（中）',5,44,NULL,'0','1',8,'0','',0,0,0,0,0,NULL,5),(378,'香乐鸡柳',4,45,NULL,'0','1',7,'0','',1,0,0,0,0,NULL,0),(379,'烧鸭泡饭（大）',5,44,NULL,'0','1',9,'0','',0,0,0,0,0,NULL,4),(380,'烧鸭米面（小）',5,44,NULL,'0','1',7,'0','',0,0,0,0,0,NULL,3),(381,'烧鸭米面（中）',5,44,NULL,'0','1',8,'0','',0,0,0,0,0,NULL,2),(382,'烧鸭米面（大）',5,44,NULL,'0','1',9,'0','',0,0,0,0,0,NULL,1),(383,'香辣鸡翅',4,45,NULL,'0','1',7,'0','',0,0,0,0,0,NULL,0),(384,'香乐鸡排（一份）',4,45,NULL,'0','1',5,'0','',1,0,0,0,0,NULL,0),(385,'香乐鸡排（两份）',4,45,NULL,'0','1',9,'0','',1,0,0,1,0,NULL,0),(386,'香乐鸡肉卷',4,45,NULL,'0','1',10,'0','',0,0,0,0,0,NULL,0),(387,'鸭屯面（小）',5,44,NULL,'0','1',7,'0','',0,0,0,0,0,NULL,18),(388,'鸭屯面（中）',5,44,NULL,'0','1',8,'0','',0,0,0,0,0,NULL,17),(389,'鸭屯面（大）',5,44,NULL,'0','1',9,'0','',0,0,0,0,0,NULL,16),(390,'鸭肝面（小）',5,44,NULL,'0','1',7,'0','',0,0,0,0,0,NULL,35),(391,'鸭肝面（中）',5,44,NULL,'0','1',8,'0','',0,0,0,0,0,NULL,34),(392,'鸭肝面（大）',5,44,NULL,'0','1',9,'0','',0,0,0,0,0,NULL,33),(393,'鸭肠面（小）',5,44,NULL,'0','1',7,'0','',0,0,0,0,0,NULL,32),(394,'鸭肠面（中）',5,44,NULL,'0','1',8,'0','',0,0,0,0,0,NULL,31),(395,'鸭肠面（大）',5,44,NULL,'0','1',9,'0','',0,0,0,0,0,NULL,30),(396,'鸭头面（小）',5,44,NULL,'0','1',7,'0','',0,0,0,0,0,NULL,29),(397,'鸭头面（中）',5,44,NULL,'0','1',8,'0','',0,0,0,0,0,NULL,28),(398,'鸭头面（大）',5,44,NULL,'0','1',9,'0','',0,0,0,0,0,NULL,27),(399,'鸭脖子面（小）',5,44,NULL,'0','1',8,'0','',0,0,0,0,0,NULL,26),(400,'鸭脖子面（中）',5,44,NULL,'0','1',9,'0','',0,0,0,0,0,NULL,25),(401,'鸭脖子面（大）',5,44,NULL,'0','1',10,'0','',0,0,0,0,0,NULL,24),(402,'荷包蛋面（小）',5,44,NULL,'0','1',7,'0','',0,0,0,0,0,NULL,23),(403,'荷包蛋面（中）',5,44,NULL,'0','1',8,'0','',0,0,0,0,0,NULL,22),(404,'荷包蛋面（大）',5,44,NULL,'0','1',9,'0','',0,0,0,0,0,NULL,21),(405,'青菜面',5,44,NULL,'0','1',5,'0','',0,0,0,0,0,NULL,20),(406,'咸菜面',5,44,NULL,'0','1',5,'0','',0,0,0,0,0,NULL,19),(407,'水饺',5,44,NULL,'0','1',7,'0','',0,0,0,0,0,NULL,0),(408,'烧鸭盖饭',5,46,NULL,'0','1',8,'0','',2,0,0,0,0,NULL,0),(409,'西红柿炒蛋盖饭',5,46,NULL,'0','1',8,'0','',0,0,0,0,0,NULL,0),(410,'油焖笋盖饭',5,46,NULL,'0','1',8,'0','',0,0,0,0,0,NULL,0),(411,'烧鸭炒饭',5,47,NULL,'0','1',9,'0','',0,0,0,0,0,NULL,0),(412,'烧鸭炒年糕',5,47,NULL,'0','1',9,'0','',1,0,0,0,0,NULL,0),(413,'蛋炒饭',5,47,NULL,'0','1',6,'0','',0,0,0,0,0,NULL,0),(414,'鸭肉',5,48,NULL,'0','1',5,'0','',0,0,0,0,0,NULL,0),(415,'卤鸭脖子',5,48,NULL,'0','1',5,'0','',0,0,0,0,0,NULL,0),(416,'卤鸭头',5,48,NULL,'0','1',4,'0','',1,0,0,0,0,NULL,0),(417,'鸭屯',5,48,NULL,'0','1',3,'0','',0,0,0,0,0,NULL,0),(418,'鸭肝',5,48,NULL,'0','1',2,'0','',0,0,0,0,0,NULL,0),(419,'鸭爪',5,48,NULL,'0','1',1.5,'0','',0,0,0,0,0,NULL,0),(420,'荷包蛋',5,48,NULL,'0','1',1.5,'0','',1,0,0,0,0,NULL,0),(421,'可乐',5,49,NULL,'0','1',3,'0','',0,0,0,0,0,NULL,0),(422,'雪碧',5,49,NULL,'0','1',3,'0','',0,0,0,0,0,NULL,0),(423,'芬达',5,49,NULL,'0','1',3,'0','',0,0,0,0,0,NULL,0),(424,'加多宝',5,49,NULL,'0','1',5,'0','',0,0,0,0,0,NULL,0),(425,'水晶鲜虾锅（小）',10,50,NULL,'0','1',38,'0','',0,0,0,0,0,NULL,0),(426,'水晶鲜虾锅（大）',10,50,NULL,'0','1',48,'0','',0,0,0,0,0,NULL,0),(427,'水晶牛肉锅（小）',10,50,NULL,'0','1',38,'0','',0,0,0,0,0,NULL,0),(428,'水晶牛肉锅（大）',10,50,NULL,'0','1',50,'0','',0,0,0,0,0,NULL,0),(429,'水晶排骨锅（小）',10,50,NULL,'0','1',35,'0','',0,0,0,0,0,NULL,0),(430,'水晶排骨锅（大）',10,50,NULL,'0','1',45,'0','',0,0,0,0,0,NULL,0),(431,'水晶鸡翅锅（小）',10,50,NULL,'0','1',28,'0','',0,0,0,0,0,NULL,0),(432,'水晶鸡翅锅（大）',10,50,NULL,'0','1',38,'0','',0,0,0,0,0,NULL,0),(433,'水晶中翅锅（小）',10,50,NULL,'0','1',28,'0','',0,0,0,0,0,NULL,0),(434,'水晶中翅锅（大）',10,50,NULL,'0','1',38,'0','',0,0,0,0,0,NULL,0),(435,'水晶鸡块锅（小）',10,50,NULL,'0','1',28,'0','',0,0,0,0,0,NULL,0),(436,'水晶鸡块锅（大）',10,50,NULL,'0','1',38,'0','',0,0,0,0,0,NULL,0),(437,'水晶鱼头锅',10,50,NULL,'0','1',30,'0','',0,0,0,0,0,NULL,0),(438,'水晶鱼片锅（小）',10,50,NULL,'0','1',30,'0','',0,0,0,0,0,NULL,0),(439,'水晶鱼片锅（大）',10,50,NULL,'0','1',40,'0','',0,0,0,0,0,NULL,0),(440,'水晶里脊肉锅（小）',10,50,NULL,'0','u',30,'0','',0,0,0,0,0,NULL,0),(441,'水晶里脊肉锅（大）',10,50,NULL,'0','1',40,'0','',0,0,0,0,0,NULL,0),(442,'牛蛙泡泡锅（小）',10,50,NULL,'0','1',40,'0','',0,0,0,0,0,NULL,0),(443,'牛蛙泡泡锅（大）',10,50,NULL,'0','1',50,'0','',0,0,0,0,0,NULL,0),(444,'五花肉泡泡锅（小）',10,50,NULL,'0','1',28,'0','',0,0,0,0,0,NULL,0),(445,'五花肉泡泡锅（大）',10,50,NULL,'0','1',38,'0','',0,0,0,0,0,NULL,0),(446,'肉片泡泡锅（小）',10,50,NULL,'0','1',28,'0','特别推荐',0,0,0,0,0,NULL,0),(447,'肉片泡泡锅（大）',10,50,NULL,'0','1',38,'0','特别推荐',0,0,0,0,0,NULL,0),(448,'香鸭泡泡锅（小）',10,50,NULL,'0','1',30,'0','特别推荐',0,0,0,0,0,NULL,0),(449,'香鸭泡泡锅（大）',10,50,NULL,'0','1',40,'0','特别推荐',0,0,0,0,0,NULL,0),(450,'甜不辣',10,51,NULL,'0','1',10,'0','',0,0,0,0,0,NULL,0),(451,'肥肠',10,51,NULL,'0','1',15,'0','',0,0,0,0,0,NULL,0),(452,'五香腊肉',10,51,NULL,'0','1',12,'0','',0,0,0,0,0,NULL,0),(453,'迷你肉',10,51,NULL,'0','1',12,'0','',0,0,0,0,0,NULL,0),(454,'大肉串',10,51,NULL,'0','1',10,'0','',0,0,0,0,0,NULL,0),(455,'鸡中翅',10,51,NULL,'0','1',12,'0','',0,0,0,0,0,NULL,0),(456,'鲜羊肉',10,51,NULL,'0','1',12,'0','',0,0,0,0,0,NULL,0),(457,'鲜肥牛',10,51,NULL,'0','1',12,'0','',0,0,0,0,0,NULL,0),(458,'鲜虾',10,51,NULL,'0','1',12,'0','',0,0,0,0,0,NULL,0),(459,'牛肉丸',10,51,NULL,'0','1',12,'0','',0,0,0,0,0,NULL,0),(460,'牛百叶',10,51,NULL,'0','1',12,'0','',0,0,0,0,0,NULL,0),(461,'亲亲肠',10,51,NULL,'0','1',10,'0','',0,0,0,0,0,NULL,0),(462,'蒸饺',10,51,NULL,'0','1',10,'0','',0,0,0,0,0,NULL,0),(463,'方腿',10,51,NULL,'0','1',10,'0','',0,0,0,0,0,NULL,0),(464,'蟹肉帮',10,51,NULL,'0','1',10,'0','',0,0,0,0,0,NULL,0),(465,'包心鱼丸',10,51,NULL,'0','1',10,'0','',0,0,0,0,0,NULL,0),(466,'包心贡丸',10,51,NULL,'0','1',10,'0','',0,0,0,0,0,NULL,0),(467,'香菇贡丸',10,51,NULL,'0','1',10,'0','',0,0,0,0,0,NULL,0),(468,'鸡心',10,51,NULL,'0','1',10,'0','',0,0,0,0,0,NULL,0),(469,'鸡尖',10,51,NULL,'0','1',10,'0','',0,0,0,0,0,NULL,0),(470,'脆皮肠',10,51,NULL,'0','1',10,'0','',0,0,0,0,0,NULL,0),(471,'鹌鹑蛋',10,51,NULL,'0','1',10,'0','',0,0,0,0,0,NULL,0),(472,'秀珍菇',10,51,NULL,'0','1',8,'0','',0,0,0,0,0,NULL,0),(473,'娃娃菜',10,51,NULL,'0','1',7,'0','',0,0,0,0,0,NULL,0),(474,'大白菜',10,51,NULL,'0','1',5,'0','',0,0,0,0,0,NULL,0),(475,'冬瓜',10,51,NULL,'0','1',6,'0','',0,0,0,0,0,NULL,0),(476,'金针菇',10,51,NULL,'0','1',8,'0','',0,0,0,0,0,NULL,0),(477,'西兰花',10,51,NULL,'0','1',8,'0','',0,0,0,0,0,NULL,0),(478,'土豆片',10,51,NULL,'0','1',5,'0','',0,0,0,0,0,NULL,0),(479,'香菇',10,51,NULL,'0','1',8,'0','',0,0,0,0,0,NULL,0),(480,'平菇',10,51,NULL,'0','1',7,'0','',0,0,0,0,0,NULL,0),(481,'宽粉',10,51,NULL,'0','1',5,'0','',0,0,0,0,0,NULL,0),(482,'小青菜',10,51,NULL,'0','1',5,'0','',0,0,0,0,0,NULL,0),(483,'骨肉相连',10,51,NULL,'0','1',10,'0','',0,0,0,0,0,NULL,0),(484,'蛋饺',10,51,NULL,'0','1',8,'0','',0,0,0,0,0,NULL,0),(485,'鱼豆腐',10,51,NULL,'0','1',10,'0','',0,0,0,0,0,NULL,0),(486,'水晶饺',10,51,NULL,'0','1',8,'0','',0,0,0,0,0,NULL,0),(487,'热狗',10,51,NULL,'0','1',8,'0','',0,0,0,0,0,NULL,0),(488,'鸭肠',10,51,NULL,'0','1',10,'0','',0,0,0,0,0,NULL,0),(489,'鸭血',10,51,NULL,'0','1',7,'0','',0,0,0,0,0,NULL,0),(490,'海带结',10,51,NULL,'0','1',5,'0','',0,0,0,0,0,NULL,0),(491,'生菜',10,51,NULL,'0','1',5,'0','',0,0,0,0,0,NULL,0),(492,'花菜',10,51,NULL,'0','1',5,'0','',0,0,0,0,0,NULL,0),(493,'菠菜',10,51,NULL,'0','1',5,'0','',0,0,0,0,0,NULL,0),(494,'香菜',10,51,NULL,'0','1',5,'0','',0,0,0,0,0,NULL,0),(495,'腐竹',10,51,NULL,'0','1',5,'0','',0,0,0,0,0,NULL,0),(496,'笋尖',10,51,NULL,'0','1',8,'0','',0,0,0,0,0,NULL,0),(497,'油豆腐',10,51,NULL,'0','1',6,'0','',0,0,0,0,0,NULL,0),(498,'白萝卜',10,51,NULL,'0','1',5,'0','',0,0,0,0,0,NULL,0),(499,'莴笋',10,51,NULL,'0','1',5,'0','',0,0,0,0,0,NULL,0),(500,'藕片',10,51,NULL,'0','1',5,'0','',0,0,0,0,0,NULL,0),(501,'百叶结',10,51,NULL,'0','1',6,'0','',0,0,0,0,0,NULL,0),(502,'千张',10,51,NULL,'0','1',6,'0','',0,0,0,0,0,NULL,0),(503,'中豆腐',10,51,NULL,'0','1',5,'0','',0,0,0,0,0,NULL,0),(504,'番茄',10,51,NULL,'0','1',7,'0','',0,0,0,0,0,NULL,0),(505,'香肠',10,51,NULL,'0','1',12,'0','',0,0,0,0,0,NULL,0),(506,'黑木耳',10,51,NULL,'0','1',7,'0','',0,0,0,0,0,NULL,0),(507,'西芹菜',10,51,NULL,'0','1',5,'0','',0,0,0,0,0,NULL,0),(508,'山药',10,51,NULL,'0','1',8,'0','',0,0,0,0,0,NULL,0),(509,'绿豆芽',10,51,NULL,'0','1',5,'0','',0,0,0,0,0,NULL,0),(510,'红薯',10,51,NULL,'0','1',5,'0','',0,0,0,0,0,NULL,0),(511,'玉米',10,51,NULL,'0','1',5,'0','',0,0,0,0,0,NULL,0),(512,'油面筋',10,51,NULL,'0','1',4,'0','',0,0,0,0,0,NULL,0),(513,'油条',10,51,NULL,'0','1',5,'0','',0,0,0,0,0,NULL,0),(514,'年糕',10,51,NULL,'0','1',5,'0','',0,0,0,0,0,NULL,0),(515,'豆腐皮',10,51,NULL,'0','1',5,'0','',0,0,0,0,0,NULL,0),(516,'日本豆腐',10,51,NULL,'0','1',8,'0','',0,0,0,0,0,NULL,0),(517,'粉丝',10,51,NULL,'0','1',5,'0','',0,0,0,0,0,NULL,0),(518,'冻豆腐',10,51,NULL,'0','1',5,'0','',0,0,0,0,0,NULL,0),(519,'猪血',10,51,NULL,'0','1',5,'0','',0,0,0,0,0,NULL,0),(520,'面结',10,51,NULL,'0','1',8,'0','',0,0,0,0,0,NULL,0),(521,'虾丸',10,51,NULL,'0','1',10,'0','',0,0,0,0,0,NULL,0),(522,'千叶豆腐',10,51,NULL,'0','1',7,'0','',0,0,0,0,0,NULL,0),(523,'青瓜',10,51,NULL,'0','1',6,'0','',0,0,0,0,0,NULL,0),(524,'红牛',10,52,NULL,'0','1',6,'0','',0,0,0,0,0,NULL,0),(525,'雪碧',10,52,NULL,'0','1',6,'0','1.25升',0,0,0,0,0,NULL,0),(526,'可乐',10,52,NULL,'0','1',6,'0','1.25升',0,0,0,0,0,NULL,0),(527,'芬达',10,52,NULL,'0','1',6,'0','1.25升',0,0,0,0,0,NULL,0),(528,'王老吉',10,52,NULL,'0','1',5,'0','',0,0,0,0,0,NULL,0),(529,'酷儿',10,52,NULL,'0','1',8,'0','',0,0,0,0,0,NULL,0),(530,'劲酒',10,52,NULL,'0','1',12,'0','',0,0,0,0,0,NULL,0),(531,'雪花啤酒',10,52,NULL,'0','1',3,'0','',0,0,0,0,0,NULL,0),(532,'大梁山',10,52,NULL,'0','1',5,'0','',0,0,0,0,0,NULL,0),(533,'阿拉老酒',10,52,NULL,'0','1',12,'0','',0,0,0,0,0,NULL,0),(534,'威龙干红葡萄酒',10,52,NULL,'0','1',38,'0','',0,0,0,0,0,NULL,0),(535,'雪碧（听）',10,52,NULL,'0','1',3,'0','',0,0,0,0,0,NULL,0),(536,'可乐（听）',10,52,NULL,'0','1',3,'0','',0,0,0,0,0,NULL,0),(537,'芬达（听）',10,52,NULL,'0','1',3,'0','',0,0,0,0,0,NULL,0),(538,'果粒橙',10,52,NULL,'0','1',8,'0','',0,0,0,0,0,NULL,0),(539,'红星二锅头',10,52,NULL,'0','1',10,'0','',0,0,0,0,0,NULL,0),(540,'椰汁',10,52,NULL,'0','1',5,'0','',0,0,0,0,0,NULL,0),(541,'旺仔',10,52,NULL,'0','1',5,'0','',0,0,0,0,0,NULL,0),(542,'金六福',10,52,NULL,'0','1',78,'0','',0,0,0,0,0,NULL,0),(543,'滋补筒骨锅底',10,53,NULL,'0','1',0,'0','',0,0,0,0,0,NULL,0),(544,'格式调料酱',10,53,NULL,'0','1',0,'0','',0,0,0,0,0,NULL,0),(545,'麻辣锅底红汤型',10,53,NULL,'0','1',5,'0','',0,0,0,0,0,NULL,0),(546,'人次',7,54,NULL,'0','1',38,'0','自助火锅烧烤，38元每位',0,0,0,0,0,NULL,0),(547,'餐具',7,54,NULL,'0','1',1,'0','餐具1元每套',0,0,0,0,0,NULL,0),(548,'酱料',7,54,NULL,'0','1',3,'0','酱料3元每人',0,0,0,0,0,NULL,0),(549,'滋补清汤',7,55,NULL,'0','1',5,'0','',0,0,0,0,0,NULL,0),(550,'经典红汤',7,55,NULL,'0','1',6,'0','',0,0,0,0,0,NULL,0),(551,'红烧牛肉',7,55,NULL,'0','1',8,'0','',0,0,0,0,0,NULL,0),(552,'美容番茄',7,55,NULL,'0','1',6,'0','',0,0,0,0,0,NULL,0),(553,'参拌排骨清汤',7,55,NULL,'0','1',7,'0','',0,0,0,0,0,NULL,0),(554,'三花养颜去火',7,55,NULL,'0','1',6,'0','',0,0,0,0,0,NULL,0),(555,'鸡肉蘑菇&#40;12英寸&#41;',12,56,NULL,'0','1',38,'0','烤鸡肉、青椒、洋葱、蘑菇、自制番茄酱、马苏里拉芝士',1,5,1,0,0,NULL,0),(556,'鸡肉蘑菇（9英寸）',12,56,NULL,'0','1',28,'0','烤鸡肉、青椒、洋葱、蘑菇、自制番茄酱、马苏里拉芝士',0,0,0,0,0,NULL,0),(557,'菠萝鸡肉（12英寸）',12,56,NULL,'0','1',38,'0','烤鸡肉、青椒、洋葱、菠萝、咖喱粉、自制番茄酱、马苏里拉芝士',0,0,0,0,0,NULL,0),(558,'菠萝鸡肉（9英寸）',12,56,NULL,'0','1',28,'0','烤鸡肉、青椒、洋葱、菠萝、咖喱粉、自制番茄酱、马苏里拉芝士',0,0,0,0,0,NULL,0),(559,'意大利至尊（12英寸）',12,56,NULL,'0','1',38,'0','火腿、莎拉美肠、培根、黑水榄、洋葱、青椒、自制番茄酱、马苏里拉芝士',0,0,0,0,0,NULL,0),(560,'意大利至尊（9英寸）',12,56,NULL,'0','1',28,'0','火腿、莎拉美肠、培根、黑水榄、洋葱、青椒、自制番茄酱、马苏里拉芝士',1,0,0,0,0,NULL,0),(561,'墨西哥香辣（12英寸）',12,56,NULL,'0','1',38,'0','烤鸡肉、培根、洋葱、青椒、特制辣椒汁、自制番茄酱、马苏里拉芝士',0,0,0,0,0,NULL,0),(562,'墨西哥香辣（9英寸）',12,56,NULL,'0','1',28,'0','烤鸡肉、培根、洋葱、青椒、特制辣椒汁、自制番茄酱、马苏里拉芝士',0,0,0,0,0,NULL,0),(563,'热辣南美（12英寸）',12,56,NULL,'0','1',38,'0','培根、蘑菇、青椒、洋葱、自制番茄酱、马苏里拉芝士',0,0,0,0,0,NULL,0),(564,'热辣南美（9英寸）',12,56,NULL,'0','1',28,'0','培根、蘑菇、青椒、洋葱、自制番茄酱、马苏里拉芝士',0,0,0,0,0,NULL,0),(565,'肉香漫溢（12英寸）',12,56,NULL,'0','1',45,'0','培根、火腿、法兰克福牛肉熏肠、蘑菇、青椒、洋葱、自制番茄酱、马苏里拉芝士',0,0,0,0,0,NULL,0),(566,'肉香漫溢（9英寸）',12,56,NULL,'0','1',35,'0','培根、火腿、法兰克福牛肉熏肠、蘑菇、青椒、洋葱、自制番茄酱、马苏里拉芝士',0,0,0,0,0,NULL,0),(567,'热带杂果（12英寸）',12,56,NULL,'0','1',38,'0','混合水果粒、蛋黄酱、马苏里拉芝士',0,0,0,0,0,NULL,0),(568,'热带杂果（9英寸）',12,56,NULL,'0','1',28,'0','混合水果粒、蛋黄酱、马苏里拉芝士',0,0,0,0,0,NULL,0),(569,'夏威夷（9英寸）',12,56,NULL,'0','1',28,'0','火腿、菠萝、蛋黄酱、马苏里拉芝士',0,0,0,0,0,NULL,0),(570,'夏威夷（12英寸）',12,56,NULL,'0','1',38,'0','火腿、菠萝、蛋黄酱、马苏里拉芝士',0,0,0,0,0,NULL,0),(571,'黑椒牛肉（12英寸）',12,56,NULL,'0','1',38,'0','烤黑椒牛肉、青椒、洋葱、自制番茄酱、马苏里拉芝士',1,0,0,0,0,NULL,0),(572,'黑椒牛肉（9英寸）',12,56,NULL,'0','1',28,'0','烤黑椒牛肉、青椒、洋葱、自制番茄酱、马苏里拉芝士',1,0,0,0,1,NULL,0),(573,'曼哈顿（12英寸）',12,56,NULL,'0','1',45,'0','法兰克福牛肉熏肠、蘑菇、牛肉、青椒、洋葱、自制番茄酱、马苏里拉芝士',1,0,0,0,0,NULL,0),(574,'曼哈顿（9英寸）',12,56,NULL,'0','1',35,'0','法兰克福牛肉熏肠、蘑菇、牛肉、青椒、洋葱、自制番茄酱、马苏里拉芝士',0,0,0,0,0,NULL,0),(575,'那不勒斯风味（12英寸）',12,56,NULL,'0','1',38,'0','意大利莎拉美肠、蘑菇、黑水榄、洋葱、青椒、自制番茄酱、马苏里拉芝士',0,0,0,0,0,NULL,0),(576,'那不勒斯风味（9英寸）',12,56,NULL,'0','1',28,'0','意大利莎拉美肠、蘑菇、黑水榄、洋葱、青椒、自制番茄酱、马苏里拉芝士',0,0,0,0,0,NULL,0),(577,'德州烤肉（12英寸）',12,56,NULL,'0','1',38,'0','碳烤猪肉、洋葱、青椒、蘑菇、自制番茄酱、马苏里拉芝士',1,0,0,1,0,NULL,0),(578,'德州烤肉（9英寸）',12,56,NULL,'0','1',28,'0','碳烤猪肉、洋葱、青椒、蘑菇、自制番茄酱、马苏里拉芝士',0,0,0,0,0,NULL,0),(579,'什锦海鲜（12英寸）',12,56,NULL,'0','1',45,'0','虾仁、八爪鱼、蟹柳、洋葱、青椒、黑水榄、自制番茄酱、马苏里拉芝士',0,0,0,0,0,NULL,0),(580,'什锦海鲜（9英寸）',12,56,NULL,'0','1',35,'0','虾仁、八爪鱼、蟹柳、洋葱、青椒、黑水榄、自制番茄酱、马苏里拉芝士',1,0,0,1,0,NULL,0),(581,'泰式吞拿鱼（12英寸）',12,56,NULL,'0','1',45,'0','吞拿鱼、洋葱、德国酸青瓜、青椒、自制番茄酱、马苏里拉芝士',0,0,0,0,0,NULL,0),(582,'泰式吞拿鱼（9英寸）',12,56,NULL,'0','1',35,'0','吞拿鱼、洋葱、德国酸青瓜、青椒、自制番茄酱、马苏里拉芝士',0,0,0,0,0,NULL,0),(583,'火腿虾仁（12英寸）',12,56,NULL,'0','1',38,'0','火腿、虾仁、青椒、洋葱、黑水榄、自制番茄酱、马苏里拉芝士',0,0,0,0,0,NULL,0),(584,'火腿虾仁（9英寸）',12,56,NULL,'0','1',28,'0','火腿、虾仁、青椒、洋葱、黑水榄、自制番茄酱、马苏里拉芝士',0,0,0,0,0,NULL,0),(585,'红饶肉盖浇饭',11,57,NULL,'0','1',100,'0','',0,0,0,0,0,NULL,0),(586,'海陆香鲜（12英寸）',12,56,NULL,'0','1',38,'0','八爪鱼、培根、洋葱、青椒、自制番茄酱、马苏里拉芝士',0,0,0,0,0,NULL,0),(587,'海陆香鲜（9英寸）',12,56,NULL,'0','1',28,'0','八爪鱼、培根、洋葱、青椒、自制番茄酱、马苏里拉芝士',0,0,0,0,0,NULL,0),(588,'泰国榴莲（12英寸）',12,56,NULL,'0','1',45,'0','新鲜榴莲、葡萄干果、蛋黄酱、马苏里拉芝士',0,0,0,0,0,NULL,0),(589,'泰国榴莲（9英寸）',12,56,NULL,'0','1',35,'0','新鲜榴莲、葡萄干果、蛋黄酱、马苏里拉芝士',0,0,0,0,0,NULL,0),(590,'法兰克福风情（12英寸）',12,56,NULL,'0','1',38,'0','法兰克福牛肉熏肠、洋葱、青椒、自制番茄酱、马苏里拉芝士',0,0,0,0,0,NULL,0),(591,'法兰克福风情（9英寸）',12,56,NULL,'0','1',28,'0','法兰克福牛肉熏肠、洋葱、青椒、自制番茄酱、马苏里拉芝士',0,0,0,0,0,NULL,0),(592,'鸡肉蘑菇',12,58,NULL,'0','1',19,'0','',0,0,0,0,0,NULL,0),(593,'菠萝鸡肉',12,58,NULL,'0','1',19,'0','',0,0,0,0,0,NULL,0),(594,'意大利至尊',12,58,NULL,'0','1',19,'0','',0,0,0,0,0,NULL,0),(595,'墨西哥香辣',12,58,NULL,'0','1',19,'0','',0,0,0,0,0,NULL,0),(596,'热辣南美',12,58,NULL,'0','1',19,'0','',0,0,0,0,0,NULL,0),(597,'肉香漫溢',12,58,NULL,'0','1',22.5,'0','',0,0,0,0,0,NULL,0),(598,'热带杂果',12,58,NULL,'0','1',19,'0','',0,0,0,0,0,NULL,0),(599,'夏威夷',12,58,NULL,'0','1',19,'0','',0,0,0,0,0,NULL,0),(600,'黑椒牛肉',12,58,NULL,'0','1',19,'0','',0,0,0,0,0,NULL,0),(601,'曼哈顿',12,58,NULL,'0','1',22.5,'0','',0,0,0,0,0,NULL,0),(602,'那不勒斯风味',12,58,NULL,'0','1',19,'0','',0,0,0,0,0,NULL,0),(603,'德州烤肉',12,58,NULL,'0','1',19,'0','',0,0,0,0,0,NULL,0),(604,'什锦海鲜',12,58,NULL,'0','1',22.5,'0','',0,0,0,0,0,NULL,0),(605,'泰式吞拿鱼',12,58,NULL,'0','1',22.5,'0','',0,0,0,0,0,NULL,0),(606,'火腿虾仁',12,58,NULL,'0','1',19,'0','',0,0,0,0,0,NULL,0),(607,'海陆香鲜',12,58,NULL,'0','1',19,'0','',0,0,0,0,0,NULL,0),(608,'泰国榴莲',12,58,NULL,'0','1',22.5,'0','',0,0,0,0,0,NULL,0),(609,'法兰克福风情',12,58,NULL,'0','1',19,'0','',0,0,0,0,0,NULL,0),(610,'美式热狗',12,59,NULL,'0','1',6,'0','',0,0,0,0,0,NULL,0),(611,'培根热狗',12,59,NULL,'0','1',8,'0','',0,0,0,0,0,NULL,0),(612,'烤鸡肉热狗',12,59,NULL,'0','1',8,'0','',0,0,0,0,0,NULL,0),(613,'PAPA烤翅',12,59,NULL,'0','1',15,'0','',0,0,0,0,0,NULL,0),(614,'意大利肉酱面',12,59,NULL,'0','1',12,'0','',0,0,0,0,0,NULL,0),(615,'芝士焗土豆',12,59,NULL,'0','1',12,'0','',0,0,0,0,0,NULL,0),(616,'盐酥鸡',12,59,NULL,'0','1',8,'0','',0,0,0,0,0,NULL,0),(617,'椒盐薯条',12,59,NULL,'0','u',6,'0','',0,0,0,0,0,NULL,0),(618,'香辣薯条',12,59,NULL,'0','1',6,'0','',0,0,0,0,0,NULL,0),(619,'特调起司酱',12,59,NULL,'0','1',7,'0','',0,0,0,0,0,NULL,0),(620,'经典千岛酱',12,59,NULL,'0','1',7,'0','',0,0,0,0,0,NULL,0),(621,'泰式甜辣酱',12,59,NULL,'0','1',7,'0','',0,0,0,0,0,NULL,0),(622,'美味番茄酱',12,59,NULL,'0','1',7,'0','',0,0,0,0,0,NULL,0),(623,'加培根',12,60,NULL,'0','1',4,'0','',0,0,0,0,0,NULL,0),(624,'加菠萝',12,60,NULL,'0','1',4,'0','',0,0,0,0,0,NULL,0),(625,'加意大利干酪粉',12,60,NULL,'0','1',4,'0','',0,0,0,0,0,NULL,0),(626,'加新西兰马苏里拉芝士（12英寸）',12,60,NULL,'0','1',8,'0','',0,0,0,0,0,NULL,0),(627,'加新西兰马苏里拉芝士（9英寸）',12,60,NULL,'0','1',4,'0','',0,0,0,0,0,NULL,0),(628,'阿萨姆奶茶',12,61,NULL,'0','1',6,'0','',0,0,0,0,0,NULL,0),(629,'黑糖奶茶',12,61,NULL,'0','1',6,'0','',0,0,0,0,0,NULL,0),(630,'茉绿奶茶',12,61,NULL,'0','1',6,'0','',1,5,1,0,0,NULL,0),(631,'金桔汁',12,61,NULL,'0','1',6,'0','',1,5,1,0,0,NULL,0),(632,'卡布奇诺奶茶',12,61,NULL,'0','1',6,'0','',0,0,0,0,0,NULL,0),(633,'寒天桂圆红枣茶',12,61,NULL,'0','1',3,'0','',0,0,0,0,0,NULL,0),(634,'可乐',12,61,NULL,'0','1',3,'0','',0,0,0,0,0,NULL,0),(635,'雪碧',12,61,NULL,'0','1',3,'0','',0,0,0,0,0,NULL,0),(636,'草莓布拉格',13,63,NULL,'0','1',7,'0','',0,0,0,0,0,NULL,0),(637,'芒果布拉格',13,63,NULL,'0','1',7,'0','',0,0,0,0,0,NULL,0),(638,'沁莓布拉格',13,63,NULL,'0','1',7,'0','',0,0,0,0,0,NULL,0),(639,'海岛椰香',13,63,NULL,'0','1',7,'0','',0,0,0,0,0,NULL,0),(640,'木瓜奶香果粒',13,63,NULL,'0','1',7,'0','',0,0,0,0,0,NULL,0),(641,'黑糖姜母',13,63,NULL,'0','1',6,'0','',0,0,0,0,0,NULL,0),(642,'海盐雪梨',13,63,NULL,'0','1',7,'0','',0,0,0,0,0,NULL,0),(643,'3Q仙草蜜',13,63,NULL,'0','1',8,'0','新',0,0,0,0,0,NULL,0),(644,'抹茶红豆',13,63,NULL,'0','1',7,'0','',0,0,0,0,0,NULL,0),(645,'杏仁茶奶缇',13,63,NULL,'0','1',6,'0','新',0,0,0,0,0,NULL,0),(646,'伯爵白兰地',13,63,NULL,'0','1',7,'0','新',0,0,0,0,0,NULL,0),(647,'杏仁沙冰',13,65,NULL,'0','u',7,'0','',0,0,0,0,0,NULL,0),(648,'红豆沙冰',13,65,NULL,'0','1',6,'0','',0,0,0,0,0,NULL,0),(649,'百香果沙冰',13,65,NULL,'0','1',7,'0','',0,0,0,0,0,NULL,0),(650,'蜜瓜沙冰',13,65,NULL,'0','1',7,'0','',0,0,0,0,0,NULL,0),(651,'可可沙冰',13,65,NULL,'0','1',7,'0','',0,0,0,0,0,NULL,0),(652,'蓝莓沙冰',13,65,NULL,'0','1',7,'0','',0,0,0,0,0,NULL,0),(653,'芒果沙冰',13,65,NULL,'0','1',7,'0','',0,0,0,0,0,NULL,0),(654,'抹茶红豆沙冰 ',13,65,NULL,'0','1',8,'0','',0,0,0,0,0,NULL,0),(655,'柠檬柚子沙冰',13,65,NULL,'0','1',7,'0','',0,0,0,0,0,NULL,0),(656,'奇异果沙冰',13,65,NULL,'0','1',7,'0','',0,0,0,0,0,NULL,0),(657,'红梅奶优',13,66,NULL,'0','1',7,'0','',0,0,0,0,0,NULL,0),(658,'蜜瓜奶优',13,66,NULL,'0','1',7,'0','',0,0,0,0,0,NULL,0),(659,'紫芋奶优',13,66,NULL,'0','1',7,'0','',0,0,0,0,0,NULL,0),(660,'木瓜奶优',13,66,NULL,'0','1',8,'0','',0,0,0,0,0,NULL,0),(661,'荔枝乌龙',13,67,NULL,'0','1',5,'0','',1,0,0,0,0,NULL,0),(662,'桂圆红枣茶',13,67,NULL,'0','1',5,'0','',0,0,0,0,0,NULL,0),(663,'芒果绿鲜',13,67,NULL,'0','1',5,'0','',0,0,0,0,0,NULL,0),(664,'桂花绿茶',13,67,NULL,'0','1',6,'0','',0,0,0,0,0,NULL,0),(665,'冰柚绿茶',13,67,NULL,'0','1',6,'0','',0,0,0,0,0,NULL,0),(666,'皇家伯爵红茶',13,67,NULL,'0','1',5,'0','',0,0,0,0,0,NULL,0),(667,'蜂蜜柠檬水',13,67,NULL,'0','1',4,'0','',0,0,0,0,0,NULL,0),(668,'柠檬红茶',13,67,NULL,'0','1',5,'0','',0,0,0,0,0,NULL,0),(669,'柠檬绿茶',13,67,NULL,'0','1',5,'0','',0,0,0,0,0,NULL,0),(670,'醇馨芒果',13,68,NULL,'0','1',6,'0','',0,0,0,0,0,NULL,0),(671,'醇馨草莓',13,68,NULL,'0','1',6,'0','',0,0,0,0,0,NULL,0),(672,'醇馨蜜瓜',13,68,NULL,'0','1',6,'0','',0,0,0,0,0,NULL,0),(673,'醇馨鲜芋',13,68,NULL,'0','1',6,'0','',0,0,0,0,0,NULL,0),(674,'绿茶养乐多',13,69,NULL,'0','1',7,'0','',1,0,0,0,0,NULL,0),(675,'柠檬养乐多',13,69,NULL,'0','1',7,'0','新',0,0,0,0,0,NULL,0),(676,'芒果养乐多',13,69,NULL,'0','1',7,'0','',0,0,0,0,0,NULL,0),(677,'蜜柚养乐多',13,69,NULL,'0','1',7,'0','',0,0,0,0,0,NULL,0),(678,'红豆双皮奶',13,70,NULL,'0','1',5,'0','',0,0,0,0,0,NULL,0),(679,'牛奶冻布丁',13,70,NULL,'0','1',8,'0','',0,0,0,0,0,NULL,0),(680,'牛奶仙草冻',13,70,NULL,'0','1',7,'0','',0,0,0,0,0,NULL,0),(681,'马来白咖啡',13,71,NULL,'0','1',7,'0','',0,0,0,0,0,NULL,0),(682,'美式咖啡',13,71,NULL,'0','1',7,'0','',0,0,0,0,0,NULL,0),(683,'卡布奇诺',13,71,NULL,'0','1',9,'0','',0,0,0,0,0,NULL,0),(684,'摩卡奇诺',13,71,NULL,'0','1',8,'0','',0,0,0,0,0,NULL,0),(685,'焦糖玛奇朵',13,71,NULL,'0','1',10,'0','',0,0,0,0,0,NULL,0),(686,'原豆拿铁',13,71,NULL,'0','1',9,'0','',0,0,0,0,0,NULL,0),(687,'焦糖可可',13,72,NULL,'0','1',6,'0','',0,0,0,0,0,NULL,0),(688,'可可芭蕾',13,72,NULL,'0','1',6,'0','',0,0,0,0,0,NULL,0),(689,'胚芽抹茶',13,72,NULL,'0','1',6,'0','',0,0,0,0,0,NULL,0),(690,'太妃可可',13,72,NULL,'0','1',6,'0','',0,0,0,0,0,NULL,0),(691,'提拉米苏',13,72,NULL,'0','1',7,'0','',0,0,0,0,0,NULL,0),(692,'巧酥旋风',13,72,NULL,'0','1',6,'0','',0,0,0,0,0,NULL,0),(693,'浓情巧克力',13,72,NULL,'0','1',5,'0','',0,0,0,0,0,NULL,0),(694,'摩卡烤布丁',13,72,NULL,'0','1',6,'0','',0,0,0,0,0,NULL,0),(695,'鸳鸯奶茶',13,73,NULL,'0','1',6,'0','',0,0,0,0,0,NULL,0),(696,'红豆牛奶',13,73,NULL,'0','1',5,'0','',0,0,0,0,0,NULL,0),(697,'红豆蕾香',13,73,NULL,'0','1',6,'0','',0,0,0,0,0,NULL,0),(698,'玉米果奶',13,73,NULL,'0','1',6,'0','',0,0,0,0,0,NULL,0),(699,'桂圆红枣茶',13,73,NULL,'0','1',6,'0','',0,0,0,0,0,NULL,0),(700,'珍珠奶茶',13,74,NULL,'0','1',5,'0','',0,0,0,0,0,NULL,0),(701,'珍珠奶绿',13,74,NULL,'0','1',5,'0','',0,0,0,0,0,NULL,0),(702,'椰果奶茶',13,74,NULL,'0','1',5,'0','',0,0,0,0,0,NULL,0),(703,'椰果奶绿',13,74,NULL,'0','1',5,'0','',0,0,0,0,0,NULL,0),(704,'胚芽奶茶',13,74,NULL,'0','1',6,'0','',0,0,0,0,0,NULL,0),(705,'布丁奶茶',13,74,NULL,'0','1',6,'0','',0,0,0,0,0,NULL,0),(706,'布丁奶绿',13,74,NULL,'0','1',6,'0','',0,0,0,0,0,NULL,0),(707,'仙草奶茶',13,74,NULL,'0','1',6,'0','',0,0,0,0,0,NULL,0),(708,'仙草奶绿',13,74,NULL,'0','1',6,'0','',0,0,0,0,0,NULL,0),(709,'红豆奶茶',13,74,NULL,'0','1',6,'0','',0,0,0,0,0,NULL,0),(710,'红豆奶绿',13,74,NULL,'0','1',6,'0','',0,0,0,0,0,NULL,0),(711,'北海道奶茶',13,74,NULL,'0','1',7,'0','',0,0,0,0,0,NULL,0),(712,'北海道奶绿',13,74,NULL,'0','1',7,'0','',0,0,0,0,0,NULL,0),(713,'皇家椰奶',13,74,NULL,'0','1',6,'0','',0,0,0,0,0,NULL,0),(714,'手提伯爵',13,74,NULL,'0','1',6,'0','',0,0,0,0,0,NULL,0),(715,'椰香胚芽烤抹茶',13,74,NULL,'0','1',7,'0','',0,0,0,0,0,NULL,0),(716,'韩潮奶醇',13,74,NULL,'0','1',7,'0','',0,0,0,0,0,NULL,0),(717,'白兰地奶茶',13,74,NULL,'0','1',6,'0','',0,0,0,0,0,NULL,0),(718,'蜂蜜柚子茶',13,75,NULL,'0','1',6,'0','',0,0,0,0,0,NULL,0),(719,'薄荷柠檬蜜',13,75,NULL,'0','1',6,'0','',0,0,0,0,0,NULL,0),(720,'柠檬鲜柚',13,75,NULL,'0','1',6,'0','',0,0,0,0,0,NULL,0),(721,'雪梨芦荟茶',13,75,NULL,'0','1',6,'0','',0,0,0,0,0,NULL,0),(722,'苹果柚子芦荟',13,75,NULL,'0','1',7,'0','',0,0,0,0,0,NULL,0),(723,'青柠雪碧',13,75,NULL,'0','1',6,'0','',0,0,0,0,0,NULL,0),(724,'鲜桔冰露',13,75,NULL,'0','1',7,'0','',0,0,0,0,0,NULL,0),(725,'鲜桔雪乐',13,75,NULL,'0','1',6,'0','',0,0,0,0,0,NULL,0),(726,'柠檬C芦荟优多',13,75,NULL,'0','1',7,'0','',0,0,0,0,0,NULL,0),(727,'牙买加洛神',13,75,NULL,'0','1',6,'0','',0,0,0,0,0,NULL,0),(728,'薄荷柠檬芦荟饮',13,75,NULL,'0','1',7,'0','',0,0,0,0,0,NULL,0),(729,'芒果益菌多',13,75,NULL,'0','1',6,'0','',0,0,0,0,0,NULL,0),(730,'柠檬益菌多',13,75,NULL,'0','1',6,'0','',0,0,0,0,0,NULL,0),(731,'翡翠柠檬菠萝冻',13,76,NULL,'0','u',7,'0','',0,0,0,0,0,NULL,0),(732,'翡翠百香菠萝冻',13,76,NULL,'0','1',7,'0','',0,0,0,0,0,NULL,0),(733,'鲜芒寒天冻',13,76,NULL,'0','1',7,'0','',0,0,0,0,0,NULL,0),(734,'野莓寒天冻',13,76,NULL,'0','1',7,'0','',0,0,0,0,0,NULL,0),(735,'黑钻奥巴奶',13,77,'20130830233418669.jpg','0','1',7,'0','',0,0,0,0,0,NULL,0),(736,'芋圆一号',13,77,'20130830232938337.jpg','0','1',8,'0','',0,0,0,0,0,NULL,0),(737,'芋圆二号',13,77,'20130830232942396.jpg','0','1',9,'0','',1,0,0,0,0,NULL,0),(738,'木瓜薏仁红枣',13,77,'20130830232947566.jpg','0','1',7,'0','',0,0,0,0,0,NULL,0),(739,'荷包蛋套餐加汤',8,78,NULL,'0','1',10,'0','荷包蛋、土豆丝、包心菜、汤',0,0,0,0,0,NULL,0),(740,'荷包蛋套餐加饮料',8,78,NULL,'0','1',10,'0','荷包蛋、土豆丝、小菜、包心菜、饮料',1,0,0,0,0,NULL,1),(741,'金针菇套餐加汤',8,78,NULL,'1','1',10,'0','金针菇、土豆丝、包心菜、小菜、汤',0,0,0,0,0,NULL,0),(742,'茶树菇套餐加汤',8,78,NULL,'0','1',11,'0','茶树菇、土豆丝、包心菜、小菜、汤',0,0,0,0,0,NULL,2),(743,'茶树菇套餐加饮料',8,78,NULL,'0','1',11,'0','茶树菇、土豆丝、包心菜、小菜、饮料',0,0,0,0,0,NULL,3),(744,'香菇炖鸡套餐加汤',8,78,NULL,'0','1',12,'0','香菇炖鸡、土豆丝、包心菜、小菜、汤',0,0,0,0,0,NULL,4),(745,'红烧烤鸭套餐加汤',8,78,NULL,'0','1',12,'0','红烧烤鸭、土豆丝、包心菜、小菜、汤',0,0,0,0,0,NULL,6),(746,'香菇炖鸡套餐加饮料',8,78,NULL,'0','1',12,'0','香菇炖鸡、土豆丝、包心菜、小菜、饮料',1,5,1,0,0,NULL,5),(747,'红烧烤鸭套餐加饮料',8,78,NULL,'0','1',12,'0','红烧烤鸭、土豆丝、包心菜、小菜、饮料',2,4,1,0,0,NULL,7),(748,'东坡肉套餐加汤',8,78,NULL,'0','1',13,'0','东坡肉、土豆丝、包心菜、小菜、汤',0,0,0,0,0,NULL,8),(749,'东坡肉套餐加饮料',8,78,NULL,'0','1',13,'0','东坡肉、土豆丝、包心菜、小菜、饮料',0,0,0,0,0,NULL,9),(750,'红烧排骨套餐加汤',8,78,NULL,'0','1',13,'0','红烧排骨、土豆丝、包心菜、小菜、汤',4,0,0,0,0,NULL,10),(751,'红烧排骨套餐加饮料',8,78,NULL,'0','1',13,'0','红烧排骨、土豆丝、包心菜、小菜、饮料',0,0,0,0,0,NULL,11),(752,'红烧牛肉套餐加汤',8,78,NULL,'0','1',14,'0','红烧牛肉、土豆丝、包心菜、小菜、汤',1,0,0,0,0,NULL,12),(753,'红烧牛肉套餐加饮料',8,78,NULL,'0','1',14,'0','红烧牛肉、土豆丝、包心菜、小菜、饮料',0,0,0,0,0,NULL,13),(754,'手撕包菜盖浇饭',8,79,NULL,'0','1',7,'0','',1,0,0,0,0,NULL,11),(755,'麻辣豆腐盖浇饭',8,79,NULL,'0','1',7,'0','',0,0,0,0,0,NULL,10),(756,'土豆肉丝盖浇饭',8,79,NULL,'0','1',8,'0','',0,0,0,0,0,NULL,9),(757,'香菇肉丝盖浇饭',8,79,NULL,'0','1',8,'0','',0,0,0,0,0,NULL,8),(758,'金针菇肉丝盖浇饭',8,79,NULL,'0','1',8,'0','',1,0,0,0,0,NULL,7),(759,'茶树菇肉丝盖浇饭',8,79,NULL,'0','1',8,'0','',0,0,0,0,0,NULL,6),(760,'肉末茄子盖浇饭',8,79,NULL,'0','1',9,'0','',7,10,2,0,0,NULL,5),(761,'青椒肉丝盖浇饭',8,79,NULL,'0','1',9,'0','',0,0,0,0,0,NULL,4),(762,'香菇滑鸡盖浇饭',8,79,NULL,'0','1',10,'0','',0,0,0,0,0,NULL,3),(763,'红烧烤鸭盖浇饭',8,79,NULL,'0','1',10,'0','',5,5,1,0,0,NULL,2),(764,'红烧排骨盖浇饭',8,79,NULL,'0','1',11,'0','',1,0,0,0,0,NULL,1),(765,'土豆牛腩盖浇饭',8,79,NULL,'0','1',11,'0','',2,0,0,0,0,NULL,0),(766,'雪菜蛋炒饭',8,80,NULL,'0','1',6,'0','',1,0,0,1,0,NULL,12),(767,'青菜蛋炒饭',8,80,NULL,'0','1',6,'0','',0,0,0,0,0,NULL,11),(768,'蛋炒饭',8,80,NULL,'0','1',6,'0','',0,0,0,0,0,NULL,10),(769,'热狗炒饭',8,80,NULL,'0','1',7,'0','',1,0,0,0,0,NULL,9),(770,'扬州炒饭',8,80,NULL,'0','1',8,'0','',0,0,0,0,0,NULL,8),(771,'腊肠炒饭',8,80,NULL,'0','1',8,'0','',0,0,0,0,0,NULL,7),(772,'香菇肉丝炒饭',8,80,NULL,'0','1',8,'0','',0,0,0,0,0,NULL,6),(773,'金针菇肉丝炒饭',8,80,NULL,'0','1',8,'0','',0,0,0,0,0,NULL,5),(774,'茶树菇肉丝炒饭',8,80,NULL,'0','1',8,'0','',0,0,0,0,0,NULL,4),(775,'红烧烤鸭炒饭',8,80,NULL,'0','1',10,'0','',0,0,0,0,0,NULL,3),(776,'红烧排骨炒饭',8,80,NULL,'0','1',10,'0','',0,0,0,0,0,NULL,2),(777,'红烧牛肉炒饭',8,80,NULL,'0','1',10,'0','',0,0,0,0,0,NULL,1),(778,'咖喱牛肉炒饭',8,80,NULL,'0','1',10,'0','',2,0,0,2,0,NULL,0),(779,'酸辣乌冬汤',8,81,NULL,'0','1',10,'0','',0,0,0,0,0,NULL,0),(780,'日式乌冬面',8,81,NULL,'0','1',10,'0','',0,0,0,0,0,NULL,1),(781,'红烧牛肉炒面',8,81,NULL,'0','1',10,'0','',0,0,0,0,0,NULL,2),(782,'红烧排骨炒面',8,81,NULL,'0','1',10,'0','',0,0,0,0,0,NULL,3),(783,'红烧烤鸭炒面',8,81,NULL,'0','1',10,'0','',0,0,0,0,0,NULL,4),(784,'茶树菇肉丝炒面',8,81,NULL,'0','1',8,'0','',0,0,0,0,0,NULL,5),(785,'金针菇肉丝炒面',8,81,NULL,'0','1',8,'0','',0,0,0,0,0,NULL,6),(786,'雪菜蛋炒面',8,81,NULL,'0','1',6,'0','',0,0,0,0,0,NULL,9),(787,'热狗炒面',8,81,NULL,'0','1',7,'0','',0,0,0,0,0,NULL,8),(788,'香菇肉丝炒面',8,81,NULL,'0','1',8,'0','',0,0,0,0,0,NULL,7),(789,'青菜蛋炒面',8,81,NULL,'0','1',6,'0','',0,0,0,0,0,NULL,10),(790,'荷包蛋',8,82,NULL,'0','1',1.5,'0','',1,0,0,0,0,NULL,0),(791,'雪碧',8,82,NULL,'0','1',2,'0','',0,0,0,0,0,NULL,0),(792,'雪碧',8,82,NULL,'0','1',2,'0','',0,0,0,0,0,NULL,0),(793,'芬达',8,82,NULL,'0','1',2,'0','',0,0,0,0,0,NULL,0),(794,'热狗',8,82,NULL,'0','1',2,'0','',1,0,0,0,0,NULL,0),(795,'腊肠',8,82,NULL,'0','1',2,'0','',0,0,0,0,0,NULL,0),(796,'排骨',8,82,NULL,'0','1',5,'0','',0,0,0,0,0,NULL,0),(797,'牛肉',8,82,NULL,'0','1',5,'0','',1,0,0,1,0,NULL,0),(798,'金针菇套餐加汤',8,78,NULL,'0','1',10,'0','金针菇、土豆丝、包心菜、小菜、汤',0,0,0,0,0,NULL,15),(799,'金针菇套餐加饮料',8,78,NULL,'0','1',10,'0','金针菇、土豆丝、包心菜、小菜、饮料',2,4,1,0,1,NULL,14),(800,'萝卜煨排骨',18,83,NULL,'0','1',6,'0','萝卜煨排骨、蔬菜、小菜、煨饭（清凉降火）',1,0,0,0,0,NULL,0),(801,'黄豆煨排骨',18,83,NULL,'0','1',6,'0','黄豆煨排骨、蔬菜、小菜、煨饭（清肺降火）',0,0,0,0,0,NULL,0),(802,'菌菇煨排骨',18,83,NULL,'0','1',7,'0','菌菇煨排骨、蔬菜、小菜、煨饭（美容降火）',0,0,0,0,0,NULL,0),(803,'玉米煨排骨',18,83,NULL,'0','1',7,'0','玉米煨排骨、蔬菜、小菜、煨饭（养心润肺）',0,0,0,0,0,NULL,0),(804,'薏米煨乌鸡',18,83,NULL,'0','1',9,'0','薏米煨乌鸡、蔬菜、小菜、煨饭（美容养颜）',0,0,0,0,0,NULL,0),(805,'萝卜煨筒骨',18,83,NULL,'0','1',9,'0','萝卜煨筒骨、蔬菜、小菜、煨饭（清凉滋润）',0,0,0,0,0,NULL,0),(806,'山鸡椒花生煨猪蹄',18,83,NULL,'0','1',9,'0','山鸡椒花生煨猪蹄、蔬菜、小菜、煨饭（益气养颜）',0,0,0,0,0,NULL,0),(807,'红烧狮子头',18,84,NULL,'0','1',9,'0','红烧狮子头、排骨罐汤、蔬菜、小菜、煨饭',0,0,0,0,0,NULL,3),(808,'卤水蛋',18,84,NULL,'0','1',8,'0','卤水蛋、排骨罐汤、蔬菜、小菜、煨饭',0,0,0,0,0,NULL,4),(809,'卤鸡腿',18,84,NULL,'0','1',10,'0','卤鸡腿、排骨罐汤、蔬菜、小菜、煨饭',0,0,0,0,0,NULL,2),(810,'卤猪蹄',18,84,NULL,'0','1',12,'0','卤猪蹄、排骨罐汤、蔬菜、小菜、煨饭',0,0,0,0,0,NULL,1),(811,'卤肉',18,84,NULL,'0','1',12,'0','卤肉、排骨罐汤、蔬菜、小菜、煨饭',0,0,0,0,0,NULL,0),(812,'卤香干',18,84,NULL,'0','1',8,'0','卤香干、荷包蛋、排骨罐汤、蔬菜、小菜、煨饭',0,0,0,0,0,NULL,5),(813,'香酥焖烤鸡',18,85,NULL,'0','1',10,'0','香酥焖烤鸡、排骨罐汤、蔬菜、小菜、煨饭（原味）',0,0,0,0,0,NULL,0),(814,'香酥烤双翅',18,85,NULL,'0','1',10,'0','香酥烤双翅、排骨罐汤、蔬菜、小菜、煨饭（原味）',0,0,0,0,0,NULL,0),(815,'口水鸡',18,85,NULL,'0','1',10,'0','口水鸡、排骨罐汤、蔬菜、小菜、煨饭（重辣）',0,0,0,0,0,NULL,0),(816,'红油鸡',18,85,NULL,'0','1',10,'0','红油鸭、排骨罐汤、蔬菜、小菜、煨饭（微辣）',0,0,0,0,0,NULL,0),(817,'盐水鸡',18,85,NULL,'0','1',10,'0','盐水鸭、排骨罐汤、蔬菜、小菜、煨饭（清淡）',0,0,0,0,0,NULL,0),(818,'香酥烤鸡腿',18,85,NULL,'0','1',10,'0','香酥烤鸡腿、排骨罐汤、蔬菜、小菜、煨饭（原味）',0,0,0,0,0,NULL,0),(819,'冰花梅酱鸡',18,85,NULL,'0','1',10,'0','冰花梅酱鸡、排骨罐汤、蔬菜、小菜、煨饭（酸甜）',0,0,0,0,0,NULL,0),(820,'桂花香酥鸡',18,85,NULL,'0','1',10,'0','桂花香酥鸡、排骨罐汤、蔬菜、小菜、煨饭（甜味）',0,0,0,0,0,NULL,0),(821,'香酥烤鸭腿',18,86,NULL,'0','1',10,'0','香酥烤鸭腿、排骨罐汤、蔬菜、小菜、煨饭（原味）',0,0,0,0,0,NULL,0),(822,'盐水鸭',18,86,NULL,'0','1',10,'0','盐水鸭、排骨罐汤、蔬菜、小菜、煨饭（清淡）',0,0,0,0,0,NULL,0),(823,'红油鸭',18,86,NULL,'0','1',10,'0','红油鸭、排骨罐汤、蔬菜、小菜、煨饭（微辣）',0,0,0,0,0,NULL,0),(824,'冰花梅酱鸭',18,86,NULL,'0','1',10,'0','冰花梅酱鸭、排骨罐汤、蔬菜、小菜、煨饭（酸甜）',0,0,0,0,0,NULL,0),(825,'口水鸭',18,86,NULL,'0','1',10,'0','口水鸭、排骨罐汤、蔬菜、小菜、煨饭（重辣）',2,0,0,2,0,NULL,0),(826,'红烧肉',18,87,NULL,'0','1',14,'0','红烧肉、排骨罐汤、蔬菜、小菜、煨饭',1,0,0,0,0,NULL,0),(827,'红烧排骨',18,87,NULL,'0','1',12,'0','红烧排骨、排骨罐汤、蔬菜、小菜、煨饭',0,0,0,0,0,NULL,0),(828,'孜然猪排',18,87,NULL,'0','1',8,'0','孜然猪排、排骨罐汤、蔬菜、小菜、煨饭',0,0,0,0,0,NULL,0),(829,'孜然牛排',18,87,NULL,'0','1',8,'0','孜然牛排、排骨罐汤、蔬菜、小菜、煨饭',0,0,0,0,0,NULL,0),(830,'孜然排条',18,87,NULL,'0','1',8,'0','孜然排条、排骨罐汤、蔬菜、小菜、煨饭',0,0,0,0,0,NULL,0),(831,'香辣排条',18,87,NULL,'0','1',8,'0','香辣排条、排骨罐汤、蔬菜、小菜、煨饭',0,0,0,0,0,NULL,0),(832,'糖醋排条',18,87,NULL,'0','1',8,'0','糖醋排条、排骨罐汤、蔬菜、小菜、煨饭',0,0,0,0,0,NULL,0),(833,'卤香干',18,88,NULL,'0','1',2,'0','',0,0,0,0,0,NULL,15),(834,'卤水蛋',18,88,NULL,'0','1',2,'0','',1,0,0,0,0,NULL,16),(835,'荷包蛋',18,88,NULL,'0','1',2,'0','',0,0,0,0,0,NULL,17),(836,'孜然牛排',18,88,NULL,'0','1',4,'0','',0,0,0,0,0,NULL,11),(837,'红烧肉',18,88,NULL,'0','1',12,'0','',0,0,0,0,0,NULL,0),(838,'孜然猪排',18,88,NULL,'0','1',4,'0','',0,0,0,0,0,NULL,12),(839,'卤肉',18,88,NULL,'0','1',10,'0','',0,0,0,0,0,NULL,1),(840,'卤猪蹄',18,88,NULL,'0','1',10,'0','',0,0,0,0,0,NULL,2),(841,'口水鸭',18,88,NULL,'0','1',8,'0','',0,0,0,0,0,NULL,7),(842,'秘制豆腐',18,88,NULL,'0','1',2,'0','',0,0,0,0,0,NULL,14),(843,'口水鸡',18,88,NULL,'0','1',8,'0','',0,0,0,0,0,NULL,8),(844,'盐水鸭',18,88,NULL,'0','1',8,'0','',0,0,0,0,0,NULL,6),(845,'黄金蛋',18,88,NULL,'0','1',6,'0','',0,0,0,0,0,NULL,10),(846,'葱花煎蛋',18,88,NULL,'0','1',4,'0','',0,0,0,0,0,NULL,13),(847,'香酥烤双翅',18,88,NULL,'0','1',10,'0','',1,0,0,0,0,NULL,3),(848,'皮蛋豆腐',18,88,NULL,'0','1',6,'0','',0,0,0,0,0,NULL,9),(849,'香酥烤鸡腿',18,88,NULL,'0','1',10,'0','',0,0,0,0,0,NULL,4),(850,'红焖鸡块',18,88,NULL,'0','1',8,'0','',0,0,0,0,0,NULL,5),(851,'冷面（大份）',19,89,NULL,'0','1',12,'0','',0,0,0,0,0,NULL,3),(852,'冷面（小份）',19,89,NULL,'0','1',9,'0','',0,0,0,0,0,NULL,4),(853,'凉皮',19,89,NULL,'0','1',5,'0','',1,0,0,0,0,NULL,0),(854,'牛排面',19,89,NULL,'0','1',15,'0','面类可以自己选择',0,0,0,0,0,NULL,2),(855,'牛肚面',19,89,NULL,'0','1',12,'0','面类可以自己选择',2,0,0,0,0,NULL,1),(856,'年糕（大份）',19,89,NULL,'0','1',12,'0','',0,0,0,0,0,NULL,5),(857,'年糕（小份）',19,89,NULL,'0','1',9,'0','',1,0,0,0,0,NULL,6),(858,'粉丝（大份）',19,89,NULL,'0','1',12,'0','',0,0,0,0,0,NULL,7),(859,'粉丝（小份）',19,89,NULL,'0','1',9,'0','',0,0,0,0,0,NULL,8),(860,'米线（大份）',19,89,NULL,'0','1',12,'0','',0,0,0,0,0,NULL,9),(861,'米线（小份）',19,89,NULL,'0','1',9,'0','',0,0,0,0,0,NULL,10),(862,'粗面（大份）',19,89,NULL,'0','1',12,'0','',0,0,0,0,0,NULL,13),(863,'米粉（小份）',19,89,NULL,'0','1',9,'0','',0,0,0,0,0,NULL,12),(864,'米粉（大份）',19,89,NULL,'0','1',12,'0','',0,0,0,0,0,NULL,11),(865,'粗面（小份）',19,89,NULL,'0','1',9,'0','',0,0,0,0,0,NULL,14),(866,'细面（小份）',19,89,NULL,'0','1',9,'0','',3,0,0,0,0,NULL,18),(867,'细面（大份&#41;',19,89,NULL,'0','1',12,'0','',1,0,0,0,0,NULL,17),(868,'宽面（小份）',19,89,NULL,'0','1',9,'0','',0,0,0,0,0,NULL,16),(869,'宽面（大份）',19,89,NULL,'0','1',12,'0','',0,0,0,0,0,NULL,15),(870,'辣椒',19,90,NULL,'0','1',0,'0','',2,0,0,0,0,NULL,0),(871,'醋',19,90,NULL,'0','1',0,'0','',0,0,0,0,0,NULL,0),(872,'香葱',19,90,NULL,'0','1',0,'0','',0,0,0,0,0,NULL,0),(873,'香菜',19,90,NULL,'0','1',0,'0','',1,0,0,0,0,NULL,0),(874,'牛肉',19,91,NULL,'0','1',5,'0','',0,0,0,0,0,NULL,0),(875,'荷包蛋',19,91,NULL,'0','1',1.5,'0','',1,0,0,0,0,NULL,0),(876,'台湾鸡小块',14,92,NULL,'0','u',10,'0','',0,0,0,0,0,NULL,0),(877,'全套奶茶',14,92,NULL,'0','u',6,'0','',0,0,0,0,0,NULL,0),(878,'台湾鸡大排',14,92,NULL,'0','u',12,'0','',0,0,0,0,0,NULL,0),(879,'黄金三角骨（焗烤）',14,92,NULL,'0','u',10,'0','',0,0,0,0,0,NULL,0),(880,'芒果绿茶',14,92,NULL,'0','1',6,'0','',0,0,0,0,0,NULL,0),(881,'台湾香芋蛋黄',14,93,NULL,'0','1',5,'0','',0,0,0,0,0,NULL,2),(882,'黄金三角骨（焗烤）',14,93,NULL,'0','1',10,'0','',0,0,0,0,0,NULL,6),(883,'台湾香肠',14,93,'20130902191629771.jpg','0','1',4.5,'0','',0,0,0,0,0,NULL,3),(884,'台湾曲薯条',14,93,'20130902191619635.jpg','0','1',6,'0','',0,0,0,0,0,NULL,4),(885,'台湾客家对翅',14,93,'20130902192324874.jpg','0','1',8,'0','一对',0,0,0,0,0,NULL,7),(886,'鸡腿堡',14,93,'20130902191641904.jpg','1','1',10,'0','',0,0,0,0,0,NULL,1),(887,'台湾鸡大排',14,93,'20130902191129348.jpg','0','1',12,'0','',0,0,0,0,0,NULL,8),(888,'香辣鸡腿堡',14,93,'20130902191705250.jpg','0','1',10,'0','',0,0,0,0,0,NULL,0),(889,'台湾鸡小块',14,93,'20130902191433577.jpg','0','1',10,'0','',0,0,0,0,0,NULL,5),(890,'抹茶浮雪',14,94,NULL,'0','1',6,'0','',0,0,0,0,0,NULL,0),(891,'阿华田',14,94,NULL,'0','1',6,'0','',0,0,0,0,0,NULL,0),(892,'玄米可可',14,94,NULL,'0','1',6,'0','',0,0,0,0,0,NULL,0),(893,'牛奶咖啡',14,94,NULL,'0','1',6,'0','',0,0,0,0,0,NULL,0),(894,'红豆奶茶',14,94,NULL,'0','1',5,'0','',0,0,0,0,0,NULL,0),(895,'仙草奶茶',14,94,NULL,'0','1',5,'0','',0,0,0,0,0,NULL,0),(896,'布丁奶茶',14,94,NULL,'0','1',5,'0','',0,0,0,0,0,NULL,0),(897,'红豆布丁牛奶',14,94,NULL,'0','1',6,'0','',0,0,0,0,0,NULL,0),(898,'巧克力奶茶',14,94,NULL,'0','1',4,'0','',0,0,0,0,0,NULL,0),(899,'醇香牛奶',14,94,NULL,'0','1',4,'0','',0,0,0,0,0,NULL,0),(900,'茉香奶茶',14,94,NULL,'0','1',4,'0','',0,0,0,0,0,NULL,0),(901,'台湾纯正奶茶',14,94,NULL,'0','1',6,'0','',0,0,0,0,0,NULL,0),(902,'柠檬冰茶',14,95,NULL,'0','1',5,'0','',0,0,0,0,0,NULL,0),(903,'芒果奶昔',14,95,NULL,'0','1',6,'0','',0,0,0,0,0,NULL,0),(904,'芒果鲜奶蜜',14,95,NULL,'0','1',6,'0','',0,0,0,0,0,NULL,0),(905,'巧克力奶昔',14,95,NULL,'0','1',6,'0','',0,0,0,0,0,NULL,0),(906,'西瓜汁',14,95,NULL,'0','1',6,'0','',0,0,0,0,0,NULL,0),(907,'香蕉牛奶',14,95,NULL,'0','1',6,'0','',0,0,0,0,0,NULL,0),(908,'芒果冰沙',14,95,NULL,'0','1',7,'0','',0,0,0,0,0,NULL,0),(909,'抹茶冰沙',14,95,NULL,'0','1',8,'0','',0,0,0,0,0,NULL,0),(910,'清新芒果汁',14,95,NULL,'0','1',5,'0','',0,0,0,0,0,NULL,0),(911,'芒果绿茶',14,95,NULL,'0','u',6,'0','',0,0,0,0,0,NULL,0),(912,'新味双皮奶',14,96,NULL,'0','1',4,'0','',0,0,0,0,0,NULL,0),(913,'芋圆牛奶烧仙草',14,96,NULL,'0','1',8,'0','',0,0,0,0,0,NULL,0),(914,'牛奶芋圆',14,96,NULL,'0','1',10,'0','',0,0,0,0,0,NULL,0),(915,'A餐',14,97,'20130902190951144.jpg','0','1',16,'0','鸡腿堡、台湾曲薯条、饮料',0,0,0,0,0,NULL,3),(916,'B餐',14,97,'20130902190950429.jpg','0','1',23,'0','鸡腿堡、鸡大排、饮料',0,0,0,0,0,NULL,2),(917,'C餐',14,97,'20130902190948505.jpg','0','1',17,'0','台湾鸡小块、台湾香肠、饮料',0,0,0,0,0,NULL,1),(918,'D餐',14,97,'20130902190949209.jpg','0','1',18,'0','鸡大排、台湾曲薯条、奶茶',0,0,0,0,0,NULL,0),(919,'F餐 饭',14,97,'20130902190954297.jpg','0','1',15,'0','鸡翅套饭 送 饮料',0,0,0,0,0,NULL,5),(920,'E餐 饭',14,97,'20130902190954646.jpg','0','1',15,'0','鸡腿排套饭 送 饮料',0,0,0,0,0,NULL,6),(921,'H餐 饭',14,97,'20130902190955227.jpg','0','1',13,'0','腊肠套饭 送 饮料',0,0,0,0,0,NULL,7),(922,'G餐 饭',14,97,'20130902190953921.jpg','0','1',13,'0','猪扒套饭 送 饮料',0,0,0,0,0,NULL,4),(923,'桂花香酥鸭',18,86,NULL,'0','1',10,'0','桂花香酥鸭、排骨灌汤、蔬菜、小菜、煨饭',0,0,0,0,0,NULL,0),(924,'金牌猪手',16,98,NULL,'0','1',28,'0','',1,0,0,0,0,NULL,0),(925,'桑拿肉片',16,98,NULL,'0','1',28,'0','',0,0,0,0,0,NULL,0),(926,'手撕鸡',16,98,NULL,'0','1',25,'0','',0,0,0,0,0,NULL,0),(927,'烧鸡公',16,98,NULL,'0','1',38,'0','',0,0,0,0,0,NULL,0),(928,'干锅玉兔',16,98,NULL,'0','1',35,'0','',0,0,0,0,0,NULL,0),(929,'红烧肉',16,98,NULL,'0','1',25,'0','',0,0,0,0,0,NULL,0),(930,'黑木耳排骨汤',16,98,NULL,'0','1',28,'0','',0,0,0,0,0,NULL,0),(931,'鸡爪煲',16,98,NULL,'0','1',25,'0','',0,0,0,0,0,NULL,0),(932,'烤鱼',16,98,NULL,'0','1',38,'0','',0,0,0,0,0,NULL,0),(933,'烤兔',16,98,NULL,'0','1',45,'0','',0,0,0,0,0,NULL,0),(934,'香辣鱼',16,98,NULL,'0','1',29,'0','',0,0,0,0,0,NULL,0),(935,'粉蒸排骨',16,98,NULL,'0','1',35,'0','',0,0,0,0,0,NULL,0),(936,'白切鸡',16,99,NULL,'0','1',16,'0','',0,0,0,0,0,NULL,0),(937,'蒜泥白肉',16,99,NULL,'0','1',15,'0','',0,0,0,0,0,NULL,0),(938,'五香鸡翅尖',16,99,NULL,'0','1',12,'0','',0,0,0,0,0,NULL,0),(939,'三丝海蜇',16,99,NULL,'0','1',12,'0','',0,0,0,0,0,NULL,0),(940,'凉拌金针菇',16,99,NULL,'0','1',10,'0','',0,0,0,0,0,NULL,0),(941,'松花皮蛋豆腐',16,99,NULL,'0','1',8,'0','',0,0,0,0,0,NULL,0),(942,'油炸春卷',16,99,NULL,'0','1',10,'0','',0,0,0,0,0,NULL,0),(943,'百合醉枣',16,99,NULL,'0','1',10,'0','',0,0,0,0,0,NULL,0),(944,'油炸刀切馒头',16,99,NULL,'0','1',10,'0','',0,0,0,0,0,NULL,0),(945,'椒盐花生米',16,99,NULL,'0','1',8,'0','',0,0,0,0,0,NULL,0),(946,'糖拌西红柿',16,99,NULL,'0','1',6,'0','',0,0,0,0,0,NULL,0),(947,'凉拌黄瓜',16,99,NULL,'0','1',6,'0','香辣',0,0,0,0,0,NULL,0),(948,'凉拌黄瓜',16,99,NULL,'0','1',6,'0','蒜泥',0,0,0,0,0,NULL,0),(949,'川香小炒肉',16,100,NULL,'0','1',18,'0','',0,0,0,0,0,NULL,0),(950,'大盘鸡',16,100,NULL,'0','1',35,'0','',0,0,0,0,0,NULL,0),(951,'桑拿牛肉',16,100,NULL,'0','1',35,'0','',0,0,0,0,0,NULL,0),(952,'松鼠鱼',16,100,NULL,'0','1',26,'0','',0,0,0,0,0,NULL,0),(953,'风味牛肉',16,100,NULL,'0','1',26,'0','',0,0,0,0,0,NULL,0),(954,'孜然牛肉',16,100,NULL,'0','1',28,'0','',0,0,0,0,0,NULL,0),(955,'蒜香牙签牛肉',16,100,NULL,'0','1',28,'0','',0,0,0,0,0,NULL,0),(956,'麻花牛肉',16,100,NULL,'0','1',26,'0','',0,0,0,0,0,NULL,0),(957,'尖椒牛肉',16,100,NULL,'0','1',25,'0','',0,0,0,0,0,NULL,0),(958,'歌乐山神辣子鸡',16,100,NULL,'0','1',25,'0','',0,0,0,0,0,NULL,0),(959,'天目山神老鸭煲',16,100,NULL,'0','1',25,'0','',0,0,0,0,0,NULL,0),(960,'金丝土豆饼',16,100,NULL,'0','1',16,'0','',0,0,0,0,0,NULL,0),(961,'蒜香牙签肉',16,100,NULL,'0','1',22,'0','',0,0,0,0,0,NULL,0),(962,'竹林尖椒鸡',16,100,NULL,'0','1',25,'0','',0,0,0,0,0,NULL,0),(963,'铁板牛蛙',16,101,NULL,'0','1',22,'0','',0,0,0,0,0,NULL,0),(964,'铁板牛肉',16,101,NULL,'0','1',25,'0','',0,0,0,0,0,NULL,0),(965,'铁板鱿鱼',16,101,NULL,'0','1',20,'0','',0,0,0,0,0,NULL,0),(966,'铁板日本豆腐',16,101,NULL,'0','1',12,'0','',0,0,0,0,0,NULL,0),(967,'铁板对虾',16,101,NULL,'0','1',25,'0','',0,0,0,0,0,NULL,0),(968,'铁板里脊',16,101,NULL,'0','1',22,'0','',0,0,0,0,0,NULL,0),(969,'铁板奉化芋艿',16,101,NULL,'0','1',12,'0','',0,0,0,0,0,NULL,0),(970,'铁板鲫鱼',16,101,NULL,'0','1',18,'0','',0,0,0,0,0,NULL,0),(971,'铁板肥肠',16,101,NULL,'0','1',20,'0','',0,0,0,0,0,NULL,0),(972,'铁板小黄鱼',16,101,NULL,'0','1',22,'0','',0,0,0,0,0,NULL,0),(973,'香辣鸭头',16,100,NULL,'0','1',20,'0','',0,0,0,0,0,NULL,0),(974,'川味穿山兔',16,100,NULL,'0','1',35,'0','',0,0,0,0,0,NULL,0),(975,'板栗红焖肉',16,100,NULL,'0','1',22,'0','',0,0,0,0,0,NULL,0),(976,'泡椒凤爪',16,99,NULL,'0','1',12,'0','',0,0,0,0,0,NULL,0),(977,'松花皮蛋',16,99,NULL,'0','1',10,'0','',0,0,0,0,0,NULL,0),(978,'口水鸡',16,99,NULL,'0','1',18,'0','',0,0,0,0,0,NULL,0),(979,'豆花鱼',16,102,NULL,'0','1',18,'0','',0,0,0,0,0,NULL,0),(980,'番茄鱼',16,102,NULL,'0','1',20,'0','',0,0,0,0,0,NULL,0),(981,'水煮肉片',16,102,NULL,'0','1',20,'0','',0,0,0,0,0,NULL,0),(982,'水煮牛百叶',16,102,NULL,'0','1',20,'0','',0,0,0,0,0,NULL,0),(983,'沸腾鱼',16,102,NULL,'0','1',22,'0','',0,0,0,0,0,NULL,0),(984,'毛血旺',16,102,NULL,'0','1',22,'0','',0,0,0,0,0,NULL,0),(985,'水煮腰花',16,102,NULL,'0','1',25,'0','',0,0,0,0,0,NULL,0),(986,'酸菜黑鱼',16,102,NULL,'0','1',28,'0','',0,0,0,0,0,NULL,0),(987,'水煮黑鱼',16,102,NULL,'0','1',28,'0','',0,0,0,0,0,NULL,0),(988,'沸腾鱼',16,102,NULL,'0','1',32,'0','',0,0,0,0,0,NULL,0),(989,'酸菜鱼',16,102,NULL,'0','1',18,'0','',0,0,0,0,0,NULL,0),(990,'水煮鱼',16,102,NULL,'0','1',20,'0','',0,0,0,0,0,NULL,0),(991,'水煮牛肉',16,102,NULL,'0','1',28,'0','',0,0,0,0,0,NULL,0),(992,'水煮牛蛙',16,102,NULL,'0','1',26,'0','',0,0,0,0,0,NULL,0),(993,'干锅包菜',16,103,NULL,'0','1',15,'0','',0,0,0,0,0,NULL,0),(994,'干锅萝卜',16,103,NULL,'0','1',15,'0','',0,0,0,0,0,NULL,0),(995,'干锅土豆片',16,103,NULL,'0','1',15,'0','',0,0,0,0,0,NULL,0),(996,'干锅有机花菜',16,103,NULL,'0','1',16,'0','',0,0,0,0,0,NULL,0),(997,'干锅鸡胗',16,103,NULL,'0','1',18,'0','',0,0,0,0,0,NULL,0),(998,'干锅鱿鱼',16,103,NULL,'0','1',25,'0','',0,0,0,0,0,NULL,0),(999,'干锅茶树菇',16,103,NULL,'0','1',25,'0','',0,0,0,0,0,NULL,0),(1000,'干锅牛蛙',16,103,NULL,'0','1',25,'0','',0,0,0,0,0,NULL,0),(1001,'干锅野笋干烧肉',16,103,NULL,'0','1',25,'0','',0,0,0,0,0,NULL,0),(1002,'干锅土豆烧牛肉',16,103,NULL,'0','1',25,'0','',0,0,0,0,0,NULL,0),(1003,'干锅鸭',16,103,NULL,'0','1',25,'0','',0,0,0,0,0,NULL,0),(1004,'干锅千叶豆腐',16,103,NULL,'0','1',18,'0','',0,0,0,0,0,NULL,0),(1005,'干锅肥肠',16,103,NULL,'0','1',26,'0','',0,0,0,0,0,NULL,0),(1006,'干锅牛腩',16,103,NULL,'0','1',28,'0','',0,0,0,0,0,NULL,0),(1007,'干锅鸡',16,103,NULL,'0','1',25,'0','',0,0,0,0,0,NULL,0),(1008,'干锅蹄花',16,103,NULL,'0','1',28,'0','',0,0,0,0,0,NULL,0),(1009,'双椒鱼头',16,104,NULL,'0','1',28,'0','',0,0,0,0,0,NULL,0),(1010,'红烧牛蛙',16,104,NULL,'0','1',25,'0','',0,0,0,0,0,NULL,0),(1011,'芹菜鱿鱼',16,104,NULL,'0','1',22,'0','',0,0,0,0,0,NULL,0),(1012,'糖醋脆鱼片',16,104,NULL,'0','1',22,'0','',0,0,0,0,0,NULL,0),(1013,'红烧鲫鱼',16,104,NULL,'0','1',18,'0','',0,0,0,0,0,NULL,0),(1014,'川味花蛤',16,104,NULL,'0','1',12,'0','',0,0,0,0,0,NULL,0),(1015,'酱爆螺丝',16,104,NULL,'0','1',8,'0','',0,0,0,0,0,NULL,0),(1016,'花蛤蒸蛋',16,104,NULL,'0','1',10,'0','',0,0,0,0,0,NULL,0),(1017,'葱油花蛤',16,104,NULL,'0','1',12,'0','',0,0,0,0,0,NULL,0),(1018,'雪菜小黄鱼',16,104,NULL,'0','1',18,'0','',0,0,0,0,0,NULL,0),(1019,'鱼头炖豆腐',16,104,NULL,'0','1',18,'0','',0,0,0,0,0,NULL,0),(1020,'鲫鱼炖豆腐',16,104,NULL,'0','1',18,'0','',0,0,0,0,0,NULL,0),(1021,'香辣虾',16,104,NULL,'0','1',22,'0','',0,0,0,0,0,NULL,0),(1022,'盐水虾',16,104,NULL,'0','1',22,'0','',0,0,0,0,0,NULL,0),(1023,'葱油鲫鱼',16,104,NULL,'0','1',18,'0','',0,0,0,0,0,NULL,0),(1024,'香辣带鱼',16,104,NULL,'0','1',22,'0','',0,0,0,0,0,NULL,0),(1025,'红烧鱼块',16,104,NULL,'0','1',22,'0','',0,0,0,0,0,NULL,0),(1026,'红烧鱼头',16,104,NULL,'0','1',22,'0','',0,0,0,0,0,NULL,0),(1027,'青椒鱿鱼',16,104,NULL,'0','1',22,'0','',0,0,0,0,0,NULL,0),(1028,'鸦片鱼头',16,104,NULL,'0','1',25,'0','',0,0,0,0,0,NULL,0),(1029,'泡椒牛蛙',16,104,NULL,'0','1',25,'0','',0,0,0,0,0,NULL,0),(1030,'年糕茄子煲',16,105,NULL,'0','1',12,'0','',0,0,0,0,0,NULL,0),(1031,'鱼香茄子煲',16,105,NULL,'0','1',12,'0','',0,0,0,0,0,NULL,0),(1032,'芋艿排骨煲',16,105,NULL,'0','1',16,'0','',0,0,0,0,0,NULL,0),(1033,'萝卜排骨煲',16,105,NULL,'0','1',16,'0','',0,0,0,0,0,NULL,0),(1034,'香菇排骨煲',16,105,NULL,'0','1',20,'0','',0,0,0,0,0,NULL,0),(1035,'香菇鸡煲',16,105,NULL,'0','1',20,'0','',0,0,0,0,0,NULL,0),(1036,'三鲜牛蛙煲',16,105,NULL,'0','1',25,'0','',0,0,0,0,0,NULL,0),(1037,'番茄牛腩煲',16,105,NULL,'0','1',20,'0','',0,0,0,0,0,NULL,0),(1038,'山药炖牛腩',16,105,NULL,'0','1',20,'0','',0,0,0,0,0,NULL,0),(1039,'茶树菇鸡煲',16,105,NULL,'0','1',25,'0','',0,0,0,0,0,NULL,0),(1040,'山药土鸡煲',16,105,NULL,'0','1',25,'0','',0,0,0,0,0,NULL,0),(1041,'上汤娃娃煲',16,105,NULL,'0','1',16,'0','',0,0,0,0,0,NULL,0),(1042,'冬瓜排骨煲',16,105,NULL,'0','1',16,'0','',0,0,0,0,0,NULL,0),(1043,'茶树菇鸭煲',16,105,NULL,'0','1',25,'0','',0,0,0,0,0,NULL,0),(1044,'川味牛腩煲',16,105,NULL,'0','1',25,'0','',0,0,0,0,0,NULL,0),(1045,'椒盐排骨',16,106,NULL,'0','1',18,'0','',0,0,0,0,0,NULL,0),(1046,'土豆烤排骨',16,106,NULL,'0','1',18,'0','',0,0,0,0,0,NULL,0),(1047,'芋艿排骨',16,106,NULL,'0','1',18,'0','',0,0,0,0,0,NULL,0),(1048,'红烧鸡尖',16,106,NULL,'0','1',18,'0','',0,0,0,0,0,NULL,0),(1049,'香辣鸡尖',16,106,NULL,'0','1',18,'0','',0,0,0,0,0,NULL,0),(1050,'红烧鸡爪',16,106,NULL,'0','1',18,'0','',0,0,0,0,0,NULL,0),(1051,'红烧排骨',16,106,NULL,'0','1',20,'0','',0,0,0,0,0,NULL,0),(1052,'香辣排骨',16,106,NULL,'0','1',20,'0','',0,0,0,0,0,NULL,0),(1053,'红烧牛蛙',16,106,NULL,'0','1',22,'0','',0,0,0,0,0,NULL,0),(1054,'板栗牛蛙',16,106,NULL,'0','1',22,'0','',0,0,0,0,0,NULL,0),(1055,'芋艿烧鸭',16,106,NULL,'0','1',20,'0','',0,0,0,0,0,NULL,0),(1056,'鲜豆腐炖红烧肉',16,106,NULL,'0','1',20,'0','',0,0,0,0,0,NULL,0),(1057,'泡椒牛蛙',16,106,NULL,'0','1',26,'0','',0,0,0,0,0,NULL,0),(1058,'地三鲜',16,106,NULL,'0','1',10,'0','',0,0,0,0,0,NULL,0),(1059,'三鲜锅巴',16,106,NULL,'0','1',15,'0','',0,0,0,0,0,NULL,0),(1060,'青椒回锅肉',16,106,NULL,'0','1',16,'0','',0,0,0,0,0,NULL,0),(1061,'蒜苔回锅肉',16,106,NULL,'0','1',16,'0','',0,0,0,0,0,NULL,0),(1062,'麻花回锅肉',16,106,NULL,'0','1',16,'0','',0,0,0,0,0,NULL,0),(1063,'锅巴肉片',16,106,NULL,'0','1',16,'0','',0,0,0,0,0,NULL,0),(1064,'爆炒腰花',16,106,NULL,'0','1',18,'0','',0,0,0,0,0,NULL,0),(1065,'酸辣腰花',16,106,NULL,'0','1',18,'0','',0,0,0,0,0,NULL,0),(1066,'笋干扣肉',16,106,NULL,'0','1',20,'0','',0,0,0,0,0,NULL,0),(1067,'四季豆扣肉',16,106,NULL,'0','1',20,'0','',0,0,0,0,0,NULL,0),(1068,'干焗肥肠',16,106,NULL,'0','1',25,'0','',0,0,0,0,0,NULL,0),(1069,'红烧大肠',16,106,NULL,'0','1',25,'0','',0,0,0,0,0,NULL,0),(1070,'尖椒肥肠',16,106,NULL,'0','1',25,'0','',0,0,0,0,0,NULL,0),(1071,'香辣猪蹄',16,106,NULL,'0','1',25,'0','',0,0,0,0,0,NULL,0),(1072,'糖醋排骨',16,106,NULL,'0','1',18,'0','',0,0,0,0,0,NULL,0),(1073,'红烧猪蹄',16,106,NULL,'0','1',25,'0','',0,0,0,0,0,NULL,0),(1074,'芹菜肉丝',16,106,NULL,'0','1',13,'0','',0,0,0,0,0,NULL,0),(1075,'榨菜肉丝',16,106,NULL,'0','1',13,'0','',0,0,0,0,0,NULL,0),(1076,'土豆肉丝',16,106,NULL,'0','1',13,'0','',0,0,0,0,0,NULL,0),(1077,'青椒肉丝',16,106,NULL,'0','1',13,'0','',0,0,0,0,0,NULL,0),(1078,'莴笋肉丝',16,106,NULL,'0','1',13,'0','',0,0,0,0,0,NULL,0),(1079,'包心菜肉丝',16,106,NULL,'0','1',13,'0','',0,0,0,0,0,NULL,0),(1080,'蒜苔肉丝',16,106,NULL,'0','1',13,'0','',0,0,0,0,0,NULL,0),(1081,'肉沫四季豆',16,106,NULL,'0','1',13,'0','',0,0,0,0,0,NULL,0),(1082,'大白菜肉糊',16,106,NULL,'0','1',13,'0','',0,0,0,0,0,NULL,0),(1083,'蚂蚁上树',16,106,NULL,'0','1',13,'0','',0,0,0,0,0,NULL,0),(1084,'大白菜炒肉片',16,106,NULL,'0','1',13,'0','',0,0,0,0,0,NULL,0),(1085,'鱼香肉丝',16,106,NULL,'0','1',15,'0','',0,0,0,0,0,NULL,0),(1086,'苦瓜肉丝',16,106,NULL,'0','1',15,'0','',0,0,0,0,0,NULL,0),(1087,'土耳其烤肉饭',17,107,NULL,'0','1',10,'0','土豆丝、西红柿炒蛋、炒玉米、海白菜、烤肉、生菜',15,0,0,0,3,NULL,0),(1088,'娃娃菜肉丝',16,106,NULL,'0','1',15,'0','',0,0,0,0,0,NULL,0),(1089,'花菜肉丝',16,106,NULL,'0','1',15,'0','',0,0,0,0,0,NULL,0),(1090,'香菇肉片',16,106,NULL,'0','1',15,'0','',0,0,0,0,0,NULL,0),(1091,'木须肉',16,106,NULL,'0','1',15,'0','',0,0,0,0,0,NULL,0),(1092,'金针菇肉丝',16,106,NULL,'0','1',16,'0','',0,0,0,0,0,NULL,0),(1093,'烤肉',17,108,NULL,'0','1',5,'0','',0,0,0,0,0,NULL,0),(1094,'香莴笋肉片',16,106,NULL,'0','1',13,'0','',0,0,0,0,0,NULL,0),(1095,'山药炒肉片',16,106,NULL,'0','1',13,'0','',0,0,0,0,0,NULL,0),(1096,'黑木耳肉片',16,106,NULL,'0','1',15,'0','',0,0,0,0,0,NULL,0),(1097,'黑木耳炒蛋',16,106,NULL,'0','1',10,'0','',0,0,0,0,0,NULL,0),(1098,'葱油芋艿',16,106,NULL,'0','1',10,'0','',0,0,0,0,0,NULL,0),(1099,'玉米烙',16,106,NULL,'0','1',12,'0','',0,0,0,0,0,NULL,0),(1100,'蛋黄南瓜',16,106,NULL,'0','1',12,'0','',0,0,0,0,0,NULL,0),(1101,'麻辣豆腐',16,106,NULL,'0','1',6,'0','',0,0,0,0,0,NULL,0),(1102,'麻辣豆腐',16,106,NULL,'0','1',6,'0','',0,0,0,0,0,NULL,0),(1103,'麻辣日本豆腐',16,106,NULL,'0','1',7,'0','',0,0,0,0,0,NULL,0),(1104,'麻婆豆腐',16,106,NULL,'0','1',6,'0','',0,0,0,0,0,NULL,0),(1105,'葱花跑蛋',16,106,NULL,'0','1',8,'0','',0,0,0,0,0,NULL,0),(1106,'火腿肠跑蛋',16,106,NULL,'0','1',10,'0','',0,0,0,0,0,NULL,0),(1107,'肉丝跑蛋',16,106,NULL,'0','1',10,'0','',0,0,0,0,0,NULL,0),(1108,'红烧芋艿',16,106,NULL,'0','1',10,'0','',0,0,0,0,0,NULL,0),(1109,'番茄炒蛋',16,106,NULL,'0','1',10,'0','',0,0,0,0,0,NULL,0),(1110,'黄瓜炒蛋',16,106,NULL,'0','1',10,'0','',0,0,0,0,0,NULL,0),(1111,'韭菜炒蛋',16,106,NULL,'0','1',10,'0','',0,0,0,0,0,NULL,0),(1112,'尖椒炒蛋',16,106,NULL,'0','1',10,'0','',0,0,0,0,0,NULL,0),(1113,'椒盐玉米',16,106,NULL,'0','1',12,'0','',0,0,0,0,0,NULL,0),(1114,'椒盐芋艿',16,106,NULL,'0','1',12,'0','',0,0,0,0,0,NULL,0),(1115,'虾仁跑蛋',16,106,NULL,'0','1',12,'0','',0,0,0,0,0,NULL,0),(1116,'洋葱炒蛋',16,106,NULL,'0','1',12,'0','',0,0,0,0,0,NULL,0),(1117,'金针菇炒蛋',16,106,NULL,'0','1',12,'0','',0,0,0,0,0,NULL,0),(1118,'青菜豆腐花',16,109,NULL,'0','1',6,'0','',0,0,0,0,0,NULL,0),(1119,'紫菜蛋花汤',16,109,NULL,'0','1',6,'0','',0,0,0,0,0,NULL,0),(1120,'酸辣粉丝汤',16,109,NULL,'0','1',6,'0','',0,0,0,0,0,NULL,0),(1121,'榨菜肉丝汤',16,109,NULL,'0','1',8,'0','',0,0,0,0,0,NULL,0),(1122,'西红柿蛋汤',16,109,NULL,'0','1',8,'0','',0,0,0,0,0,NULL,0),(1123,'青瓜皮蛋汤',16,109,NULL,'0','1',8,'0','',0,0,0,0,0,NULL,0),(1124,'虾皮蛋花汤',16,109,NULL,'0','1',8,'0','',0,0,0,0,0,NULL,0),(1125,'酸辣汤',16,109,NULL,'0','1',10,'0','',0,0,0,0,0,NULL,0),(1126,'三鲜汤',16,109,NULL,'0','1',10,'0','',0,0,0,0,0,NULL,0),(1127,'雪菜黄鱼汤',16,109,NULL,'0','1',15,'0','',0,0,0,0,0,NULL,0),(1128,'排骨汤',16,109,NULL,'0','1',15,'0','',0,0,0,0,0,NULL,0),(1129,'奶汤鲫鱼',16,109,NULL,'0','1',18,'0','',0,0,0,0,0,NULL,0),(1130,'冬瓜排骨汤',16,109,NULL,'0','1',15,'0','',0,0,0,0,0,NULL,0),(1131,'鱼头豆腐汤',16,109,NULL,'0','1',15,'0','',0,0,0,0,0,NULL,0),(1132,'农家蔬菜羹',16,109,NULL,'0','1',8,'0','',0,0,0,0,0,NULL,0),(1133,'酒酿丸子羹',16,109,NULL,'0','1',10,'0','',0,0,0,0,0,NULL,0),(1134,'福鼎肉片',15,110,NULL,'0','1',7,'0','',0,0,0,0,0,NULL,0),(1135,'白玉蛋花羹',16,109,NULL,'0','1',8,'0','',0,0,0,0,0,NULL,0),(1136,'西湖牛肉羹',16,109,NULL,'0','1',10,'0','',0,0,0,0,0,NULL,0),(1137,'三鲜羹',16,109,NULL,'0','1',10,'0','',0,0,0,0,0,NULL,0),(1138,'群菇羹',16,109,NULL,'0','1',10,'0','',0,0,0,0,0,NULL,0),(1139,'香菇蛋花羹',16,109,NULL,'0','1',10,'0','',0,0,0,0,0,NULL,0),(1140,'肉片水饺',15,110,NULL,'0','1',7,'0','',0,0,0,0,0,NULL,0),(1141,'玉米蛋花羹',16,109,NULL,'0','1',10,'0','',0,0,0,0,0,NULL,0),(1142,'粗面肉片',15,110,NULL,'0','1',7,'0','',0,0,0,0,0,NULL,0),(1143,'水粉肉片',15,110,NULL,'0','1',7,'0','',0,0,0,0,0,NULL,0),(1144,'蒜泥空心菜',16,111,NULL,'0','1',6,'0','',0,0,0,0,0,NULL,0),(1145,'清炒青菜',16,111,NULL,'0','1',6,'0','',0,0,0,0,0,NULL,0),(1146,'河粉肉片',15,110,NULL,'0','1',7,'0','',0,0,0,0,0,NULL,0),(1147,'水饺',15,110,NULL,'0','1',6,'0','',0,0,0,0,0,NULL,0),(1148,'蒜泥青菜',16,111,NULL,'0','1',6,'0','',0,0,0,0,0,NULL,0),(1149,'水粉',15,110,NULL,'0','1',3.5,'0','',0,0,0,0,0,NULL,0),(1150,'清炒四季豆',16,111,NULL,'0','1',8,'0','',0,0,0,0,0,NULL,0),(1151,'河粉',15,110,NULL,'0','1',3.5,'0','',0,0,0,0,0,NULL,0),(1152,'酸辣大白菜',16,111,NULL,'0','1',6,'0','',0,0,0,0,0,NULL,0),(1153,'粗面',15,110,NULL,'0','1',3.5,'0','',0,0,0,0,0,NULL,0),(1154,'牛肉粗面',15,110,NULL,'0','1',8,'0','',0,0,0,0,0,NULL,0),(1155,'手撕包菜',16,111,NULL,'0','1',10,'0','',0,0,0,0,0,NULL,0),(1156,'牛肉水粉',15,110,NULL,'0','1',8,'0','',0,0,0,0,0,NULL,0),(1157,'干焗土豆条',16,111,NULL,'0','1',10,'0','',0,0,0,0,0,NULL,0),(1158,'牛肉河粉',15,110,NULL,'0','1',8,'0','',0,0,0,0,0,NULL,0),(1159,'香菇青菜',16,111,NULL,'0','1',8,'0','',0,0,0,0,0,NULL,0),(1160,'清炒大白菜',16,111,NULL,'0','1',6,'0','',0,0,0,0,0,NULL,0),(1161,'青椒土豆丝',16,111,NULL,'0','1',6,'0','',0,0,0,0,0,NULL,0),(1162,'榨菜肉丝',15,112,NULL,'1','1',2,'0','',0,0,0,0,0,NULL,0),(1163,'酸辣土豆丝',16,111,NULL,'0','1',6,'0','',0,0,0,0,0,NULL,0),(1164,'鸡蛋',15,112,NULL,'0','1',1.5,'0','',0,0,0,0,0,NULL,0),(1165,'蚝油生菜',16,111,NULL,'0','1',8,'0','',0,0,0,0,0,NULL,0),(1166,'蒜泥生菜',16,111,NULL,'0','1',8,'0','',0,0,0,0,0,NULL,0),(1167,'尖椒茄子',16,111,NULL,'0','1',10,'0','',0,0,0,0,0,NULL,0),(1168,'鱼香茄子',16,111,NULL,'0','1',10,'0','',0,0,0,0,0,NULL,0),(1169,'肉末茄子',16,111,NULL,'0','u',10,'0','',0,0,0,0,0,NULL,0),(1170,'酱爆茄子',16,111,NULL,'0','1',10,'0','',0,0,0,0,0,NULL,0),(1171,'红烧冬瓜',16,111,NULL,'0','1',10,'0','',0,0,0,0,0,NULL,0),(1172,'小葱冬瓜',16,111,NULL,'0','1',8,'0','',0,0,0,0,0,NULL,0),(1173,'清炒莴笋',16,111,NULL,'0','1',8,'0','',0,0,0,0,0,NULL,0),(1174,'清炒藕丝',16,111,NULL,'0','1',8,'0','',0,0,0,0,0,NULL,0),(1175,'糖醋藕丝',16,111,NULL,'0','1',8,'0','',0,0,0,0,0,NULL,0),(1176,'干焗四季豆',16,111,NULL,'0','1',8,'0','',0,0,0,0,0,NULL,0),(1177,'清炒苦瓜',16,111,NULL,'0','1',8,'0','',0,0,0,0,0,NULL,0),(1178,'雪菜毛豆',16,111,NULL,'0','1',6,'0','',0,0,0,0,0,NULL,0),(1179,'雪菜猪血',16,111,NULL,'0','1',6,'0','',0,0,0,0,0,NULL,0),(1180,'青椒玉米',16,111,NULL,'0','1',8,'0','',0,0,0,0,0,NULL,0),(1181,'炒花菜',16,111,NULL,'0','1',8,'0','',0,0,0,0,0,NULL,0),(1182,'虎皮青椒',16,111,NULL,'0','1',10,'0','',0,0,0,0,0,NULL,0),(1183,'蛋炒饭',16,113,NULL,'0','1',8,'0','',0,0,0,0,0,NULL,0),(1184,'扬州炒饭',16,113,NULL,'0','1',12,'0','',0,0,0,0,0,NULL,0),(1185,'牛肉炒饭',16,113,NULL,'0','1',12,'0','',0,0,0,0,0,NULL,0),(1186,'香干炒饭',16,113,NULL,'0','1',10,'0','',0,0,0,0,0,NULL,0),(1187,'海鲜炒饭',16,113,NULL,'0','1',12,'0','',0,0,0,0,0,NULL,0),(1188,'雪菜肉丝炒饭',16,113,NULL,'0','1',8,'0','',0,0,0,0,0,NULL,0),(1189,'鱼香肉丝炒饭',16,113,NULL,'0','1',10,'0','',0,0,0,0,0,NULL,0),(1190,'泡菜肉末炒饭',16,113,NULL,'0','1',8,'0','',0,0,0,0,0,NULL,0),(1191,'香菇肉末炒饭',16,113,NULL,'0','1',10,'0','',0,0,0,0,0,NULL,0),(1192,'里脊肉炒饭',16,113,NULL,'0','1',10,'0','',0,0,0,0,0,NULL,0),(1193,'五花肉炒饭',16,113,NULL,'0','1',10,'0','',0,0,0,0,0,NULL,0),(1194,'榨菜肉丝',15,112,NULL,'0','1',2,'0','',0,0,0,0,0,NULL,0),(1195,'飘香拌面',21,114,NULL,'0','1',4,'0','',0,0,0,0,0,NULL,30),(1196,'葱油拌面',21,114,NULL,'0','1',4,'0','',0,0,0,0,0,NULL,29),(1197,'炸酱拌面',21,114,NULL,'0','1',6,'0','',0,0,0,0,0,NULL,28),(1198,'肉丝拌面',21,114,NULL,'0','1',6,'0','',0,0,0,0,0,NULL,27),(1199,'香脆馄饨',21,114,NULL,'0','1',4,'0','',0,0,0,0,0,NULL,26),(1200,'特色蒸饺',21,114,NULL,'0','1',4,'0','',0,0,0,0,0,NULL,25),(1201,'香酱拌馄饨（饺）',21,114,NULL,'0','1',5,'0','',0,0,0,0,0,NULL,24),(1202,'炸馄饨（饺）',21,114,NULL,'0','1',6,'0','',0,0,0,0,0,NULL,23),(1203,'水饺',21,114,NULL,'0','1',5,'0','',0,0,0,0,0,NULL,22),(1204,'汤河粉',21,114,NULL,'0','1',4,'0','',0,0,0,0,0,NULL,21),(1205,'汤年糕',21,114,NULL,'0','1',5,'0','',0,0,0,0,0,NULL,20),(1206,'青菜面',21,114,NULL,'0','1',4,'0','',0,0,0,0,0,NULL,19),(1207,'馄饨面',21,114,NULL,'0','1',6,'0','',0,0,0,0,0,NULL,15),(1208,'馄饨粉',21,114,NULL,'0','1',6,'0','',0,0,0,0,0,NULL,14),(1209,'肉丝面',21,114,NULL,'0','1',6,'0','',0,0,0,0,0,NULL,13),(1210,'肉丝粉',21,114,NULL,'0','1',6,'0','',0,0,0,0,0,NULL,12),(1211,'饨香大排面',21,114,NULL,'0','1',8,'0','',0,0,0,0,0,NULL,11),(1212,'饨香大排粉',21,114,NULL,'0','u',8,'0','',0,0,0,0,0,NULL,10),(1213,'牛肚面',21,114,NULL,'0','1',9,'0','',0,0,0,0,0,NULL,9),(1214,'牛肚粉',21,114,NULL,'0','1',9,'0','',0,0,0,0,0,NULL,8),(1215,'叉烧面',21,114,NULL,'0','1',9,'0','',0,0,0,0,0,NULL,7),(1216,'叉烧粉',21,114,NULL,'0','1',9,'0','',0,0,0,0,0,NULL,6),(1217,'肥肠面',21,114,NULL,'0','1',10,'0','',0,0,0,0,0,NULL,5),(1218,'肥肠粉',21,114,NULL,'0','1',10,'0','',0,0,0,0,0,NULL,4),(1219,'牛腩面',21,114,NULL,'0','1',10,'0','',0,0,0,0,0,NULL,3),(1220,'牛腩粉',21,114,NULL,'0','1',10,'0','',0,0,0,0,0,NULL,2),(1221,'烤鸭面',21,114,NULL,'0','1',10,'0','',0,0,0,0,0,NULL,1),(1222,'烤鸭粉',21,114,NULL,'0','1',10,'0','',0,0,0,0,0,NULL,0),(1223,'青菜粉',21,114,NULL,'0','u',4,'0','',0,0,0,0,0,NULL,18),(1224,'酸菜面',21,114,NULL,'0','u',4,'0','',0,0,0,0,0,NULL,17),(1225,'酸菜粉',21,114,NULL,'0','u',4,'0','',0,0,0,0,0,NULL,16),(1226,'肉丝套餐饭',21,115,NULL,'0','1',8,'0','',0,0,0,0,0,NULL,0),(1227,'大排套餐饭',21,115,NULL,'0','1',9,'0','',0,0,0,0,0,NULL,0),(1228,'鸡腿套餐饭',21,115,NULL,'0','1',8,'0','',0,0,0,0,0,NULL,0),(1229,'炸酱套餐饭',21,115,NULL,'0','1',8,'0','',0,0,0,0,0,NULL,0),(1230,'鸭头套餐饭',21,115,NULL,'0','1',8,'0','',0,0,0,0,0,NULL,0),(1231,'鸭脖套餐饭',21,115,NULL,'0','1',9,'0','',0,0,0,0,0,NULL,0),(1232,'鸭腿套餐饭',21,115,NULL,'0','1',10,'0','',2,0,0,0,0,NULL,0),(1233,'叉烧套餐饭',21,116,NULL,'0','1',10,'0','',0,0,0,0,0,NULL,0),(1234,'梅菜扣肉套餐饭',21,116,NULL,'0','1',10,'0','',0,0,0,0,0,NULL,0),(1235,'牛肚套餐饭',21,116,NULL,'0','1',10,'0','',0,0,0,0,0,NULL,0),(1236,'荔枝肉套餐饭',21,116,NULL,'0','1',10,'0','',0,0,0,0,0,NULL,0),(1237,'烤鸭套餐饭',21,116,NULL,'0','1',11,'0','',0,0,0,0,0,NULL,0),(1238,'肥肠套餐饭',21,116,NULL,'0','1',12,'0','',0,0,0,0,0,NULL,0),(1239,'牛腩套餐饭',21,116,NULL,'0','1',12,'0','',0,0,0,0,0,NULL,0),(1240,'枸杞乌鸡面',21,117,NULL,'0','1',9,'0','',0,0,0,0,0,NULL,0),(1241,'枸杞乌鸡粉',21,117,NULL,'0','1',9,'0','',0,0,0,0,0,NULL,0),(1242,'树菇老鸭面',21,117,NULL,'0','1',8,'0','',0,0,0,0,0,NULL,0),(1243,'树菇老鸭粉',21,117,NULL,'0','1',8,'0','',0,0,0,0,0,NULL,0),(1244,'香菇排骨面',21,117,NULL,'0','1',8,'0','',0,0,0,0,0,NULL,0),(1245,'香菇排骨粉',21,117,NULL,'0','1',8,'0','',0,0,0,0,0,NULL,0),(1246,'当归牛肉面',21,117,NULL,'0','1',8,'0','',0,0,0,0,0,NULL,0),(1247,'当归牛肉粉',21,117,NULL,'0','1',8,'0','',0,0,0,0,0,NULL,0),(1248,'乌鸡汤套餐',21,118,NULL,'0','1',10,'0','',0,0,0,0,0,NULL,0),(1249,'老鸭汤套餐',21,118,NULL,'0','1',10,'0','',0,0,0,0,0,NULL,0),(1250,'排骨汤套餐',21,118,NULL,'0','1',10,'0','',0,0,0,0,0,NULL,0),(1251,'牛肉汤套餐',21,118,NULL,'0','1',10,'0','',0,0,0,0,0,NULL,0),(1252,'鸡蛋炒面',21,119,NULL,'0','1',6,'0','',0,0,0,0,0,NULL,0),(1253,'鸡蛋炒河粉',21,119,NULL,'0','1',6,'0','',0,0,0,0,0,NULL,0),(1254,'鸡蛋炒米线',21,119,NULL,'0','1',6,'0','',0,0,0,0,0,NULL,0),(1255,'鸡蛋炒年糕',21,119,NULL,'0','1',6,'0','',0,0,0,0,0,NULL,0),(1256,'鸡蛋炒饭',21,119,NULL,'0','1',6,'0','',0,0,0,0,0,NULL,0),(1257,'番茄蛋炒饭',21,119,NULL,'0','1',7,'0','',0,0,0,0,0,NULL,0),(1258,'肉丝蛋炒饭',21,119,NULL,'0','1',8,'0','',0,0,0,0,0,NULL,0),(1259,'肉丝鸡蛋炒面',21,119,NULL,'0','1',8,'0','',0,0,0,0,0,NULL,0),(1260,'肉丝鸡蛋炒粉',21,119,NULL,'0','1',8,'0','',0,0,0,0,0,NULL,0),(1261,'肉丝鸡蛋炒年糕',21,119,NULL,'0','1',8,'0','',0,0,0,0,0,NULL,0),(1262,'大排炒饭',21,119,NULL,'0','1',9,'0','',0,0,0,0,0,NULL,0),(1263,'鸭头炒饭',21,119,NULL,'0','1',9,'0','',0,0,0,0,0,NULL,0),(1264,'鸡腿炒饭',21,119,NULL,'0','1',9,'0','',0,0,0,0,0,NULL,0),(1265,'鸭脖炒饭',21,119,NULL,'0','1',10,'0','',0,0,0,0,0,NULL,0),(1266,'牛腩炒饭',21,119,NULL,'0','1',10,'0','',0,0,0,0,0,NULL,0),(1267,'牛肉炒饭',21,119,NULL,'0','1',10,'0','',0,0,0,0,0,NULL,0),(1268,'鸭腿炒饭',21,119,NULL,'0','1',11,'0','',1,0,0,0,0,NULL,0),(1269,'枸杞乌鸡汤',21,120,NULL,'0','1',7,'0','',0,0,0,0,0,NULL,0),(1270,'树菇老鸭汤',21,120,NULL,'0','1',6,'0','',0,0,0,0,0,NULL,0),(1271,'香菇排骨汤',21,120,NULL,'0','1',6,'0','',0,0,0,0,0,NULL,0),(1272,'当归牛肉汤',21,120,NULL,'0','1',6,'0','',0,0,0,0,0,NULL,0),(1273,'卤蛋',21,121,NULL,'0','1',1.5,'0','',0,0,0,0,0,NULL,0),(1274,'煎蛋',21,121,NULL,'0','1',2,'0','',0,0,0,0,0,NULL,0),(1275,'热狗',21,121,NULL,'0','1',1,'0','',0,0,0,0,0,NULL,0),(1276,'香干（2片）',21,121,NULL,'0','1',1,'0','',0,0,0,0,0,NULL,0),(1277,'大排',21,121,NULL,'0','1',5,'0','',0,0,0,0,0,NULL,0),(1278,'鸭头',21,121,NULL,'0','1',5,'0','',0,0,0,0,0,NULL,0),(1279,'鸡腿',21,121,NULL,'0','1',4,'0','',0,0,0,0,0,NULL,0),(1280,'鸭腿',21,121,NULL,'0','1',6,'0','',0,0,0,0,0,NULL,0),(1281,'梅菜扣肉',21,121,NULL,'0','1',6,'0','',0,0,0,0,0,NULL,0),(1282,'牛腩',21,121,NULL,'0','1',8,'0','',0,0,0,0,0,NULL,0),(1283,'肥肠',21,121,NULL,'0','1',8,'0','',0,0,0,0,0,NULL,0),(1284,'绿豆汤',21,121,NULL,'0','1',2,'0','',0,0,0,0,0,NULL,0),(1285,'紫菜汤',21,121,NULL,'0','1',0.5,'0','',0,0,0,0,0,NULL,0),(1286,'酸菜汤',21,121,NULL,'0','1',0.5,'0','',0,0,0,0,0,NULL,0),(1287,'原味奶茶',22,122,NULL,'0','1',4,'0','',0,0,0,0,0,NULL,0),(1288,'珍珠奶茶',22,122,NULL,'0','1',4,'0','',0,0,0,0,0,NULL,0),(1289,'蓝莓奶茶',22,122,NULL,'0','1',5,'0','',0,0,0,0,0,NULL,0),(1290,'西米奶茶',22,122,NULL,'0','1',5,'0','',0,0,0,0,0,NULL,0),(1291,'柠檬奶茶',22,122,NULL,'0','1',5,'0','',0,0,0,0,0,NULL,0),(1292,'香芋奶茶',22,122,NULL,'0','1',5,'0','',0,0,0,0,0,NULL,0),(1293,'草莓奶茶',22,122,NULL,'0','1',5,'0','',0,0,0,0,0,NULL,0),(1294,'咖啡奶茶',22,122,NULL,'0','1',5,'0','',0,0,0,0,0,NULL,0),(1295,'巧克力奶茶',22,122,NULL,'0','1',5,'0','',0,0,0,0,0,NULL,0),(1296,'芒果奶茶',22,122,NULL,'0','1',5,'0','',0,0,0,0,0,NULL,0),(1297,'爆蛋奶茶',22,122,NULL,'0','1',6,'0','',0,0,0,0,0,NULL,0),(1298,'五谷飘香奶茶',22,122,NULL,'0','1',6,'0','',0,0,0,0,0,NULL,0),(1299,'鸳鸯奶茶',22,122,NULL,'0','1',6,'0','',0,0,0,0,0,NULL,0),(1300,'港式奶茶',22,122,NULL,'0','1',6,'0','',0,0,0,0,0,NULL,0),(1301,'草莓果汁',22,123,NULL,'0','1',4,'0','',0,0,0,0,0,NULL,0),(1302,'蓝莓果汁',22,123,NULL,'0','1',4,'0','',0,0,0,0,0,NULL,0),(1303,'奇异果果汁',22,123,NULL,'0','1',4,'0','',0,0,0,0,0,NULL,0),(1304,'柳橙汁',22,123,NULL,'0','1',4,'0','',0,0,0,0,0,NULL,0),(1305,'哈密瓜汁',22,123,NULL,'0','1',4,'0','',0,0,0,0,0,NULL,0),(1306,'柠檬汁',22,123,NULL,'0','1',4,'0','',0,0,0,0,0,NULL,0),(1307,'西瓜汁',22,123,NULL,'0','1',4,'0','',0,0,0,0,0,NULL,0),(1308,'青苹果汁',22,123,NULL,'0','1',4,'0','',0,0,0,0,0,NULL,0),(1309,'柠檬果茶',22,123,NULL,'0','1',5,'0','',0,0,0,0,0,NULL,0),(1310,'哈密瓜果茶',22,123,NULL,'0','1',5,'0','',0,0,0,0,0,NULL,0),(1311,'草莓果茶',22,123,NULL,'0','1',5,'0','',0,0,0,0,0,NULL,0),(1312,'蓝莓果茶',22,123,NULL,'0','1',5,'0','',0,0,0,0,0,NULL,0),(1313,'西瓜果茶',22,123,NULL,'0','1',5,'0','',0,0,0,0,0,NULL,0),(1314,'奇异果果茶',22,123,NULL,'0','1',5,'0','',0,0,0,0,0,NULL,0),(1315,'青苹果果茶',22,123,NULL,'0','1',5,'0','',0,0,0,0,0,NULL,0),(1316,'柳橙果茶',22,123,NULL,'0','1',5,'0','',0,0,0,0,0,NULL,0),(1317,'西瓜果奶',22,124,NULL,'0','1',5,'0','',0,0,0,0,0,NULL,0),(1318,'奇异果果奶',22,124,NULL,'0','1',5,'0','',0,0,0,0,0,NULL,0),(1319,'哈密瓜果奶',22,124,NULL,'0','1',5,'0','',0,0,0,0,0,NULL,0),(1320,'柳橙果奶',22,124,NULL,'0','1',5,'0','',0,0,0,0,0,NULL,0),(1321,'精人果果奶',22,124,NULL,'0','1',5,'0','',0,0,0,0,0,NULL,0),(1322,'青苹果果奶',22,124,NULL,'0','1',5,'0','',0,0,0,0,0,NULL,0),(1323,'蓝莓果奶',22,124,NULL,'0','1',5,'0','',0,0,0,0,0,NULL,0),(1324,'草莓果奶',22,124,NULL,'0','1',5,'0','',0,0,0,0,0,NULL,0),(1325,'奥尔良烤鸡腿堡',22,125,NULL,'0','1',9,'0','',0,0,0,0,0,NULL,0),(1326,'香辣鸡腿堡',22,125,NULL,'0','1',7,'0','',0,0,0,0,0,NULL,0),(1327,'劲脆鸡腿堡',22,125,NULL,'0','1',7,'0','',0,0,0,0,0,NULL,0),(1328,'双鸡堡',22,125,NULL,'0','1',7,'0','',0,0,0,0,0,NULL,0),(1329,'深海鳄鱼堡',22,125,NULL,'0','1',8,'0','',0,0,0,0,0,NULL,0),(1330,'黄金鲜虾堡',22,125,NULL,'0','1',8,'0','',0,0,0,0,0,NULL,0),(1331,'牛肉堡',22,125,NULL,'0','1',6,'0','',0,0,0,0,0,NULL,0),(1332,'老北京鸡肉卷',22,125,NULL,'0','1',7,'0','',0,0,0,0,0,NULL,0),(1333,'南洋鸡肉卷',22,125,NULL,'0','1',7,'0','',0,0,0,0,0,NULL,0),(1334,'草莓布丁',22,126,NULL,'0','1',4,'0','',0,0,0,0,0,NULL,0),(1335,'原味布丁',22,126,NULL,'0','1',4,'0','',0,0,0,0,0,NULL,0),(1336,'鸡蛋布丁',22,126,NULL,'0','1',4,'0','',0,0,0,0,0,NULL,0),(1337,'椰果布丁',22,126,NULL,'0','1',5,'0','',0,0,0,0,0,NULL,0),(1338,'红豆布丁',22,126,NULL,'0','1',5,'0','',0,0,0,0,0,NULL,0),(1339,'水果布丁',22,126,NULL,'0','1',5,'0','',0,0,0,0,0,NULL,0),(1340,'红豆酸奶',22,126,NULL,'0','1',6,'0','',0,0,0,0,0,NULL,0),(1341,'原味酸奶',22,126,NULL,'0','1',5,'0','',0,0,0,0,0,NULL,0),(1342,'橙色年代',22,126,NULL,'0','1',6,'0','',0,0,0,0,0,NULL,0),(1343,'纯真年代',22,126,NULL,'0','1',7,'0','',0,0,0,0,0,NULL,0),(1344,'红豆双皮奶',22,126,NULL,'0','1',5,'0','',0,0,0,0,0,NULL,0),(1345,'椰果双皮奶',22,126,NULL,'0','1',5,'0','',0,0,0,0,0,NULL,0),(1346,'原味双皮奶',22,126,NULL,'0','1',4,'0','',0,0,0,0,0,NULL,0),(1347,'水果双皮奶',22,126,NULL,'0','1',5,'0','',0,0,0,0,0,NULL,0),(1348,'畅想慕斯',22,126,NULL,'0','1',5,'0','',0,0,0,0,0,NULL,0),(1349,'银耳汤',22,126,NULL,'0','1',5,'0','',0,0,0,0,0,NULL,0),(1350,'绿豆汤',22,126,NULL,'0','1',4,'0','',0,0,0,0,0,NULL,0),(1351,'椰汁西米露',22,126,NULL,'0','1',6,'0','',0,0,0,0,0,NULL,0),(1352,'草糊冻',22,126,NULL,'0','1',3,'0','',0,0,0,0,0,NULL,0),(1353,'甜筒冰淇淋',22,127,NULL,'0','1',4,'0','',0,0,0,0,0,NULL,0),(1354,'纸杯冰淇淋',22,127,NULL,'0','1',5,'0','',0,0,0,0,0,NULL,0),(1355,'冰淇淋五彩球',22,127,NULL,'0','1',5,'0','',0,0,0,0,0,NULL,0),(1356,'双色冰淇淋球',22,127,NULL,'0','1',8,'0','',0,0,0,0,0,NULL,0),(1357,'随变',22,127,NULL,'0','1',9,'0','',0,0,0,0,0,NULL,0),(1358,'香蕉船',22,127,NULL,'0','1',10,'0','',0,0,0,0,0,NULL,0),(1359,'牵牛花冰淇淋',22,127,NULL,'0','1',12,'0','',0,0,0,0,0,NULL,0),(1360,'情意绵绵',22,127,NULL,'0','1',10,'0','',0,0,0,0,0,NULL,0),(1361,'红豆相思',22,127,NULL,'0','1',9,'0','',0,0,0,0,0,NULL,0),(1362,'阳光假日',22,127,NULL,'0','1',10,'0','',0,0,0,0,0,NULL,0),(1363,'粉色佳人',22,127,NULL,'0','1',8,'0','',0,0,0,0,0,NULL,0),(1364,'冰淇淋火锅',22,127,NULL,'0','1',32,'0','',0,0,0,0,0,NULL,0),(1365,'柠檬汁冰淇淋',22,127,NULL,'0','1',7,'0','',0,0,0,0,0,NULL,0),(1366,'圣代',22,127,NULL,'0','1',7,'0','',3,0,0,0,0,NULL,0),(1367,'雪顶',22,127,NULL,'0','1',9,'0','',0,0,0,0,0,NULL,0),(1368,'蜜汁手扒鸡',22,128,NULL,'0','1',18,'0','',0,0,0,0,0,NULL,0),(1369,'黄金脆皮鸡',22,128,NULL,'0','1',18,'0','',0,0,0,0,0,NULL,0),(1370,'奥尔良烤翅',22,128,NULL,'0','1',7,'0','',0,0,0,0,0,NULL,0),(1371,'香辣鸡翅',22,128,NULL,'0','1',6,'0','',0,0,0,0,0,NULL,0),(1372,'魔法鸡块',22,128,NULL,'0','1',7,'0','',0,0,0,0,0,NULL,0),(1373,'黑椒上校鸡块',22,128,NULL,'0','1',7,'0','',0,0,0,0,0,NULL,0),(1374,'金甲鸡米花',22,128,NULL,'0','1',6,'0','',0,0,0,0,0,NULL,0),(1375,'黄金蝴蝶虾',22,128,NULL,'0','1',6,'0','',0,0,0,0,0,NULL,0),(1376,'骨肉相连',22,128,NULL,'0','1',5,'0','',0,0,0,0,0,NULL,0),(1377,'川香鸡柳',22,128,NULL,'0','1',5,'0','',0,0,0,0,0,NULL,0),(1378,'薯条（大）',22,128,NULL,'0','1',7,'0','',0,0,0,0,0,NULL,0),(1379,'薯条（小）',22,128,NULL,'0','1',5,'0','',0,0,0,0,0,NULL,0),(1380,'蜜汁手扒鸡套餐',22,129,NULL,'0','1',35,'0','蜜汁手扒鸡、香辣鸡腿堡、奥尔良烤翅、2杯可乐',0,0,0,0,0,NULL,0),(1381,'黄金脆皮鸡套餐',22,129,NULL,'0','1',35,'0','黄金脆皮鸡、香辣鸡腿堡、奥尔良烤翅、2杯可乐',0,0,0,0,0,NULL,0),(1382,'老北京鸡肉卷套餐',22,129,NULL,'0','1',18,'0','老北京鸡肉卷、劲脆鸡腿堡、2杯可乐',0,0,0,0,0,NULL,0),(1383,'鲜虾堡套餐',22,129,NULL,'0','1',30,'0','鲜虾堡、老北京鸡肉卷、2对香辣鸡翅、2杯可乐',0,0,0,0,0,NULL,0),(1384,'双鸡堡套餐',22,129,NULL,'0','1',20,'0','双鸡堡、薯条、上校鸡块、果汁',0,0,0,0,0,NULL,0),(1385,'蜜汁手扒鸡套餐',22,129,NULL,'0','1',19,'0','蜜汁手扒鸡、可乐',0,0,0,0,0,NULL,0),(1386,'脆皮鸡套餐',22,129,NULL,'0','1',19,'0','脆皮鸡、可乐',0,0,0,0,0,NULL,0),(1387,'奥尔良烤鸡腿堡套餐',22,129,NULL,'0','1',17,'0','奥尔良烤鸡腿堡、奥尔良烤翅、可乐',0,0,0,0,0,NULL,0),(1388,'香辣鸡腿堡套餐1',22,129,NULL,'0','1',15,'0','香辣鸡腿堡、香辣鸡翅、可乐',0,0,0,0,0,NULL,0),(1389,'香辣鸡腿堡套餐2',22,129,NULL,'0','1',12,'0','香辣鸡腿堡、可乐、纸杯冰淇淋',0,0,0,0,0,NULL,0),(1390,'香辣鸡排',23,130,NULL,'0','1',12,'0','',0,0,0,0,0,NULL,0),(1391,'招牌鸡排',23,130,NULL,'0','1',12,'0','',0,0,0,0,0,NULL,0),(1392,'脆皮鸡排',23,130,NULL,'0','1',12,'0','',0,0,0,0,0,NULL,0),(1393,'鸡翅',23,130,NULL,'0','1',5,'0','',0,0,0,0,0,NULL,0),(1394,'鸡腿',23,130,NULL,'0','1',5,'0','',0,0,0,0,0,NULL,0),(1395,'铁板鱿鱼（3串）',23,130,NULL,'0','1',10,'0','',0,0,0,0,0,NULL,0),(1396,'正新肉串（3串）',23,130,NULL,'0','1',10,'0','',0,0,0,0,0,NULL,0),(1397,'巨无霸肉串',23,130,NULL,'0','1',5,'0','',0,0,0,0,0,NULL,0),(1398,'香酥脆骨',23,130,NULL,'0','1',5,'0','',0,0,0,0,0,NULL,0),(1399,'鸡米花',23,130,NULL,'0','1',5,'0','',0,0,0,0,0,NULL,0),(1400,'香肠',23,130,NULL,'0','1',2.5,'0','',0,0,0,0,0,NULL,0),(1401,'香酥鸡腿堡',23,130,NULL,'0','1',5,'0','',0,0,0,0,0,NULL,0),(1402,'希波饼',23,130,NULL,'0','1',3,'0','',0,0,0,0,0,NULL,0),(1403,'蔬菜皮萨饼',23,130,NULL,'0','1',2,'0','',0,0,0,0,0,NULL,0),(1404,'南瓜饼（1盒）',23,130,NULL,'0','1',6,'0','',0,0,0,0,0,NULL,0),(1405,'蛋挞（2个）',23,130,NULL,'0','1',5,'0','',0,0,0,0,0,NULL,0),(1406,'豆竹卷',23,131,NULL,'0','1',2.5,'0','',0,0,0,0,0,NULL,0),(1407,'甜不辣',23,131,NULL,'0','1',2.5,'0','',0,0,0,0,0,NULL,0),(1408,'贡丸',23,131,NULL,'0','1',2.5,'0','',0,0,0,0,0,NULL,0),(1409,'脆骨丸',23,131,NULL,'0','1',2.5,'0','',0,0,0,0,0,NULL,0),(1410,'千张包',23,131,NULL,'0','1',2.5,'0','',0,0,0,0,0,NULL,0),(1411,'牛肉丸',23,131,NULL,'0','1',2.5,'0','',0,0,0,0,0,NULL,0),(1412,'虾丸',23,131,NULL,'0','1',2.5,'0','',0,0,0,0,0,NULL,0),(1413,'鱼丸',23,131,NULL,'0','1',2.5,'0','',0,0,0,0,0,NULL,0),(1414,'海带片',23,131,NULL,'0','1',1.5,'0','',0,0,0,0,0,NULL,0),(1415,'波霸奶茶',23,132,NULL,'0','1',5,'0','',0,0,0,0,0,NULL,0),(1416,'布丁奶茶',23,132,NULL,'0','1',5,'0','',0,0,0,0,0,NULL,0),(1417,'麦香红豆',23,132,NULL,'0','1',5,'0','',0,0,0,0,0,NULL,0),(1418,'抹茶红豆',23,132,NULL,'0','1',7,'0','',0,0,0,0,0,NULL,0),(1419,'可可欧蕾',23,132,NULL,'0','1',5,'0','',0,0,0,0,0,NULL,0),(1420,'椰果奶茶',23,132,NULL,'0','1',5,'0','',0,0,0,0,0,NULL,0),(1421,'柠檬红茶',23,133,NULL,'0','1',5,'0','',0,0,0,0,0,NULL,0),(1422,'柠檬绿茶',23,133,NULL,'0','1',5,'0','',0,0,0,0,0,NULL,0),(1423,'芒果冰冻',23,133,NULL,'0','1',5,'0','',0,0,0,0,0,NULL,0),(1424,'蜂蜜柠檬',23,133,NULL,'0','1',7,'0','',0,0,0,0,0,NULL,0),(1425,'南国荔枝饮',23,133,NULL,'0','1',7,'0','',0,0,0,0,0,NULL,0),(1426,'西柚绿茶',23,133,NULL,'0','1',8,'0','',0,0,0,0,0,NULL,0),(1427,'金桔柠檬',23,133,NULL,'0','1',8,'0','',0,0,0,0,0,NULL,0),(1428,'芒果沙冰',23,133,NULL,'0','1',7,'0','',0,0,0,0,0,NULL,0),(1429,'南洋老咖啡',23,133,NULL,'0','1',7,'0','',0,0,0,0,0,NULL,0),(1430,'咖喱三宝饭',24,134,NULL,'0','1',12,'0','',0,0,0,0,0,NULL,0),(1431,'辣味葱爆虾饭',24,134,NULL,'0','1',12,'0','',0,0,0,0,0,NULL,0),(1432,'农家排骨饭',24,134,NULL,'0','1',12,'0','',0,0,0,0,0,NULL,0),(1433,'茄子带鱼饭',24,134,NULL,'0','1',10,'0','',0,0,0,0,0,NULL,0),(1434,'千禧牛柳饭',24,134,NULL,'0','1',12,'0','',0,0,0,0,0,NULL,0),(1435,'川味辣子鸡饭',24,134,NULL,'0','1',12,'0','',0,0,0,0,0,NULL,0),(1436,'红烧鸡腿饭',24,134,NULL,'0','1',10,'0','',0,0,0,0,0,NULL,0),(1437,'香菇芋艿鸡饭',24,134,NULL,'0','1',8,'0','',0,0,0,0,0,NULL,0),(1438,'农家小炒肉饭',24,134,NULL,'0','1',8,'0','',0,0,0,0,0,NULL,0),(1439,'超值牛排',24,135,NULL,'0','1',22,'0','',0,0,0,0,0,NULL,0),(1440,'铁板西冷牛排',24,135,NULL,'0','1',27,'0','',0,0,0,0,0,NULL,0),(1441,'菲力牛排',24,135,NULL,'0','1',27,'0','',0,0,0,0,0,NULL,0),(1442,'安格斯顶级西冷',24,135,NULL,'0','1',52,'0','',0,0,0,0,0,NULL,0),(1443,'特色三明治',24,135,NULL,'1','1',5,'0','',0,0,0,0,0,NULL,0),(1444,'水果色拉',24,135,NULL,'1','1',5,'0','',0,0,0,0,0,NULL,0),(1445,'玉米',23,136,NULL,'0','1',3,'0','',0,0,0,0,0,NULL,0),(1446,'粽子',23,136,NULL,'0','1',3,'0','',0,0,0,0,0,NULL,0),(1447,'卤肉饭',20,137,NULL,'0','1',10,'0','',0,0,0,0,0,NULL,0),(1448,'牛肉豆子套餐',20,137,NULL,'0','1',12,'0','',1,0,0,0,0,NULL,0),(1449,'红烧排骨套餐',20,137,NULL,'0','1',12,'0','',0,0,0,0,0,NULL,0),(1450,'鸡腿套餐',20,137,NULL,'0','1',10,'0','',0,0,0,0,0,NULL,0),(1451,'红烧肉套餐',20,137,NULL,'0','1',12,'0','',0,0,0,0,0,NULL,0),(1452,'特色鱼块套餐',20,137,NULL,'0','1',12,'0','',1,0,0,0,0,NULL,0),(1453,'猪蹄套餐',20,137,NULL,'0','1',15,'0','',0,0,0,0,0,NULL,0),(1454,'回锅肉套餐',20,137,NULL,'0','1',12,'0','',1,0,0,0,0,NULL,0),(1455,'青椒肉丝套餐',20,137,NULL,'0','1',10,'0','',2,0,0,0,0,NULL,0),(1456,'土豆肉丝套餐',20,137,NULL,'0','1',10,'0','',0,0,0,0,0,NULL,0),(1457,'特色滑鱼套餐',20,137,NULL,'0','1',12,'0','',0,0,0,0,0,NULL,0),(1458,'麻辣牛肉套餐',20,137,NULL,'0','1',15,'0','',1,0,0,0,0,NULL,0),(1459,'肉末茄子套餐',20,137,NULL,'0','1',10,'0','',1,0,0,0,0,NULL,0),(1460,'扬州炒饭',20,137,NULL,'0','1',8,'0','',0,0,0,0,0,NULL,0),(1461,'牛肉炒饭',20,137,NULL,'0','1',10,'0','',3,0,0,0,0,NULL,0),(1462,'西红柿炒蛋套餐',20,137,NULL,'0','1',8,'0','',0,0,0,0,0,NULL,0),(1463,'手撕盐焗鸡套餐',20,137,NULL,'0','1',10,'0','',2,0,0,0,2,NULL,0),(1464,'红烧鸡块套餐',20,137,NULL,'0','1',10,'0','',0,0,0,0,0,NULL,0),(1465,'杭椒嫩牛肉套餐',20,137,NULL,'0','1',15,'0','',0,0,0,0,0,NULL,0),(1466,'爆炒鸡腿肉套餐',20,137,NULL,'0','1',10,'0','',3,0,0,0,0,NULL,0),(1467,'辣肉套餐',20,137,NULL,'0','1',12,'0','',1,0,0,0,0,NULL,0),(1468,'鱼香肉丝套餐',20,137,NULL,'0','1',10,'0','',0,0,0,0,0,NULL,0),(1469,'宫爆鸡丁套餐',20,137,NULL,'0','1',10,'0','',3,4,1,0,0,NULL,0),(1470,'米饭（一份）',20,138,NULL,'0','1',1,'0','',4,0,0,0,0,NULL,0),(1471,'香菇青菜',20,138,NULL,'0','1',7,'0','',0,0,0,0,0,NULL,0),(1472,'酸辣土豆丝',20,138,NULL,'0','1',6,'0','',0,0,0,0,0,NULL,0),(1473,'空心菜',20,138,NULL,'0','1',7,'0','',0,0,0,0,0,NULL,0),(1474,'酸辣大白菜',20,138,NULL,'0','1',7,'0','',0,0,0,0,0,NULL,0),(1475,'蚝油生菜',20,138,NULL,'0','1',7,'0','',0,0,0,0,0,NULL,0),(1476,'清炒小南瓜',20,138,NULL,'0','1',7,'0','',0,0,0,0,0,NULL,0),(1477,'韭菜跑蛋',20,138,NULL,'0','1',8,'0','',0,0,0,0,0,NULL,0),(1478,'肉丝跑蛋',20,138,NULL,'0','1',9,'0','',0,0,0,0,0,NULL,0),(1479,'西红柿炒蛋',20,138,NULL,'0','1',10,'0','',0,0,0,0,0,NULL,0),(1480,'青椒煎鸡蛋',20,138,NULL,'0','1',9,'0','',0,0,0,0,0,NULL,0),(1481,'黄瓜火腿肠',20,138,NULL,'0','1',10,'0','',0,0,0,0,0,NULL,0),(1482,'苦瓜炒蛋',20,138,NULL,'0','1',10,'0','',0,0,0,0,0,NULL,0),(1483,'麻婆豆腐',20,138,NULL,'0','1',12,'0','',0,0,0,0,0,NULL,0),(1484,'家常豆腐',20,138,NULL,'0','1',12,'0','',0,0,0,0,0,NULL,0),(1485,'肉末茄子',20,138,NULL,'0','1',10,'0','',1,0,0,0,0,NULL,0),(1486,'宫爆鸡丁',20,138,NULL,'0','1',12,'0','',1,0,0,0,0,NULL,0),(1487,'青椒肉丝',20,138,NULL,'0','1',12,'0','',0,0,0,0,0,NULL,0),(1488,'鱼香肉丝',20,138,NULL,'0','1',12,'0','',1,0,0,0,0,NULL,0),(1489,'回锅肉',20,138,NULL,'0','1',15,'0','',0,0,0,0,0,NULL,0),(1490,'特色麻辣牛肉',20,138,NULL,'0','1',25,'0','',0,0,0,0,0,NULL,0),(1491,'红烧鱼块',20,138,NULL,'0','1',15,'0','',0,0,0,0,0,NULL,0),(1492,'特色鸭胗',20,138,NULL,'0','1',18,'0','',0,0,0,0,0,NULL,0),(1493,'红烧排骨',20,138,NULL,'0','1',15,'0','',0,0,0,0,0,NULL,0),(1494,'手撕盐焗鸡',20,138,NULL,'0','1',20,'0','',0,0,0,0,0,NULL,0),(1495,'香干肉丝',20,138,NULL,'0','1',12,'0','',0,0,0,0,0,NULL,0),(1496,'豆瓣鲫鱼',20,138,NULL,'0','1',16,'0','',0,0,0,0,0,NULL,0),(1497,'爆炒黑鱼片',20,138,NULL,'0','1',20,'0','',0,0,0,0,0,NULL,0),(1498,'清炒扁鱼',20,138,NULL,'0','1',18,'0','',0,0,0,0,0,NULL,0),(1499,'盐水虾',20,138,NULL,'0','1',25,'0','',0,0,0,0,0,NULL,0),(1500,'酸菜鱼',20,138,NULL,'0','1',25,'0','',0,0,0,0,0,NULL,0),(1501,'活鸡干锅',20,138,NULL,'0','1',28,'0','',0,0,0,0,0,NULL,0),(1502,'牛肉豆子煲',20,138,NULL,'0','1',25,'0','',0,0,0,0,0,NULL,0),(1503,'红烧肉',20,138,NULL,'0','1',25,'0','',0,0,0,0,0,NULL,0),(1504,'牛肉干锅',20,138,NULL,'0','1',38,'0','',0,0,0,0,0,NULL,0),(1505,'海鲜火锅',20,138,NULL,'0','1',58,'0','',0,0,0,0,0,NULL,0),(1506,'黄瓜皮蛋汤',20,139,NULL,'0','1',6,'0','',0,0,0,0,0,NULL,0),(1507,'豆腐青菜汤',20,139,NULL,'0','1',6,'0','',0,0,0,0,0,NULL,0),(1508,'西红柿蛋汤',20,139,NULL,'0','1',6,'0','',0,0,0,0,0,NULL,0),(1509,'三鲜汤',20,139,NULL,'0','1',10,'0','',0,0,0,0,0,NULL,0),(1510,'排骨冬瓜汤',20,139,NULL,'0','1',12,'0','',0,0,0,0,0,NULL,0),(1511,'预定生食材85折',3,140,NULL,'0','1',0,'0','外出郊游，春游、秋游的不错选择哦',0,0,0,0,0,NULL,0),(1512,'凉拌青瓜',26,141,NULL,'0','1',5,'0','',0,0,0,0,0,NULL,20),(1513,'凉拌菠菜',26,141,NULL,'0','1',5,'0','',0,0,0,0,0,NULL,19),(1514,'皮蛋豆腐',26,141,NULL,'0','1',6,'0','',0,0,0,0,0,NULL,18),(1515,'青椒皮蛋',26,141,NULL,'0','1',8,'0','',0,0,0,0,0,NULL,17),(1516,'香菇青菜',26,141,NULL,'0','1',7,'0','',0,0,0,0,0,NULL,16),(1517,'酸菜土豆丝',26,141,NULL,'0','1',7,'0','',0,0,0,0,0,NULL,15),(1518,'西红柿炒蛋',26,141,NULL,'0','1',10,'0','',0,0,0,0,0,NULL,14),(1519,'苦瓜炒蛋',26,141,NULL,'0','1',10,'0','',0,0,0,0,0,NULL,13),(1520,'肉丝跑蛋',26,141,NULL,'0','1',12,'0','',0,0,0,0,0,NULL,1),(1521,'青椒肉丝',26,141,NULL,'0','1',12,'0','',0,0,0,0,0,NULL,2),(1522,'香干肉丝',26,141,NULL,'0','1',12,'0','',0,0,0,0,0,NULL,3),(1523,'油焖茄子',26,141,NULL,'0','1',12,'0','',0,0,0,0,0,NULL,4),(1524,'金玉满堂',26,141,NULL,'0','1',12,'0','',0,0,0,0,0,NULL,12),(1525,'鱼香肉丝',26,141,NULL,'0','1',15,'0','',0,0,0,0,0,NULL,10),(1526,'宫爆鸡丁',26,141,NULL,'0','1',15,'0','',0,0,0,0,0,NULL,11),(1527,'木须肉',26,141,NULL,'0','1',15,'0','',0,0,0,0,0,NULL,9),(1528,'爆炒猪肝',26,141,NULL,'0','1',15,'0','',0,0,0,0,0,NULL,8),(1529,'红烧鸡翅',26,141,NULL,'0','1',18,'0','',0,0,0,0,0,NULL,7),(1530,'回锅肉',26,141,NULL,'0','1',15,'0','',0,0,0,0,0,NULL,5),(1531,'啤酒鸭',26,141,NULL,'0','1',25,'0','',0,0,0,0,0,NULL,6),(1532,'麻辣豆腐',26,141,NULL,'0','1',7,'0','',0,0,0,0,0,NULL,0),(1533,'青菜蛋炒饭',26,142,NULL,'0','1',6,'0','',0,0,0,0,0,NULL,0),(1534,'干菜蛋炒饭',26,142,NULL,'0','1',6,'0','',0,0,0,0,0,NULL,0),(1535,'雪菜蛋炒饭',26,142,NULL,'0','1',6,'0','',0,0,0,0,0,NULL,0),(1536,'火腿蛋炒饭',26,142,NULL,'0','1',7,'0','',1,0,0,0,1,NULL,0),(1537,'腊肉炒饭',26,142,NULL,'0','1',9,'0','',0,0,0,0,0,NULL,0),(1538,'扬州炒饭',26,142,NULL,'0','1',7,'0','',0,0,0,0,0,NULL,0),(1539,'牛肉炒饭',26,142,NULL,'0','1',10,'0','',0,0,0,0,0,NULL,0),(1540,'肉丝蛋炒饭',26,142,NULL,'0','1',8,'0','',0,0,0,0,0,NULL,0),(1541,'红烧肉蛋炒饭',26,142,NULL,'0','1',10,'0','',0,0,0,0,0,NULL,0),(1542,'回锅肉蛋炒饭',26,142,NULL,'0','1',9,'0','',0,0,0,0,0,NULL,0),(1543,'宫爆鸡丁蛋炒饭',26,142,NULL,'0','1',8,'0','',0,0,0,0,0,NULL,0),(1544,'里脊蛋炒饭',26,142,NULL,'0','1',8,'0','',0,0,0,0,0,NULL,0),(1545,'土豆丝炒饭',26,142,NULL,'0','1',6,'0','',0,0,0,0,0,NULL,0),(1546,'青椒肉丝炒饭',26,142,NULL,'0','1',8,'0','',0,0,0,0,0,NULL,0),(1547,'西红柿蛋炒饭',26,142,NULL,'0','1',8,'0','',0,0,0,0,0,NULL,0),(1548,'虾仁蛋炒饭',26,142,NULL,'0','1',9,'0','',0,0,0,0,0,NULL,0),(1549,'腊肠炒饭',26,142,NULL,'0','1',7,'0','',1,0,0,0,1,NULL,0),(1550,'腊肠炒饭',26,142,NULL,'0','1',8,'0','',1,0,0,0,1,NULL,0),(1551,'洋葱肥肠炒饭',26,142,NULL,'0','1',10,'0','',0,0,0,0,0,NULL,0),(1552,'尖椒鱿鱼炒饭（辣）',26,142,NULL,'0','1',10,'0','',0,0,0,0,0,NULL,0),(1553,'尖椒牛柳炒饭（辣）',26,142,NULL,'0','1',10,'0','',0,0,0,0,0,NULL,0),(1554,'尖椒肥肠炒饭（辣）',26,142,NULL,'0','1',10,'0','',0,0,0,0,0,NULL,0),(1555,'酸豆角蛋炒饭',26,142,NULL,'0','1',6,'0','',0,0,0,0,0,NULL,0),(1556,'萝卜干蛋炒饭',26,142,NULL,'0','1',6,'0','',0,0,0,0,0,NULL,0),(1557,'金针菇肉丝蛋炒饭',26,142,NULL,'0','1',9,'0','',0,0,0,0,0,NULL,0),(1558,'榨菜肉丝蛋炒饭',26,142,NULL,'0','1',8,'0','',0,0,0,0,0,NULL,0),(1559,'紫菜蛋汤',26,143,NULL,'0','1',5,'0','',0,0,0,0,0,NULL,0),(1560,'西红柿蛋汤',26,143,NULL,'0','1',5,'0','',0,0,0,0,0,NULL,0),(1561,'青菜豆腐汤',26,143,NULL,'0','1',5,'0','',0,0,0,0,0,NULL,0),(1562,'榨菜肉丝汤',26,143,NULL,'0','1',6,'0','',0,0,0,0,0,NULL,0),(1563,'酸辣汤',26,143,NULL,'0','1',8,'0','',0,0,0,0,0,NULL,0),(1564,'酸辣土豆丝',26,144,NULL,'0','1',6,'0','',0,0,0,0,0,NULL,0),(1565,'洋葱肉丝',26,144,NULL,'0','1',7,'0','',0,0,0,0,0,NULL,0),(1566,'雪菜肉丝',26,144,NULL,'0','1',7,'0','',0,0,0,0,0,NULL,0),(1567,'地三鲜',26,144,NULL,'0','1',7,'0','',0,0,0,0,0,NULL,0),(1568,'西红柿炒蛋',26,144,NULL,'0','1',7,'0','',0,0,0,0,0,NULL,0),(1569,'油焖茄子',26,144,NULL,'0','1',7,'0','',0,0,0,0,0,NULL,0),(1570,'香菇肉片',26,144,NULL,'0','1',8,'0','',0,0,0,0,0,NULL,0),(1571,'麻婆豆腐',26,144,NULL,'0','1',6,'0','',0,0,0,0,0,NULL,0),(1572,'青菜香菇',26,144,NULL,'0','1',6,'0','',0,0,0,0,0,NULL,0),(1573,'榨菜肉丝',26,144,NULL,'0','1',7,'0','',0,0,0,0,0,NULL,0),(1574,'豆芽肉丝',26,144,NULL,'0','1',7,'0','',0,0,0,0,0,NULL,0),(1575,'火腿肠炒蛋',26,144,NULL,'0','1',8,'0','',0,0,0,0,0,NULL,0),(1576,'啤酒鸭盖饭',26,144,NULL,'1','1',9,'0','',0,0,0,0,0,NULL,0),(1577,'胡萝卜肉丝',26,144,NULL,'0','1',8,'0','',0,0,0,0,0,NULL,0),(1578,'金针菇肉丝',26,144,NULL,'0','1',8,'0','',0,0,0,0,0,NULL,0),(1579,'香辣回锅肉',26,144,NULL,'0','1',9,'0','',0,0,0,0,0,NULL,0),(1580,'洋葱炒蛋',26,144,NULL,'0','1',7,'0','',0,0,0,0,0,NULL,0),(1581,'红烧日本豆腐',26,144,NULL,'0','1',7,'0','',0,0,0,0,0,NULL,0),(1582,'肉丝茄子',26,144,NULL,'0','1',8,'0','',0,0,0,0,0,NULL,0),(1583,'土豆鸡块',26,144,NULL,'0','1',8,'0','',0,0,0,0,0,NULL,0),(1584,'香辣猪肝',26,144,NULL,'0','1',9,'0','',0,0,0,0,0,NULL,0),(1585,'土豆烧肉',26,144,NULL,'0','1',9,'0','',0,0,0,0,0,NULL,0),(1586,'芋艿排骨',26,144,NULL,'0','1',9,'0','',0,0,0,0,0,NULL,0),(1587,'洋葱肥肠',26,144,NULL,'0','1',9,'0','',0,0,0,0,0,NULL,0),(1588,'青椒肥肠',26,144,NULL,'0','1',9,'0','',0,0,0,0,0,NULL,0),(1589,'青菜牛肉',26,144,NULL,'0','1',9,'0','',0,0,0,0,0,NULL,0),(1590,'土豆牛肉',26,144,NULL,'0','1',9,'0','',0,0,0,0,0,NULL,0),(1591,'茄子牛肉',26,144,NULL,'0','1',9,'0','',0,0,0,0,0,NULL,0),(1592,'红烧肉',26,144,NULL,'0','1',10,'0','',1,0,0,0,1,NULL,0),(1593,'青椒木耳肉丝',26,144,NULL,'0','1',8,'0','',0,0,0,0,0,NULL,0),(1594,'芹菜肉丝',26,144,NULL,'0','1',8,'0','',0,0,0,0,0,NULL,0),(1595,'四川腊肉',26,144,NULL,'0','1',10,'0','',0,0,0,0,0,NULL,0),(1596,'鱼块盖饭',26,144,NULL,'0','1',10,'0','',0,0,0,0,0,NULL,0),(1597,'白菜油豆腐',26,144,NULL,'0','1',7,'0','',0,0,0,0,0,NULL,0),(1598,'黄瓜火腿肠',26,144,NULL,'0','1',8,'0','',0,0,0,0,0,NULL,0),(1599,'红烧小排',26,144,NULL,'0','1',10,'0','',0,0,0,0,0,NULL,0),(1600,'青椒鱿鱼',26,144,NULL,'0','1',8,'0','',0,0,0,0,0,NULL,0),(1601,'芹菜香干',26,144,NULL,'0','1',7,'0','',0,0,0,0,0,NULL,0),(1602,'香干肉丝',26,144,NULL,'0','1',8,'0','',0,0,0,0,0,NULL,0),(1603,'卤香大排',26,144,NULL,'0','1',10,'0','',0,0,0,0,0,NULL,0),(1604,'鸡腿盖饭',26,144,NULL,'0','1',10,'0','',0,0,0,0,0,NULL,0),(1605,'蒜台肉丝',26,144,NULL,'0','1',8,'0','',0,0,0,0,0,NULL,0),(1606,'蒜苗肉丝',26,144,NULL,'0','1',8,'0','',0,0,0,0,0,NULL,0),(1607,'青椒肉丝',26,144,NULL,'0','1',8,'0','',0,0,0,0,0,NULL,0),(1608,'鱼香肉丝',26,144,NULL,'0','1',8,'0','',0,0,0,0,0,NULL,0),(1609,'青菜肉丝',26,144,NULL,'0','1',8,'0','',0,0,0,0,0,NULL,0),(1610,'酸辣大白菜',26,144,NULL,'0','1',6,'0','',0,0,0,0,0,NULL,0),(1611,'黄瓜肉丝',26,144,NULL,'0','1',8,'0','',0,0,0,0,0,NULL,0),(1612,'鸡蛋炒面',26,145,NULL,'0','1',6,'0','',0,0,0,0,0,NULL,4),(1613,'鸡蛋炒米线',26,145,NULL,'0','1',6,'0','',0,0,0,0,0,NULL,1),(1614,'鸡蛋炒年糕',26,145,NULL,'0','1',6,'0','',0,0,0,0,0,NULL,2),(1615,'鸡蛋炒河粉',26,145,NULL,'0','1',6,'0','',0,0,0,0,0,NULL,3),(1616,'肉丝蛋炒面',26,145,NULL,'0','1',8,'0','',0,0,0,0,0,NULL,5),(1617,'肉丝蛋炒米线',26,145,NULL,'0','1',8,'0','',0,0,0,0,0,NULL,6),(1618,'肉丝蛋炒年糕',26,145,NULL,'0','1',8,'0','',0,0,0,0,0,NULL,7),(1619,'肉丝蛋炒河粉',26,145,NULL,'0','1',8,'0','',0,0,0,0,0,NULL,8),(1620,'牛肉蛋炒面',26,145,NULL,'0','1',10,'0','',0,0,0,0,0,NULL,9),(1621,'牛肉蛋炒米线',26,145,NULL,'0','1',10,'0','',0,0,0,0,0,NULL,10),(1622,'牛肉蛋炒年糕',26,145,NULL,'0','1',10,'0','',1,0,0,1,0,NULL,11),(1623,'牛肉蛋炒河粉',26,145,NULL,'0','1',10,'0','',0,0,0,0,0,NULL,12),(1624,'特色炒刀削',26,145,NULL,'0','1',10,'0','',0,0,0,0,0,NULL,0),(1625,'青菜蛋汤面',26,146,NULL,'0','1',5,'0','',0,0,0,0,0,NULL,7),(1626,'小排汤面',26,146,NULL,'0','1',9,'0','',0,0,0,0,0,NULL,16),(1627,'青菜蛋汤年糕',26,146,NULL,'0','1',5,'0','',0,0,0,0,0,NULL,6),(1628,'青菜蛋汤米线',26,146,NULL,'0','1',5,'0','',0,0,0,0,0,NULL,5),(1629,'青菜蛋汤泡饭',26,146,NULL,'0','1',5,'0','',0,0,0,0,0,NULL,4),(1630,'西红柿滑蛋面',26,146,NULL,'0','1',6,'0','',0,0,0,0,0,NULL,3),(1631,'西红柿滑蛋年糕',26,146,NULL,'0','1',6,'0','',0,0,0,0,0,NULL,2),(1632,'西红柿滑蛋米线',26,146,NULL,'0','1',6,'0','',0,0,0,0,0,NULL,1),(1633,'西红柿滑蛋泡饭',26,146,NULL,'0','1',6,'0','',0,0,0,0,0,NULL,0),(1634,'雪菜肉丝汤面',26,146,NULL,'0','1',6,'0','',0,0,0,0,0,NULL,11),(1635,'雪菜肉丝汤年糕',26,146,NULL,'0','1',6,'0','',0,0,0,0,0,NULL,10),(1636,'雪菜肉丝汤米线',26,146,NULL,'0','1',6,'0','',0,0,0,0,0,NULL,8),(1637,'雪菜肉丝汤泡饭',26,146,NULL,'0','1',6,'0','',0,0,0,0,0,NULL,9),(1638,'牛肉汤面',26,146,NULL,'0','1',9,'0','',0,0,0,0,0,NULL,23),(1639,'牛肉汤年糕',26,146,NULL,'0','1',9,'0','',0,0,0,0,0,NULL,22),(1640,'牛肉汤米线',26,146,NULL,'0','1',9,'0','',0,0,0,0,0,NULL,21),(1641,'牛肉汤泡饭',26,146,NULL,'0','1',9,'0','',0,0,0,0,0,NULL,20),(1642,'小排汤年糕',26,146,NULL,'0','1',9,'0','',0,0,0,0,0,NULL,19),(1643,'小排汤米线',26,146,NULL,'0','1',9,'0','',0,0,0,0,0,NULL,18),(1644,'小排汤泡饭',26,146,NULL,'0','1',9,'0','',0,0,0,0,0,NULL,17),(1645,'大排汤面',26,146,NULL,'0','1',10,'0','',0,0,0,0,0,NULL,15),(1646,'大排汤年糕',26,146,NULL,'0','1',10,'0','',0,0,0,0,0,NULL,14),(1647,'大排汤米线',26,146,NULL,'0','1',10,'0','',0,0,0,0,0,NULL,13),(1648,'大排汤泡饭',26,146,NULL,'0','1',10,'0','',0,0,0,0,0,NULL,12),(1649,'鸡蛋砂锅（刀削面）',26,147,NULL,'0','1',8,'0','',0,0,0,0,0,NULL,11),(1650,'鸡蛋砂锅（泡面）',26,147,NULL,'0','1',7,'0','',0,0,0,0,0,NULL,10),(1651,'鸡蛋砂锅（粉）',26,147,NULL,'0','1',7,'0','',0,0,0,0,0,NULL,9),(1652,'贡丸砂锅（刀削面）',26,147,NULL,'0','1',8,'0','',0,0,0,0,0,NULL,8),(1653,'贡丸砂锅（泡面）',26,147,NULL,'0','1',7,'0','',0,0,0,0,0,NULL,7),(1654,'贡丸砂锅（粉）',26,147,NULL,'0','1',7,'0','',0,0,0,0,0,NULL,6),(1655,'牛肉砂锅（刀削面）',26,147,NULL,'0','1',10,'0','',0,0,0,0,0,NULL,5),(1656,'牛肉砂锅（泡面）',26,147,NULL,'0','1',9,'0','',0,0,0,0,0,NULL,4),(1657,'牛肉砂锅（粉）',26,147,NULL,'0','1',9,'0','',0,0,0,0,0,NULL,3),(1658,'鸡尖砂锅（刀削面）',26,147,NULL,'0','1',8,'0','',0,0,0,0,0,NULL,2),(1659,'鸡尖砂锅（泡面）',26,147,NULL,'0','1',7,'0','',0,0,0,0,0,NULL,1),(1660,'鸡尖砂锅（粉）',26,147,NULL,'0','1',7,'0','',0,0,0,0,0,NULL,0),(1661,'鸡爪砂锅（刀削面）',26,147,NULL,'0','1',8,'0','',0,0,0,0,0,NULL,14),(1662,'鸡爪砂锅（泡面）',26,147,NULL,'0','1',7,'0','',0,0,0,0,0,NULL,13),(1663,'鸡爪砂锅（粉）',26,147,NULL,'0','1',7,'0','',0,0,0,0,0,NULL,12),(1664,'小排砂锅（刀削面）',26,147,NULL,'0','1',9,'0','',0,0,0,0,0,NULL,27),(1665,'小排砂锅（泡面）',26,147,NULL,'0','1',8,'0','',0,0,0,0,0,NULL,26),(1666,'小排砂锅（粉）',26,147,NULL,'0','1',8,'0','',0,0,0,0,0,NULL,25),(1667,'大排砂锅（刀削面）',26,147,NULL,'0','1',11,'0','',0,0,0,0,0,NULL,24),(1668,'大排砂锅（泡面）',26,147,NULL,'0','1',10,'0','',0,0,0,0,0,NULL,23),(1669,'大排砂锅（泡面）',26,147,NULL,'0','u',10,'0','',0,0,0,0,0,NULL,22),(1670,'大排砂锅（粉）',26,147,NULL,'0','1',10,'0','',0,0,0,0,0,NULL,21),(1671,'海鲜砂锅（刀削面）',26,147,NULL,'0','1',9,'0','',0,0,0,0,0,NULL,20),(1672,'海鲜砂锅（泡面）',26,147,NULL,'0','1',8,'0','',0,0,0,0,0,NULL,19),(1673,'海鲜砂锅（粉）',26,147,NULL,'0','1',8,'0','',0,0,0,0,0,NULL,18),(1674,'红烧肉砂锅（刀削面）',26,147,NULL,'0','1',11,'0','',0,0,0,0,0,NULL,17),(1675,'红烧肉砂锅（泡面）',26,147,NULL,'0','1',10,'0','',0,0,0,0,0,NULL,16),(1676,'红烧肉砂锅（粉）',26,147,NULL,'0','1',10,'0','',0,0,0,0,0,NULL,15),(1677,'大排',26,148,NULL,'0','1',5,'0','',0,0,0,0,0,NULL,0),(1678,'鸡腿',26,148,NULL,'0','1',5,'0','',0,0,0,0,0,NULL,0),(1679,'鸡爪',26,148,NULL,'0','1',1.5,'0','',0,0,0,0,0,NULL,0),(1680,'卤蛋',26,148,NULL,'0','1',1.5,'0','',0,0,0,0,0,NULL,0),(1681,'肉丝',26,148,NULL,'0','1',2,'0','',0,0,0,0,0,NULL,0),(1682,'荷包蛋',26,148,NULL,'0','1',1.5,'0','',0,0,0,0,0,NULL,0),(1683,'香肠',26,148,NULL,'0','1',1,'0','',0,0,0,0,0,NULL,0),(1684,'腊肠（小份）',26,148,NULL,'0','1',1,'0','',0,0,0,0,0,NULL,0),(1685,'腊肠（小份）',26,148,NULL,'0','1',1,'0','',0,0,0,0,0,NULL,0),(1686,'腊肠（大份）',26,148,NULL,'0','1',2,'0','',0,0,0,0,0,NULL,0),(1687,'牛肉',26,148,NULL,'0','1',5,'0','',0,0,0,0,0,NULL,0),(1688,'热狗',26,148,NULL,'0','1',2,'0','',0,0,0,0,0,NULL,0),(1689,'鱿鱼',26,148,NULL,'0','1',3,'0','',0,0,0,0,0,NULL,0),(1690,'干菜',26,148,NULL,'0','1',0,'0','',0,0,0,0,0,NULL,0),(1691,'雪菜',26,148,NULL,'0','1',0,'0','',0,0,0,0,0,NULL,0),(1692,'烧鸭面',27,149,NULL,'0','1',7,'0','',0,0,0,0,0,NULL,0),(1693,'烧鸭米线',27,149,NULL,'0','1',7,'0','',0,0,0,0,0,NULL,0),(1694,'烧鸭年糕',27,149,NULL,'0','1',7,'0','',0,0,0,0,0,NULL,0),(1695,'烧鸭米粉',27,149,NULL,'0','1',7,'0','',0,0,0,0,0,NULL,0),(1696,'鸡蛋面',27,149,NULL,'0','1',6,'0','',0,0,0,0,0,NULL,0),(1697,'雪菜米线',27,149,NULL,'0','1',5,'0','',0,0,0,0,0,NULL,0),(1698,'雪菜面',27,149,NULL,'0','1',5,'0','',0,0,0,0,0,NULL,0),(1699,'雪菜米粉',27,149,NULL,'0','1',5,'0','',0,0,0,0,0,NULL,0),(1700,'雪菜年糕',27,149,NULL,'0','1',5,'0','',0,0,0,0,0,NULL,0),(1701,'炸酱面',27,149,NULL,'0','1',7,'0','',0,0,0,0,0,NULL,0),(1702,'油泼面',27,149,NULL,'0','1',7,'0','',0,0,0,0,0,NULL,0),(1703,'蛋炒饭',27,150,NULL,'0','1',6,'0','',0,0,0,0,0,NULL,0),(1704,'蛋炒面',27,150,NULL,'0','1',6,'0','',0,0,0,0,0,NULL,0),(1705,'鸭肉炒饭',27,150,NULL,'0','1',7,'0','',0,0,0,0,0,NULL,0),(1706,'肉丝炒面',27,150,NULL,'0','1',7,'0','',0,0,0,0,0,NULL,0),(1707,'鸭腿',27,151,NULL,'0','1',5,'0','',0,0,0,0,0,NULL,0),(1708,'鸭脖',27,151,NULL,'0','1',4,'0','',0,0,0,0,0,NULL,0),(1709,'鸭头',27,151,NULL,'0','1',3,'0','',0,0,0,0,0,NULL,0),(1710,'鸭翅',27,151,NULL,'0','1',1.5,'0','',0,0,0,0,0,NULL,0),(1711,'鸭爪',27,151,NULL,'0','1',1,'0','',0,0,0,0,0,NULL,0),(1712,'鸭胗',27,151,NULL,'0','u',2.5,'0','',0,0,0,0,0,NULL,0),(1713,'鸭肝',27,151,NULL,'0','1',1,'0','',0,0,0,0,0,NULL,0),(1714,'鸭心',27,151,NULL,'0','1',0.5,'0','',0,0,0,0,0,NULL,0),(1715,'鸭肉',27,151,NULL,'0','1',5,'0','',0,0,0,0,0,NULL,0),(1716,'香辣鸡腿堡（3个）',28,152,NULL,'0','1',20,'0','',1,0,0,0,0,NULL,0),(1717,'葡式蛋挞（4个）',28,152,NULL,'0','1',10,'0','',0,0,0,0,0,NULL,0),(1718,'香辣鸡翅（3对）',28,152,NULL,'0','1',14,'0','',0,0,0,0,0,NULL,0),(1719,'蔬菜蛋汉堡',28,153,NULL,'0','1',5,'0','',0,0,0,0,0,NULL,0),(1720,'原味鸡柳汉堡',28,153,NULL,'0','1',7,'0','',1,0,0,0,0,NULL,0),(1721,'田园脆鸡堡',28,153,NULL,'0','1',7,'0','',0,0,0,0,0,NULL,0),(1722,'牛肉汉堡',28,153,NULL,'0','1',7,'0','',0,0,0,0,0,NULL,0),(1723,'鱼排汉堡',28,153,NULL,'0','1',7,'0','',0,0,0,0,0,NULL,0),(1724,'猪排汉堡',28,153,NULL,'0','1',7,'0','',0,0,0,0,0,NULL,0),(1725,'米汉堡',28,153,NULL,'0','1',7,'0','',0,0,0,0,0,NULL,0),(1726,'香辣鸡腿汉堡',28,153,NULL,'0','1',9,'0','',0,0,0,0,0,NULL,0),(1727,'双层鸡柳汉堡',28,153,NULL,'0','1',9,'0','',0,0,0,0,0,NULL,0),(1728,'双层牛肉汉堡',28,153,NULL,'0','1',9,'0','',0,0,0,0,0,NULL,0),(1729,'奥尔良烤鸡腿堡',28,153,NULL,'0','1',9,'0','',0,0,0,0,0,NULL,0),(1730,'至尊七虾堡',28,153,NULL,'0','1',9,'0','',0,0,0,0,0,NULL,0),(1731,'巨无霸汉堡',28,153,NULL,'0','1',11,'0','',0,0,0,0,0,NULL,0),(1732,'肉松蛋三明治',28,153,NULL,'0','1',6,'0','',0,0,0,0,0,NULL,0),(1733,'火腿蛋三明治',28,153,NULL,'0','1',6,'0','',0,0,0,0,0,NULL,0),(1734,'老北京鸡肉卷',28,153,NULL,'0','1',9,'0','',1,0,0,0,0,NULL,0),(1735,'墨西哥鸡肉卷',28,153,NULL,'0','1',9,'0','',0,0,0,0,0,NULL,0),(1736,'童子鸡',28,153,NULL,'0','1',18,'0','',0,0,0,0,0,NULL,0),(1737,'蜜汁手扒鸡',28,153,NULL,'0','1',19,'0','',0,0,0,0,0,NULL,0),(1738,'里脊肉',28,154,NULL,'0','1',1.5,'0','',0,0,0,0,0,NULL,0),(1739,'里脊肉（4串）',28,154,NULL,'0','1',5,'0','',1,0,0,0,0,NULL,0),(1740,'羊肉串',28,154,NULL,'0','1',2,'0','',0,0,0,0,0,NULL,0),(1741,'羊肉串（4串）',28,154,NULL,'0','1',6,'0','',0,0,0,0,0,NULL,0),(1742,'骨肉相连',28,154,NULL,'0','1',3,'0','',0,0,0,0,0,NULL,0),(1743,'骨肉相连（3串）',28,154,NULL,'0','1',7,'0','',0,0,0,0,0,NULL,0),(1744,'章鱼丸子',28,154,NULL,'0','1',3,'0','',0,0,0,0,0,NULL,0),(1745,'台式香肠',28,154,NULL,'0','1',3,'0','',0,0,0,0,0,NULL,0),(1746,'深海鳕鱼（2根）',28,154,NULL,'0','1',5,'0','',0,0,0,0,0,NULL,0),(1747,'葡式蛋挞',28,154,NULL,'0','1',3,'0','',0,0,0,0,0,NULL,0),(1748,'南瓜饼',28,154,NULL,'0','1',4,'0','',0,0,0,0,0,NULL,0),(1749,'香甜玉米棒',28,154,NULL,'0','1',4,'0','',0,0,0,0,0,NULL,0),(1750,'香辣无骨鸡柳',28,154,NULL,'0','1',5,'0','',0,0,0,0,0,NULL,0),(1751,'香辣大鸡腿',28,154,NULL,'0','1',5,'0','',0,0,0,0,0,NULL,0),(1752,'香酥鸡排',28,154,NULL,'0','1',6,'0','',0,0,0,0,0,NULL,0),(1753,'劲爆鸡米花',28,154,NULL,'0','1',6,'0','',0,0,0,0,0,NULL,0),(1754,'香辣鸡翅（对）',28,154,NULL,'0','1',6,'0','',0,0,0,0,0,NULL,0),(1755,'美式薯条（大）',28,154,NULL,'0','1',5,'0','',0,0,0,0,0,NULL,0),(1756,'台湾香酥鸡',28,154,NULL,'0','1',6,'0','',0,0,0,0,0,NULL,0),(1757,'上校鸡块',28,154,NULL,'0','1',6,'0','',1,0,0,0,0,NULL,0),(1758,'辣子鸡块',28,154,NULL,'0','1',6,'0','',0,0,0,0,0,NULL,0),(1759,'奥尔良烤翅',28,154,NULL,'0','1',7,'0','',0,0,0,0,0,NULL,0),(1760,'冰淇淋甜筒',28,155,NULL,'0','1',3,'0','',0,0,0,0,0,NULL,0),(1761,'果珍',28,155,NULL,'0','1',3,'0','',0,0,0,0,0,NULL,0),(1762,'可乐',28,155,NULL,'0','1',3,'0','',0,0,0,0,0,NULL,0),(1763,'雪碧',28,155,NULL,'0','1',3,'0','',0,0,0,0,0,NULL,0),(1764,'雀巢咖啡',28,155,NULL,'0','1',3,'0','',0,0,0,0,0,NULL,0),(1765,'雀巢醇香牛奶',28,155,NULL,'0','1',4,'0','',0,0,0,0,0,NULL,0),(1766,'海鲜芙蓉汤',28,155,NULL,'0','1',4,'0','',0,0,0,0,0,NULL,0),(1767,'草莓汁',28,155,NULL,'0','1',4,'0','',0,0,0,0,0,NULL,0),(1768,'九珍果汁',28,155,NULL,'0','1',5,'0','',0,0,0,0,0,NULL,0),(1769,'草莓刨冰',28,155,NULL,'0','1',4,'0','',0,0,0,0,0,NULL,0),(1770,'红豆牛奶刨冰',28,155,NULL,'0','1',6,'0','',0,0,0,0,0,NULL,0),(1771,'珍珠奶茶',28,155,NULL,'0','1',3,'0','',0,0,0,0,0,NULL,0),(1772,'椰果奶茶',28,155,NULL,'0','1',3,'0','',0,0,0,0,0,NULL,0),(1773,'木瓜奶茶',28,155,NULL,'0','1',4,'0','',0,0,0,0,0,NULL,0),(1774,'草莓奶茶',28,155,NULL,'0','1',4,'0','',0,0,0,0,0,NULL,0),(1775,'哈密瓜奶茶',28,155,NULL,'0','1',4,'0','',0,0,0,0,0,NULL,0),(1776,'香芋奶茶',28,155,NULL,'0','1',4,'0','',0,0,0,0,0,NULL,0),(1777,'香蕉奶茶',28,155,NULL,'0','1',4,'0','',0,0,0,0,0,NULL,0),(1778,'青苹果奶茶',28,155,NULL,'0','1',4,'0','',0,0,0,0,0,NULL,0),(1779,'咖啡奶茶',28,155,NULL,'0','1',4,'0','',0,0,0,0,0,NULL,0),(1780,'红豆奶茶',28,155,NULL,'0','1',4,'0','',0,0,0,0,0,NULL,0),(1781,'巧克力奶茶',28,155,NULL,'0','1',4,'0','',0,0,0,0,0,NULL,0),(1782,'草莓沙冰',28,155,NULL,'0','1',4,'0','',0,0,0,0,0,NULL,0),(1783,'香芋沙冰',28,155,NULL,'0','1',4,'0','',0,0,0,0,0,NULL,0),(1784,'哈密瓜沙冰',28,155,NULL,'0','1',4,'0','',0,0,0,0,0,NULL,0),(1785,'香蕉沙冰',28,155,NULL,'0','1',4,'0','',0,0,0,0,0,NULL,0),(1786,'红豆沙冰',28,155,NULL,'0','1',4,'0','',0,0,0,0,0,NULL,0),(1787,'青苹果沙冰',28,155,NULL,'0','1',4,'0','',0,0,0,0,0,NULL,0),(1788,'木瓜沙冰',28,155,NULL,'0','1',4,'0','',0,0,0,0,0,NULL,0),(1789,'巧克力沙冰',28,155,NULL,'0','1',4,'0','',0,0,0,0,0,NULL,0),(1790,'双皮奶',28,155,NULL,'0','1',4,'0','',0,0,0,0,0,NULL,0),(1791,'原味手抓饼',28,156,NULL,'0','1',4,'0','',0,0,0,0,0,NULL,0),(1792,'鸡蛋手抓饼',28,156,NULL,'0','1',5,'0','',0,0,0,0,0,NULL,0),(1793,'肉松手抓饼',28,156,NULL,'0','1',5,'0','',0,0,0,0,0,NULL,0),(1794,'里脊手抓饼',28,156,NULL,'0','1',5,'0','',0,0,0,0,0,NULL,0),(1795,'套餐A',28,157,NULL,'0','1',15,'0','鸡腿汉堡、无骨鸡柳、饮料',0,0,0,0,0,NULL,0),(1796,'套餐B',28,157,NULL,'0','1',14,'0','鸡柳汉堡、鸡翅（1对）、饮料',0,0,0,0,0,NULL,0),(1797,'套餐C',28,157,NULL,'0','1',15,'0','鸡肉卷、薯条、饮料',0,0,0,0,0,NULL,0),(1798,'套餐D',28,157,NULL,'0','1',30,'0','童子鸡、薯条、玉米棒、饮料（两杯）',0,0,0,0,0,NULL,0),(1799,'套餐D2',28,157,NULL,'0','1',30,'0','手扒鸡、薯条、玉米棒、饮料（两杯）',0,0,0,0,0,NULL,0),(1800,'套餐E',28,157,NULL,'0','1',18,'0','鸡柳汉堡、无骨鸡柳、上校鸡块、饮料',0,0,0,0,0,NULL,0),(1801,'套餐F',28,157,NULL,'0','1',30,'0','鸡腿汉堡（2个）、薯条、鸡腿（1对）、饮料（2杯）',0,0,0,0,0,NULL,0),(1802,'番茄炒蛋盖浇饭',28,158,NULL,'0','1',8,'0','',0,0,0,0,0,NULL,0),(1803,'鱼香肉丝盖浇饭',28,158,NULL,'0','1',13,'0','',0,0,0,0,0,NULL,0),(1804,'香菇滑鸡盖浇饭',28,158,NULL,'0','1',13,'0','',0,0,0,0,0,NULL,0),(1805,'梅干扣肉盖浇饭',28,158,NULL,'0','1',15,'0','',0,0,0,0,0,NULL,0),(1806,'黑椒牛肉盖浇饭',28,158,NULL,'0','1',15,'0','',0,0,0,0,0,NULL,0),(1807,'炒年糕',28,158,NULL,'0','1',6,'0','',0,0,0,0,0,NULL,0),(1808,'炒米粉',28,158,NULL,'0','1',6,'0','',0,0,0,0,0,NULL,0),(1809,'蛋炒饭',28,158,NULL,'0','1',6,'0','',0,0,0,0,0,NULL,0),(1810,'炒面',28,158,NULL,'0','1',6,'0','',0,0,0,0,0,NULL,0),(1811,'巴比超级大鸡排',28,152,NULL,'0','1',6,'0','',0,0,0,0,0,NULL,0),(1812,'干烧凤尾虾饭',28,158,NULL,'0','1',15,'0','',0,0,0,0,0,NULL,0),(1813,'台湾卤肉饭',28,158,NULL,'0','1',13,'0','',0,0,0,0,0,NULL,0),(1814,'肉末茄子',29,159,NULL,'0','1',9,'0','',2,0,0,0,0,NULL,0),(1815,'回锅肉',29,159,NULL,'0','1',9,'0','',0,0,0,0,0,NULL,0),(1816,'鱼香肉丝',29,159,NULL,'0','1',9,'0','',0,0,0,0,0,NULL,0),(1817,'番茄炒蛋',29,159,NULL,'0','1',9,'0','',0,0,0,0,0,NULL,0),(1818,'宫爆鸡丁',29,159,NULL,'0','1',9,'0','',0,0,0,0,0,NULL,0),(1819,'青椒肉丝',29,159,NULL,'0','1',9,'0','',0,0,0,0,0,NULL,0),(1820,'青椒腊肉',29,159,NULL,'0','1',9,'0','',0,0,0,0,0,NULL,0),(1821,'酸辣土豆丝',29,159,NULL,'0','1',9,'0','',1,0,0,0,0,NULL,0),(1822,'青椒土豆丝',29,159,NULL,'0','1',9,'0','',0,0,0,0,0,NULL,0),(1823,'青椒火腿',29,159,NULL,'0','1',9,'0','',0,0,0,0,0,NULL,0),(1824,'滑蛋里脊',29,159,NULL,'0','1',9,'0','',0,0,0,0,0,NULL,0),(1825,'大排饭',29,159,NULL,'0','1',10,'0','',0,0,0,0,0,NULL,0),(1826,'鸡腿饭',29,159,NULL,'0','1',10,'0','',0,0,0,0,0,NULL,0),(1827,'金针菇炒肉',29,159,NULL,'0','1',10,'0','',0,0,0,0,0,NULL,0),(1828,'金针菇牛肉',29,159,NULL,'0','1',10,'0','',1,0,0,0,0,NULL,0),(1829,'红烧肉',29,159,NULL,'0','1',10,'0','',0,0,0,0,0,NULL,0),(1830,'糖醋里脊',29,159,NULL,'0','1',10,'0','',0,0,0,0,0,NULL,0),(1831,'梅干菜肉',29,159,NULL,'0','1',10,'0','',0,0,0,0,0,NULL,0),(1832,'油豆腐烧肉',29,159,NULL,'0','1',10,'0','',0,0,0,0,0,NULL,0),(1833,'香菇肉丝',29,159,NULL,'0','1',10,'0','',0,0,0,0,0,NULL,0),(1834,'土豆牛肉',29,159,NULL,'0','1',10,'0','',0,0,0,0,0,NULL,0),(1835,'雪菜鱿鱼',29,159,NULL,'0','1',10,'0','',0,0,0,0,0,NULL,0),(1836,'西红柿牛肉',29,159,NULL,'0','1',10,'0','',0,0,0,0,0,NULL,0),(1837,'葱爆肥牛',29,159,NULL,'0','1',10,'0','',1,0,0,0,0,NULL,0),(1838,'葱爆肥羊',29,159,NULL,'0','1',10,'0','',0,0,0,0,0,NULL,0),(1839,'香菇牛肉',29,159,NULL,'0','1',10,'0','',0,0,0,0,0,NULL,0),(1840,'土豆排骨',29,159,NULL,'0','1',10,'0','',0,0,0,0,0,NULL,0),(1841,'红焖海参',29,159,NULL,'0','1',10,'0','',0,0,0,0,0,NULL,0),(1842,'香菇海参',29,159,NULL,'0','1',10,'0','',0,0,0,0,0,NULL,0),(1843,'滑蛋牛肉',29,159,NULL,'0','1',10,'0','',0,0,0,0,0,NULL,0),(1844,'青椒培根',29,159,NULL,'0','1',10,'0','',0,0,0,0,0,NULL,0),(1845,'土豆鸡块',29,159,NULL,'0','1',10,'0','',0,0,0,0,0,NULL,0),(1846,'土豆里脊',29,159,NULL,'0','1',10,'0','',0,0,0,0,0,NULL,0),(1847,'梅干菜鸡块',29,159,NULL,'0','1',10,'0','',0,0,0,0,0,NULL,0),(1848,'香菇鸡块',29,159,NULL,'0','1',10,'0','',0,0,0,0,0,NULL,0),(1849,'青椒腊肠',29,159,NULL,'0','1',10,'0','',0,0,0,0,0,NULL,0),(1850,'红烧肥肠',29,159,NULL,'0','1',10,'0','',0,0,0,0,0,NULL,0),(1851,'火腿里脊',29,159,NULL,'0','1',10,'0','',0,0,0,0,0,NULL,0),(1852,'火腿里脊',29,159,NULL,'1','1',10,'0','',0,0,0,0,0,NULL,0),(1853,'火腿里脊',29,159,NULL,'1','1',10,'0','',0,0,0,0,0,NULL,0),(1854,'青椒牛肉',29,159,NULL,'0','1',10,'0','',0,0,0,0,0,NULL,0),(1855,'椒盐鸡翅煲仔饭',30,160,NULL,'0','1',10,'0','',1,0,0,0,0,NULL,0),(1856,'椒盐里脊煲仔饭',30,160,NULL,'0','1',10,'0','',4,0,0,2,1,NULL,0),(1857,'椒盐鸡腿煲仔饭',30,160,NULL,'0','1',10,'0','',11,0,0,5,2,NULL,0),(1858,'红烧鸡腿煲仔饭',30,160,NULL,'0','1',10,'0','',0,0,0,0,0,NULL,0),(1859,'五香大排煲仔饭',30,160,NULL,'0','1',10,'0','',1,0,0,0,0,NULL,0),(1860,'宫爆肉片煲仔饭',30,160,NULL,'0','1',10,'0','',1,0,0,0,1,NULL,0),(1861,'麻辣牛肉煲仔饭',30,160,NULL,'0','1',10,'0','',0,0,0,0,0,NULL,0),(1862,'腊肠煲仔饭',30,160,NULL,'0','1',9,'0','',0,0,0,0,0,NULL,0),(1863,'红烧鸭煲仔饭',30,160,NULL,'0','1',9,'0','',0,0,0,0,0,NULL,0),(1864,'回锅肉煲仔饭',30,160,NULL,'0','1',9,'0','',0,0,0,0,0,NULL,0),(1865,'香菇鸡块煲仔饭',30,160,NULL,'0','1',9,'0','',0,0,0,0,0,NULL,0),(1866,'辣子鸡煲仔饭',30,160,NULL,'0','1',9,'0','',0,0,0,0,0,NULL,0),(1867,'鸭腿煲仔饭',30,160,NULL,'0','1',10,'0','',1,0,0,0,0,NULL,0),(1868,'腊肉煲仔饭',30,160,NULL,'0','1',10,'0','',0,0,0,0,0,NULL,0),(1869,'三鲜牛肉煲仔饭',30,160,NULL,'0','1',10,'0','',0,0,0,0,0,NULL,0),(1870,'茄子牛肉煲仔饭',30,160,NULL,'0','1',10,'0','',0,0,0,0,0,NULL,0),(1871,'红烧肉盖浇饭',30,162,NULL,'0','1',9,'0','',0,0,0,0,0,NULL,0),(1872,'金针肥牛饭',29,161,NULL,'0','1',15,'0','',0,0,0,0,0,NULL,0),(1873,'木桶肥牛饭',29,161,NULL,'0','1',15,'0','',0,0,0,0,0,NULL,0),(1874,'木桶滑肉饭',29,161,NULL,'0','1',15,'0','',0,0,0,0,0,NULL,0),(1875,'木桶肥羊饭',29,161,NULL,'0','1',15,'0','',0,0,0,0,0,NULL,0),(1876,'木桶排骨饭',29,161,NULL,'0','1',15,'0','',0,0,0,0,0,NULL,0),(1877,'香辣鸡块盖浇饭',30,162,NULL,'0','1',9,'0','',0,0,0,0,0,NULL,0),(1878,'金针菇牛肉盖浇饭',30,162,NULL,'0','1',9,'0','',0,0,0,0,0,NULL,0),(1879,'木桶一品鲜饭',29,161,NULL,'0','1',15,'0','',0,0,0,0,0,NULL,0),(1880,'土豆牛肉盖浇饭',30,162,NULL,'0','1',9,'0','',2,3,1,0,0,NULL,0),(1881,'红烧牛肉盖浇饭',30,162,NULL,'0','1',9,'0','',0,0,0,0,0,NULL,0),(1882,'豆腐牛肉盖浇饭',30,162,NULL,'0','1',9,'0','',0,0,0,0,0,NULL,0),(1883,'铁板鱿鱼饭',29,163,NULL,'0','1',12,'0','',0,0,0,0,0,NULL,0),(1884,'青椒牛肉盖浇饭',30,162,NULL,'0','1',9,'0','',1,0,0,0,0,NULL,0),(1885,'西红柿牛肉盖浇饭',30,162,NULL,'0','1',9,'0','',0,0,0,0,0,NULL,0),(1886,'铁板牛肉饭',29,163,NULL,'0','1',15,'0','',0,0,0,0,0,NULL,0),(1887,'青椒牛杂盖浇饭',30,162,NULL,'0','1',9,'0','',0,0,0,0,0,NULL,0),(1888,'铁板肥肠饭',29,163,NULL,'0','1',15,'0','',0,0,0,0,0,NULL,0),(1889,'腊肠盖饭',30,162,NULL,'0','1',9,'0','',0,0,0,0,0,NULL,0),(1890,'铁板里脊饭',29,163,NULL,'0','1',12,'0','',0,0,0,0,0,NULL,0),(1891,'洋葱回锅肉盖浇饭',30,162,NULL,'0','1',8,'0','',0,0,0,0,0,NULL,0),(1892,'榨菜肉片盖浇饭',30,162,NULL,'0','1',8,'0','',0,0,0,0,0,NULL,0),(1893,'肉末茄子盖浇饭',30,162,NULL,'0','1',8,'0','',0,0,0,0,0,NULL,0),(1894,'青椒腊肉盖浇饭',30,162,NULL,'0','1',8,'0','',0,0,0,0,0,NULL,0),(1895,'大排套餐饭',29,164,NULL,'0','1',12,'0','',0,0,0,0,0,NULL,0),(1896,'小排套餐饭',29,164,NULL,'0','1',12,'0','',0,0,0,0,0,NULL,0),(1897,'香菇鸡块套餐饭',29,164,NULL,'0','1',12,'0','',0,0,0,0,0,NULL,0),(1898,'鸡腿套餐饭',29,164,NULL,'0','1',12,'0','',0,0,0,0,0,NULL,0),(1899,'海参套餐饭',29,164,NULL,'0','1',12,'0','',0,0,0,0,0,NULL,0),(1900,'干锅鸡饭',29,165,NULL,'0','1',15,'0','',0,0,0,0,0,NULL,0),(1901,'干锅牛肉饭',29,165,NULL,'0','1',15,'0','',0,0,0,0,0,NULL,0),(1902,'干锅肥肠',29,165,NULL,'0','1',15,'0','',0,0,0,0,0,NULL,0),(1903,'干锅鱿鱼饭',29,165,NULL,'0','1',15,'0','',0,0,0,0,0,NULL,0),(1904,'干锅手撕包菜',29,165,NULL,'0','1',15,'0','',0,0,0,0,0,NULL,0),(1905,'雪菜肉片盖浇饭',30,162,NULL,'0','1',8,'0','',0,0,0,0,0,NULL,0),(1906,'麻辣豆腐盖浇饭',30,162,NULL,'0','1',7,'0','',0,0,0,0,0,NULL,0),(1907,'平菇肉片盖浇饭',30,162,NULL,'0','1',8,'0','',0,0,0,0,0,NULL,0),(1908,'金针菇肉片盖浇饭',30,162,NULL,'0','1',8,'0','',0,0,0,0,0,NULL,0),(1909,'香菇肉片盖浇饭',30,162,NULL,'0','1',8,'0','',0,0,0,0,0,NULL,0),(1910,'豆腐肉片盖浇饭',30,162,NULL,'0','1',8,'0','',0,0,0,0,0,NULL,0),(1911,'蛋炒饭',29,166,NULL,'0','1',6,'0','',0,0,0,0,0,NULL,0),(1912,'青椒肉片盖浇饭',30,162,NULL,'0','1',8,'0','',0,0,0,0,0,NULL,0),(1913,'培根炒饭',29,166,NULL,'0','1',8,'0','',0,0,0,0,0,NULL,0),(1914,'里脊蛋炒饭',29,166,NULL,'0','1',8,'0','',0,0,0,0,0,NULL,0),(1915,'火腿蛋炒饭',29,166,NULL,'0','1',8,'0','',0,0,0,0,0,NULL,0),(1916,'蛋炒饭',29,166,NULL,'0','u',6,'0','',0,0,0,0,0,NULL,0),(1917,'牛肉炒饭',29,166,NULL,'0','1',10,'0','',0,0,0,0,0,NULL,0),(1918,'腊肠蛋炒饭',29,166,NULL,'0','1',8,'0','',0,0,0,0,0,NULL,0),(1919,'菠萝蛋炒饭',29,166,NULL,'0','1',8,'0','',1,0,0,0,0,NULL,0),(1920,'腊肠蛋炒饭',29,166,NULL,'0','u',8,'0','',0,0,0,0,0,NULL,0),(1921,'牛肉炒饭',29,166,NULL,'0','u',10,'0','',0,0,0,0,0,NULL,0),(1922,'菠萝蛋炒饭',29,166,NULL,'0','u',8,'0','',0,0,0,0,0,NULL,0),(1923,'蛋炒饭',29,166,NULL,'0','u',6,'0','',0,0,0,0,0,NULL,0),(1924,'培根炒饭',29,166,NULL,'0','u',8,'0','',0,0,0,0,0,NULL,0),(1925,'里脊蛋炒饭',29,166,NULL,'0','u',8,'0','',0,0,0,0,0,NULL,0),(1926,'火腿蛋炒饭',29,166,NULL,'0','u',8,'0','',0,0,0,0,0,NULL,0),(1927,'鱼香肉丝盖浇饭',30,162,NULL,'0','1',8,'0','',0,0,0,0,0,NULL,0),(1928,'土豆肉片盖浇饭',30,162,NULL,'0','1',8,'0','',0,0,0,0,0,NULL,0),(1929,'青椒炒蛋盖浇饭',30,162,NULL,'0','1',8,'0','',0,0,0,0,0,NULL,0),(1930,'宫爆牛肉盖浇饭',30,162,NULL,'0','1',10,'0','',0,0,0,0,0,NULL,0),(1931,'宫爆肉片盖浇饭',30,162,NULL,'0','1',10,'0','',0,0,0,0,0,NULL,0),(1932,'牛肉炒面',29,167,NULL,'0','1',10,'0','',0,0,0,0,0,NULL,0),(1933,'鸡蛋炒面',29,167,NULL,'0','1',6,'0','',0,0,0,0,0,NULL,0),(1934,'榨菜里脊盖浇饭',30,162,NULL,'0','1',8,'0','',0,0,0,0,0,NULL,0),(1935,'里脊蛋炒面',29,167,NULL,'0','1',8,'0','',1,0,0,0,0,NULL,0),(1936,'肉丝炒面',29,167,NULL,'0','1',7,'0','',0,0,0,0,0,NULL,0),(1937,'青瓜炒蛋盖浇饭',30,162,NULL,'0','1',7,'0','',0,0,0,0,0,NULL,0),(1938,'青瓜火腿盖浇饭',30,162,NULL,'0','1',7,'0','',0,0,0,0,0,NULL,0),(1939,'青瓜火腿盖浇饭',30,162,NULL,'0','u',7,'0','',0,0,0,0,0,NULL,0),(1940,'五香鸭腿盖浇饭',30,162,NULL,'0','1',10,'0','',0,0,0,0,0,NULL,0),(1941,'鸡蛋炒年糕',29,168,NULL,'0','1',6,'0','',0,0,0,0,0,NULL,0),(1942,'滑蛋金针菇盖浇饭',30,162,NULL,'0','1',8,'0','',0,0,0,0,0,NULL,0),(1943,'里脊蛋炒年糕',29,168,NULL,'0','1',8,'0','',0,0,0,0,0,NULL,0),(1944,'西红柿炒蛋盖浇饭',30,162,NULL,'0','1',8,'0','',4,0,0,1,0,NULL,0),(1945,'肉丝炒年糕',29,168,NULL,'0','1',7,'0','',0,0,0,0,0,NULL,0),(1946,'滑蛋平菇盖浇饭',30,162,NULL,'0','1',8,'0','',0,0,0,0,0,NULL,0),(1947,'韩式炒年糕',29,168,NULL,'0','1',8,'0','',0,0,0,0,0,NULL,0),(1948,'滑蛋火腿盖浇饭',30,162,NULL,'0','1',8,'0','',0,0,0,0,0,NULL,0),(1949,'金针菇里脊盖浇饭',30,162,NULL,'0','1',8,'0','',0,0,0,0,0,NULL,0),(1950,'豆腐里脊盖浇饭',30,162,NULL,'0','1',8,'0','',0,0,0,0,0,NULL,0),(1951,'排骨面',29,169,NULL,'0','1',10,'0','',0,0,0,0,0,NULL,0),(1952,'土豆里脊盖浇饭',30,162,NULL,'0','1',8,'0','',1,0,0,0,1,NULL,0),(1953,'大排面',29,169,NULL,'0','1',10,'0','',0,0,0,0,0,NULL,0),(1954,'火腿里脊盖浇饭',30,162,NULL,'0','1',8,'0','',0,0,0,0,0,NULL,0),(1955,'鸡腿面',29,169,NULL,'0','1',10,'0','',0,0,0,0,0,NULL,0),(1956,'滑蛋豆腐盖浇饭',30,162,NULL,'0','1',8,'0','',0,0,0,0,0,NULL,0),(1957,'牛肉面',29,169,NULL,'0','1',10,'0','',0,0,0,0,0,NULL,0),(1958,'金针菇豆腐盖浇饭',30,162,NULL,'0','1',8,'0','',0,0,0,0,0,NULL,0),(1959,'香菇肉丝面',29,169,NULL,'0','1',10,'0','',0,0,0,0,0,NULL,0),(1960,'酸辣白菜盖浇饭',30,162,NULL,'0','1',7,'0','',0,0,0,0,0,NULL,0),(1961,'回锅肉面',29,169,NULL,'0','1',10,'0','',0,0,0,0,0,NULL,0),(1962,'西红柿里脊盖浇饭',30,162,NULL,'0','1',8,'0','',0,0,0,0,0,NULL,0),(1963,'青菜肉丝盖浇饭',30,162,NULL,'0','1',8,'0','',0,0,0,0,0,NULL,0),(1964,'川味回锅肉',29,170,NULL,'0','1',18,'0','',0,0,0,0,0,NULL,0),(1965,'鱼香肉丝',29,170,NULL,'0','1',16,'0','',0,0,0,0,0,NULL,0),(1966,'火爆肥肠',29,170,NULL,'0','1',25,'0','',0,0,0,0,0,NULL,0),(1967,'青椒土豆丝',29,170,NULL,'0','1',10,'0','',0,0,0,0,0,NULL,0),(1968,'蒜泥生菜',29,170,NULL,'0','1',10,'0','',0,0,0,0,0,NULL,0),(1969,'青椒肉丝',29,170,NULL,'0','1',15,'0','',0,0,0,0,0,NULL,0),(1970,'牛杂炒饭',30,171,NULL,'0','1',8,'0','',0,0,0,0,0,NULL,0),(1971,'鸡腿炒饭',30,171,NULL,'0','1',10,'0','',0,0,0,0,0,NULL,0),(1972,'大排炒饭',30,171,NULL,'0','1',10,'0','',0,0,0,0,0,NULL,0),(1973,'肉末粉丝煲',29,170,NULL,'0','1',14,'0','',0,0,0,0,0,NULL,0),(1974,'洋葱大肠煲',29,170,NULL,'0','1',22,'0','',0,0,0,0,0,NULL,0),(1975,'鸡蛋里脊炒饭',30,171,NULL,'0','1',8,'0','',0,0,0,0,0,NULL,0),(1976,'金针菇蛋炒饭',30,171,NULL,'0','1',8,'0','',0,0,0,0,0,NULL,0),(1977,'番茄炒蛋',29,170,NULL,'0','1',10,'0','',0,0,0,0,0,NULL,0),(1978,'鸡蛋牛肉炒饭',30,171,NULL,'0','1',9,'0','',0,0,0,0,0,NULL,0),(1979,'铁板牛肉',29,170,NULL,'0','1',22,'0','',0,0,0,0,0,NULL,0),(1980,'铁板鱿鱼',29,170,NULL,'0','1',20,'0','',0,0,0,0,0,NULL,0),(1981,'咖喱牛肉炒饭',30,171,NULL,'0','1',9,'0','',0,0,0,0,0,NULL,0),(1982,'木桶肥牛',29,170,NULL,'0','1',20,'0','',0,0,0,0,0,NULL,0),(1983,'咖喱鸡块炒饭',30,171,NULL,'0','1',9,'0','',0,0,0,0,0,NULL,0),(1984,'榨菜肉丝炒饭',30,171,NULL,'0','1',8,'0','',0,0,0,0,0,NULL,0),(1985,'葱爆肥牛',29,170,NULL,'0','1',18,'0','',0,0,0,0,0,NULL,0),(1986,'糖醋里脊',29,170,NULL,'0','1',18,'0','',0,0,0,0,0,NULL,0),(1987,'青椒肉丝蛋炒饭',30,171,NULL,'0','1',8,'0','',0,0,0,0,0,NULL,0),(1988,'红烧肉',29,170,NULL,'0','1',25,'0','',0,0,0,0,0,NULL,0),(1989,'回锅炒饭',30,171,NULL,'0','1',8,'0','',5,8,2,0,0,NULL,0),(1990,'青椒腊肉',29,170,NULL,'0','1',16,'0','',0,0,0,0,0,NULL,0),(1991,'木桶一品鲜',29,170,NULL,'0','1',18,'0','',0,0,0,0,0,NULL,0),(1992,'金针肥牛',29,170,NULL,'0','1',22,'0','',0,0,0,0,0,NULL,0),(1993,'干锅鸡',29,170,NULL,'0','1',26,'0','',0,0,0,0,0,NULL,0),(1994,'干锅牛肉',29,170,NULL,'0','1',26,'0','',0,0,0,0,0,NULL,0),(1995,'干锅肥肠',29,170,NULL,'0','1',26,'0','',0,0,0,0,0,NULL,0),(1996,'鸡块炒饭',30,171,NULL,'0','1',8,'0','',0,0,0,0,0,NULL,0),(1997,'扬州炒饭',30,171,NULL,'0','1',7,'0','',0,0,0,0,0,NULL,0),(1998,'雪菜肉丝炒饭',30,171,NULL,'0','1',8,'0','',0,0,0,0,0,NULL,0),(1999,'香干肉丝炒饭',30,171,NULL,'0','1',8,'0','',0,0,0,0,0,NULL,0),(2000,'榨菜里脊炒饭',30,171,NULL,'0','1',8,'0','',0,0,0,0,0,NULL,0),(2001,'香肠蛋炒饭',30,171,NULL,'0','1',8,'0','',0,0,0,0,0,NULL,0),(2002,'腊肉炒饭',30,171,NULL,'0','1',8,'0','',0,0,0,0,0,NULL,0),(2003,'鸭腿炒饭',30,171,NULL,'0','1',10,'0','',0,0,0,0,0,NULL,0),(2004,'鸡蛋肉丝炒年糕',30,172,NULL,'0','1',8,'0','',0,0,0,0,0,NULL,0),(2005,'鸡蛋肉丝汤年糕',30,172,NULL,'0','1',8,'0','',0,0,0,0,0,NULL,0),(2006,'鸡蛋肉丝炒面',30,172,NULL,'0','1',8,'0','',0,0,0,0,0,NULL,0),(2007,'鸡蛋肉丝汤面',30,172,NULL,'0','1',8,'0','',0,0,0,0,0,NULL,0),(2008,'鸡蛋肉丝炒河粉',30,172,NULL,'0','1',8,'0','',0,0,0,0,0,NULL,0),(2009,'鸡蛋肉丝汤河粉',30,172,NULL,'0','1',8,'0','',0,0,0,0,0,NULL,0),(2010,'鸡蛋里脊炒年糕',30,172,NULL,'0','1',8,'0','',0,0,0,0,0,NULL,0),(2011,'鸡蛋里脊汤年糕',30,172,NULL,'0','1',8,'0','',0,0,0,0,0,NULL,0),(2012,'鸡蛋里脊鸡蛋里脊炒面',30,172,NULL,'0','1',8,'0','',0,0,0,0,0,NULL,0),(2013,'鸡蛋里脊汤面',30,172,NULL,'0','1',8,'0','',0,0,0,0,0,NULL,0),(2014,'鸡蛋里脊炒河粉',30,172,NULL,'0','1',8,'0','',0,0,0,0,0,NULL,0),(2015,'鸡蛋里脊汤河粉',30,172,NULL,'0','1',8,'0','',0,0,0,0,0,NULL,0),(2016,'鸡蛋鸡块炒年糕',30,172,NULL,'0','1',9,'0','',0,0,0,0,0,NULL,0),(2017,'鸡蛋鸡块汤年糕',30,172,NULL,'0','1',9,'0','',0,0,0,0,0,NULL,0),(2018,'鸡蛋鸡块炒面',30,172,NULL,'0','1',9,'0','',0,0,0,0,0,NULL,0),(2019,'鸡蛋鸡块汤面',30,172,NULL,'0','1',9,'0','',0,0,0,0,0,NULL,0),(2020,'鸡蛋鸡块炒河粉',30,172,NULL,'0','1',9,'0','',0,0,0,0,0,NULL,0),(2021,'鸡蛋鸡块汤河粉',30,172,NULL,'0','1',9,'0','',0,0,0,0,0,NULL,0),(2022,'鸡蛋牛肉炒年糕',30,172,NULL,'0','1',9,'0','',0,0,0,0,0,NULL,0),(2023,'排骨饭',29,159,NULL,'0','1',10,'0','',0,0,0,0,0,NULL,0),(2024,'鸡蛋牛肉汤年糕',30,172,NULL,'0','1',9,'0','',0,0,0,0,0,NULL,0),(2025,'鸡蛋牛肉炒面',30,172,NULL,'0','1',9,'0','',0,0,0,0,0,NULL,0),(2026,'鸡蛋牛肉汤面',30,172,NULL,'0','1',9,'0','',0,0,0,0,0,NULL,0),(2027,'鸡蛋牛肉炒河粉',30,172,NULL,'0','1',9,'0','',0,0,0,0,0,NULL,0),(2028,'鸡蛋牛肉汤河粉',30,172,NULL,'0','1',9,'0','',0,0,0,0,0,NULL,0),(2029,'大排炒年糕',30,172,NULL,'0','1',10,'0','',0,0,0,0,0,NULL,0),(2030,'大排汤年糕',30,172,NULL,'0','1',10,'0','',0,0,0,0,0,NULL,0),(2031,'大排炒面',30,172,NULL,'0','1',10,'0','',0,0,0,0,0,NULL,0),(2032,'大排汤面',30,172,NULL,'0','1',10,'0','',0,0,0,0,0,NULL,0),(2033,'大排炒河粉',30,172,NULL,'0','1',10,'0','',0,0,0,0,0,NULL,0),(2034,'大排汤河粉',30,172,NULL,'0','1',10,'0','',0,0,0,0,0,NULL,0),(2035,'鸡腿炒年糕',30,172,NULL,'0','1',10,'0','',0,0,0,0,0,NULL,0),(2036,'鸡腿汤年糕',30,172,NULL,'0','1',10,'0','',0,0,0,0,0,NULL,0),(2037,'鸡腿炒面',30,172,NULL,'0','1',10,'0','',0,0,0,0,0,NULL,0),(2038,'鸡腿汤面',30,172,NULL,'0','1',10,'0','',0,0,0,0,0,NULL,0),(2039,'鸡腿炒河粉',30,172,NULL,'0','1',10,'0','',0,0,0,0,0,NULL,0),(2040,'鸡腿汤河粉',30,172,NULL,'0','1',100,'0','',0,0,0,0,0,NULL,0),(2041,'鸭腿炒年糕',30,172,NULL,'0','1',10,'0','',0,0,0,0,0,NULL,0),(2042,'鸭腿汤年糕',30,172,NULL,'0','1',10,'0','',0,0,0,0,0,NULL,0),(2043,'鸭腿炒面',30,172,NULL,'0','1',10,'0','',0,0,0,0,0,NULL,0),(2044,'鸭腿汤面',30,172,NULL,'0','1',10,'0','',0,0,0,0,0,NULL,0),(2045,'鸭腿炒河粉',30,172,NULL,'0','1',10,'0','',0,0,0,0,0,NULL,0),(2046,'鸭腿汤河粉',30,172,NULL,'0','1',10,'0','',0,0,0,0,0,NULL,0),(2047,'大排砂锅',30,173,NULL,'0','1',9,'0','',0,0,0,0,0,NULL,0),(2048,'牛杂砂锅',30,173,NULL,'0','1',9,'0','',0,0,0,0,0,NULL,0),(2049,'牛肉砂锅',30,173,NULL,'0','1',9,'0','',0,0,0,0,0,NULL,0),(2050,'腊肠砂锅',30,173,NULL,'0','1',8,'0','',0,0,0,0,0,NULL,0),(2051,'鸡腿砂锅',30,173,NULL,'0','1',9,'0','',0,0,0,0,0,NULL,0),(2052,'鸡块砂锅',30,173,NULL,'0','1',8,'0','',0,0,0,0,0,NULL,0),(2053,'里脊砂锅',30,173,NULL,'0','1',8,'0','',0,0,0,0,0,NULL,0),(2054,'鸡尖砂锅',30,173,NULL,'0','1',8,'0','',0,0,0,0,0,NULL,0),(2055,'肉片砂锅',30,173,NULL,'0','1',8,'0','',0,0,0,0,0,NULL,0),(2056,'鸡蛋砂锅',30,173,NULL,'0','1',8,'0','',0,0,0,0,0,NULL,0),(2057,'鸭腿砂锅',30,173,NULL,'0','1',10,'0','',0,0,0,0,0,NULL,0),(2058,'酱脖子',31,174,NULL,'0','1',8,'0','',0,0,0,0,0,NULL,0),(2059,'卤脖子',31,174,NULL,'0','1',7,'0','',0,0,0,0,0,NULL,0),(2060,'鸭头',31,174,NULL,'0','1',5,'0','',0,0,0,0,0,NULL,0),(2061,'鸭掌',31,174,NULL,'0','1',2.5,'0','',0,0,0,0,0,NULL,0),(2062,'两节翅',31,174,NULL,'0','1',2.5,'0','',0,0,0,0,0,NULL,0),(2063,'三节翅',31,174,NULL,'0','1',5,'0','',0,0,0,0,0,NULL,0),(2064,'青瓜小卷',31,175,NULL,'0','1',4,'0','',0,0,0,0,0,NULL,0),(2065,'火腿小卷',31,175,NULL,'0','1',4,'0','',0,0,0,0,0,NULL,0),(2066,'金枪鱼小卷',31,175,NULL,'0','1',8,'0','',0,0,0,0,0,NULL,0),(2067,'新香小卷',31,175,NULL,'0','1',4,'0','',0,0,0,0,0,NULL,0),(2068,'鳗鱼小卷',31,175,NULL,'0','1',8,'0','',0,0,0,0,0,NULL,0),(2069,'三文鱼小卷',31,175,NULL,'0','1',8,'0','',0,0,0,0,0,NULL,0),(2070,'肉松小卷',31,175,NULL,'0','1',4,'0','',1,0,0,0,0,NULL,0),(2071,'加州手卷',31,176,NULL,'0','1',6,'0','',0,0,0,0,0,NULL,0),(2072,'培根手卷',31,176,NULL,'0','1',6,'0','',0,0,0,0,0,NULL,0),(2073,'烤肉手卷',31,176,NULL,'0','1',6,'0','',0,0,0,0,0,NULL,0),(2074,'香葱三文鱼手卷',31,176,NULL,'0','1',8,'0','',0,0,0,0,0,NULL,0),(2075,'芒果手卷',31,176,NULL,'0','1',4,'0','',0,0,0,0,0,NULL,0),(2076,'金枪鱼手卷',31,176,NULL,'0','1',8,'0','',0,0,0,0,0,NULL,0),(2077,'海草军舰',31,177,NULL,'0','1',6,'0','',0,0,0,0,0,NULL,0),(2078,'吞拿鱼军舰',31,177,NULL,'0','1',6,'0','',0,0,0,0,0,NULL,0),(2079,'肉松军舰',31,177,NULL,'0','1',4,'0','',0,0,0,0,0,NULL,0),(2080,'玉米沙律',31,177,NULL,'0','1',4,'0','',0,0,0,0,0,NULL,0),(2081,'飞鱼籽军舰',31,177,NULL,'0','1',8,'0','',0,0,0,0,0,NULL,0),(2082,'章鱼军舰',31,177,NULL,'0','1',8,'0','',0,0,0,0,0,NULL,0),(2083,'辣金枪鱼军舰',31,177,NULL,'0','1',6,'0','',0,0,0,0,0,NULL,0),(2084,'鲜虾握寿司',31,178,NULL,'0','1',5,'0','',0,0,0,0,0,NULL,0),(2085,'三文鱼寿司',31,178,NULL,'0','1',8,'0','',0,0,0,0,0,NULL,0),(2086,'金枪鱼寿司',31,178,NULL,'0','1',8,'0','',0,0,0,0,0,NULL,0),(2087,'北极贝寿司',31,178,NULL,'0','1',8,'0','',0,0,0,0,0,NULL,0),(2088,'海盗船寿司',31,178,NULL,'0','1',8,'0','',0,0,0,0,0,NULL,0),(2089,'芒果三文鱼',31,178,NULL,'0','1',10,'0','',0,0,0,0,0,NULL,0),(2090,'培根芝士寿司',31,178,NULL,'0','1',10,'0','',0,0,0,0,0,NULL,0),(2091,'加州卷 小',31,179,NULL,'0','1',6,'0','青瓜、蟹肉、沙拉、苹果',0,0,0,0,0,NULL,37),(2092,'加州卷 大',31,179,NULL,'0','1',11,'0','青瓜、蟹肉、沙拉、苹果',1,0,0,0,0,NULL,36),(2093,'烧肉卷 小',31,179,NULL,'0','1',8,'0','牛肉、青瓜、芝麻',0,0,0,0,0,NULL,15),(2094,'烧肉卷 大',31,179,NULL,'0','1',15,'0','牛肉、青瓜、芝麻',0,0,0,0,0,NULL,14),(2095,'炸虾天妇罗卷 小',31,179,NULL,'0','1',8,'0','天妇罗虾、青瓜、沙拉',0,0,0,0,0,NULL,13),(2096,'炸虾天妇罗卷 大',31,179,NULL,'0','1',15,'0','天妇罗虾、青瓜、沙拉',0,0,0,0,0,NULL,12),(2097,'摩托罗拉卷 小',31,179,NULL,'0','1',12,'0','',0,0,0,0,0,NULL,11),(2098,'摩托罗拉卷 大',31,179,NULL,'0','1',22,'0','',0,0,0,0,0,NULL,10),(2099,'鳗鱼卷 小',31,179,NULL,'0','1',8,'0','',0,0,0,0,0,NULL,9),(2100,'鳗鱼卷 大',31,179,NULL,'0','1',15,'0','',0,0,0,0,0,NULL,8),(2101,'芒果香蕉卷 小',31,179,NULL,'0','1',6,'0','沙拉、香蕉、芒果',0,0,0,0,0,NULL,7),(2102,'芒果香蕉卷 大',31,179,NULL,'0','1',11,'0','沙拉、香蕉、芒果',0,0,0,0,0,NULL,6),(2103,'富豪卷 小',31,179,NULL,'0','1',10,'0','',0,0,0,0,0,NULL,5),(2104,'富豪卷 大',31,179,NULL,'0','1',19,'0','',0,0,0,0,0,NULL,4),(2105,'鳗鱼虾卷 小',31,179,NULL,'0','1',10,'0','',0,0,0,0,0,NULL,3),(2106,'鳗鱼虾卷 大',31,179,NULL,'0','1',19,'0','',0,0,0,0,0,NULL,2),(2107,'吉利多春鱼卷 小',31,179,NULL,'0','1',8,'0','',0,0,0,0,0,NULL,1),(2108,'吉利多春鱼卷 大',31,179,NULL,'0','1',15,'0','',0,0,0,0,0,NULL,0),(2109,'双色三文鱼卷 小',31,179,NULL,'0','1',10,'0','',0,0,0,0,0,NULL,17),(2110,'双色三文鱼卷 大',31,179,NULL,'0','1',19,'0','',0,0,0,0,0,NULL,16),(2111,'绿荫卷 小',31,179,NULL,'0','1',8,'0','',0,0,0,0,0,NULL,35),(2112,'绿荫卷 大',31,179,NULL,'0','1',15,'0','',0,0,0,0,0,NULL,34),(2113,'佩恩卷 小',31,179,NULL,'0','1',8,'0','',0,0,0,0,0,NULL,33),(2114,'佩恩娟 大',31,179,NULL,'0','1',15,'0','',0,0,0,0,0,NULL,32),(2115,'健康之旅 小',31,179,NULL,'0','1',8,'0','',0,0,0,0,0,NULL,31),(2116,'健康之旅 大',31,179,NULL,'0','1',15,'0','',0,0,0,0,0,NULL,30),(2117,'咸蛋超人卷 小',31,179,NULL,'0','1',6,'0','',0,0,0,0,0,NULL,29),(2118,'咸蛋超人卷 大',31,179,NULL,'0','1',11,'0','',1,0,0,0,0,NULL,28),(2119,'香脆肉松卷 小',31,179,NULL,'0','1',6,'0','',0,0,0,0,0,NULL,27),(2120,'香脆肉松卷 大',31,179,NULL,'0','1',11,'0','',0,0,0,0,0,NULL,26),(2121,'天堂卷 小',31,179,NULL,'0','1',12,'0','',0,0,0,0,0,NULL,25),(2122,'天堂卷 大',31,179,NULL,'0','1',22,'0','',0,0,0,0,0,NULL,24),(2123,'大费城卷 小',31,179,NULL,'0','1',12,'0','',0,0,0,0,0,NULL,23),(2124,'大费城卷 大',31,179,NULL,'0','1',22,'0','',0,0,0,0,0,NULL,22),(2125,'丽娜娟 小',31,179,NULL,'0','1',14,'0','',0,0,0,0,0,NULL,21),(2126,'丽娜娟 大',31,179,NULL,'0','1',26,'0','',0,0,0,0,0,NULL,20),(2127,'丹尼卷 小',31,179,NULL,'0','1',14,'0','',0,0,0,0,0,NULL,19),(2128,'丹尼卷 大',31,179,NULL,'0','1',26,'0','',0,0,0,0,0,NULL,18),(2129,'大卷',31,180,NULL,'0','1',8,'0','',0,0,0,0,0,NULL,0),(2130,'金刚卷',31,180,NULL,'0','1',12,'0','',0,0,0,0,0,NULL,0),(2131,'黄金蛋皮卷',31,180,NULL,'0','1',10,'0','',0,0,0,0,0,NULL,0),(2132,'彩虹卷',31,180,NULL,'0','1',8,'0','',0,0,0,0,0,NULL,0),(2133,'三文鱼刺身',31,181,NULL,'0','1',25,'0','',0,0,0,0,0,NULL,0),(2134,'北极贝刺身',31,181,NULL,'0','1',25,'0','',0,0,0,0,0,NULL,0),(2135,'秋刀鱼',31,182,NULL,'0','1',10,'0','',0,0,0,0,0,NULL,0),(2136,'多春鱼',31,182,NULL,'0','1',10,'0','',0,0,0,0,0,NULL,0),(2137,'青花鱼',31,182,NULL,'0','1',10,'0','',0,0,0,0,0,NULL,0),(2138,'烤肥牛',31,182,NULL,'0','1',15,'0','',0,0,0,0,0,NULL,0),(2139,'烤鳗鱼',31,182,NULL,'0','1',25,'0','',0,0,0,0,0,NULL,0),(2140,'烤三文鱼头',31,182,NULL,'0','1',18,'0','',0,0,0,0,0,NULL,0),(2141,'鸡肉石锅拌饭',31,183,NULL,'0','1',12,'0','',0,0,0,0,0,NULL,0),(2142,'牛肉石锅拌饭',31,183,NULL,'0','1',12,'0','',0,0,0,0,0,NULL,0),(2143,'泡菜石锅拌饭',31,183,NULL,'0','1',12,'0','',0,0,0,0,0,NULL,0),(2144,'叉烧石锅拌饭',31,183,NULL,'0','1',12,'0','',2,0,0,0,1,NULL,0),(2145,'培根石锅拌饭',31,183,NULL,'0','1',12,'0','',0,0,0,0,0,NULL,0),(2146,'热狗石锅拌饭',31,183,NULL,'0','1',12,'0','',0,0,0,0,0,NULL,0),(2147,'三文鱼石锅拌饭',31,183,NULL,'0','1',15,'0','',0,0,0,0,0,NULL,0),(2148,'石锅乌冬面',31,183,NULL,'0','1',12,'0','',0,0,0,0,0,NULL,0),(2149,'吞拿鱼石锅拌饭',31,183,NULL,'0','1',15,'0','',0,0,0,0,0,NULL,0),(2150,'猪排饭',31,183,NULL,'0','1',12,'0','',1,0,0,0,0,NULL,0),(2151,'鸡排饭',31,183,NULL,'0','1',12,'0','',2,0,0,0,1,NULL,0),(2152,'韩式鸡腿饭',31,183,NULL,'0','1',15,'0','',0,0,0,0,0,NULL,0),(2153,'叉烧饭',31,183,NULL,'0','1',15,'0','',3,0,0,0,2,NULL,0),(2154,'烧肉饭',31,183,NULL,'0','1',15,'0','',0,0,0,0,0,NULL,0),(2155,'泡椒牛蛙饭',31,183,NULL,'0','1',15,'0','',0,0,0,0,0,NULL,0),(2156,'辣子鸡饭',31,183,NULL,'0','1',12,'0','',0,0,0,0,0,NULL,0),(2157,'牛肉炒饭',31,183,NULL,'0','1',12,'0','',1,0,0,0,1,NULL,0),(2158,'印尼炒饭',31,183,NULL,'0','1',15,'0','',0,0,0,0,0,NULL,0),(2159,'蛋包饭',31,183,NULL,'0','1',12,'0','',0,0,0,0,0,NULL,0),(2160,'牛肉炒乌东',31,183,NULL,'0','1',12,'0','',0,0,0,0,0,NULL,0),(2161,'红烧鸡块',32,185,NULL,'0','1',7,'0','',1,0,0,1,0,NULL,0),(2162,'小炒鸡胗',32,185,NULL,'0','1',7,'0','',0,0,0,0,0,NULL,0),(2163,'土豆牛肉',32,185,NULL,'0','1',7,'0','',0,0,0,0,0,NULL,0),(2164,'红烧肉',32,185,NULL,'0','1',7,'0','',0,0,0,0,0,NULL,0),(2165,'红烧大排',32,185,NULL,'0','1',7,'0','',1,0,0,0,0,NULL,0),(2166,'回锅肉',32,185,NULL,'0','1',7,'0','',0,0,0,0,0,NULL,0),(2167,'小炒牛肚',32,185,NULL,'0','1',7,'0','',0,0,0,0,0,NULL,0),(2168,'红烧（清蒸）带鱼',32,185,NULL,'0','1',7,'0','',0,0,0,0,0,NULL,0),(2169,'清蒸小黄鱼',32,185,NULL,'0','1',7,'0','',0,0,0,0,0,NULL,0),(2170,'葱烤鲫鱼',32,185,NULL,'0','1',7,'0','',0,0,0,0,0,NULL,0),(2171,'红烧小牌',32,185,NULL,'0','1',7,'0','',0,0,0,0,0,NULL,0),(2172,'鱼香肉丝',32,185,NULL,'0','1',7,'0','',0,0,0,0,0,NULL,0),(2173,'葱香烧鸭',32,185,NULL,'0','1',7,'0','',0,0,0,0,0,NULL,0),(2174,'毛豆鸡块',32,185,NULL,'0','1',7,'0','',1,4,1,0,0,NULL,0),(2175,'肉末蒸蛋',32,185,NULL,'0','1',7,'0','',0,0,0,0,0,NULL,0),(2176,'白切鸡',32,185,NULL,'0','1',7,'0','',1,0,0,0,0,NULL,0),(2177,'锅包肉',32,185,NULL,'0','1',7,'0','',0,0,0,0,0,NULL,0),(2178,'辣子鸡',32,185,NULL,'0','1',7,'0','',1,0,0,0,0,NULL,0),(2179,'红烧鱼块',32,185,NULL,'0','1',7,'0','',0,0,0,0,0,NULL,0),(2180,'宫保鸡丁',32,185,NULL,'0','1',7,'0','',1,0,0,0,1,NULL,0),(2181,'红烧青鱼',32,185,NULL,'0','1',7,'0','',0,0,0,0,0,NULL,0),(2182,'红烧青鱼',32,185,NULL,'0','u',7,'0','',0,0,0,0,0,NULL,0),(2183,'红烧青鱼',32,185,NULL,'0','u',7,'0','',0,0,0,0,0,NULL,0),(2184,'红烧青鱼',32,185,NULL,'0','u',7,'0','',0,0,0,0,0,NULL,0),(2185,'小炒对虾',32,185,NULL,'0','1',7,'0','',0,0,0,0,0,NULL,0),(2186,'孜然肉片',32,185,NULL,'0','1',7,'0','',0,0,0,0,0,NULL,0),(2187,'红烧鸡块',32,186,NULL,'0','1',4,'0','',0,0,0,0,0,NULL,0),(2188,'小炒鸡胗',32,186,NULL,'0','1',4,'0','',0,0,0,0,0,NULL,0),(2189,'土豆牛肉',32,186,NULL,'0','1',4,'0','',0,0,0,0,0,NULL,0),(2190,'红烧肉',32,186,NULL,'0','1',4,'0','',0,0,0,0,0,NULL,0),(2191,'红烧大排',32,186,NULL,'0','1',4,'0','',0,0,0,0,0,NULL,0),(2192,'回锅肉',32,186,NULL,'0','1',4,'0','',0,0,0,0,0,NULL,0),(2193,'小炒牛肚',32,186,NULL,'0','1',4,'0','',0,0,0,0,0,NULL,0),(2194,'红烧（清蒸）带鱼',32,186,NULL,'0','1',4,'0','',0,0,0,0,0,NULL,0),(2195,'清蒸小黄鱼',32,186,NULL,'0','1',4,'0','',0,0,0,0,0,NULL,0),(2196,'葱烤鲫鱼',32,186,NULL,'0','1',4,'0','',0,0,0,0,0,NULL,0),(2197,'红烧小排',32,186,NULL,'0','1',4,'0','',0,0,0,0,0,NULL,0),(2198,'鱼香肉丝',32,186,NULL,'0','1',4,'0','',0,0,0,0,0,NULL,0),(2199,'葱香烧鸭',32,186,NULL,'0','1',4,'0','',0,0,0,0,0,NULL,0),(2200,'肉末蒸蛋',32,186,NULL,'0','1',4,'0','',0,0,0,0,0,NULL,0),(2201,'毛豆鸡块',32,186,NULL,'0','1',4,'0','',0,0,0,0,0,NULL,0),(2202,'白切鸡',32,186,NULL,'0','1',4,'0','',0,0,0,0,0,NULL,0),(2203,'锅包肉',32,186,NULL,'0','1',4,'0','',0,0,0,0,0,NULL,0),(2204,'辣子鸡',32,186,NULL,'0','1',4,'0','',0,0,0,0,0,NULL,0),(2205,'红烧鱼块',32,186,NULL,'0','1',4,'0','',0,0,0,0,0,NULL,0),(2206,'红烧青鱼',32,186,NULL,'0','1',4,'0','',0,0,0,0,0,NULL,0),(2207,'宫保鸡丁',32,186,NULL,'0','1',4,'0','',0,0,0,0,0,NULL,0),(2208,'小炒对虾',32,186,NULL,'0','1',4,'0','',0,0,0,0,0,NULL,0),(2209,'孜然肉片',32,186,NULL,'0','1',4,'0','',0,0,0,0,0,NULL,0),(2210,'红烧鸡块',32,187,NULL,'0','1',5,'0','',0,0,0,0,0,NULL,0),(2211,'小炒鸡胗',32,187,NULL,'0','1',5,'0','',0,0,0,0,0,NULL,0),(2212,'土豆牛肉',32,187,NULL,'0','1',5,'0','',0,0,0,0,0,NULL,0),(2213,'红烧肉',32,187,NULL,'0','1',5,'0','',0,0,0,0,0,NULL,0),(2214,'红烧大排',32,187,NULL,'0','1',5,'0','',0,0,0,0,0,NULL,0),(2215,'回锅肉',32,187,NULL,'0','1',5,'0','',0,0,0,0,0,NULL,0),(2216,'小炒牛肚',32,187,NULL,'0','1',5,'0','',0,0,0,0,0,NULL,0),(2217,'红烧（清蒸）带鱼',32,187,NULL,'0','1',5,'0','',0,0,0,0,0,NULL,0),(2218,'清蒸小黄鱼',32,187,NULL,'0','1',5,'0','',0,0,0,0,0,NULL,0),(2219,'葱烤鲫鱼',32,187,NULL,'0','1',5,'0','',0,0,0,0,0,NULL,0),(2220,'红烧小排',32,187,NULL,'0','1',5,'0','',0,0,0,0,0,NULL,0),(2221,'鱼香肉丝',32,187,NULL,'0','1',5,'0','',0,0,0,0,0,NULL,0),(2222,'葱香烧鸭',32,187,NULL,'0','1',5,'0','',0,0,0,0,0,NULL,0),(2223,'肉末蒸蛋',32,187,NULL,'0','1',5,'0','',0,0,0,0,0,NULL,0),(2224,'毛豆鸡块',32,187,NULL,'0','1',5,'0','',0,0,0,0,0,NULL,0),(2225,'白切鸡',32,187,NULL,'0','1',5,'0','',0,0,0,0,0,NULL,0),(2226,'锅包肉',32,187,NULL,'0','1',5,'0','',0,0,0,0,0,NULL,0),(2227,'辣子鸡',32,187,NULL,'0','1',5,'0','',0,0,0,0,0,NULL,0),(2228,'红烧鱼块',32,187,NULL,'0','1',5,'0','',0,0,0,0,0,NULL,0),(2229,'红烧青鱼',32,187,NULL,'0','1',5,'0','',0,0,0,0,0,NULL,0),(2230,'宫保鸡丁',32,187,NULL,'0','1',5,'0','',0,0,0,0,0,NULL,0),(2231,'小炒对虾',32,187,NULL,'0','1',5,'0','',0,0,0,0,0,NULL,0),(2232,'孜然肉片',32,187,NULL,'0','1',5,'0','',0,0,0,0,0,NULL,0),(2233,'红烧鸡块',32,188,NULL,'0','1',5,'0','',0,0,0,0,0,NULL,0),(2234,'小炒鸡胗',32,188,NULL,'0','1',5,'0','',0,0,0,0,0,NULL,0),(2235,'土豆牛肉',32,188,NULL,'0','1',5,'0','',0,0,0,0,0,NULL,0),(2236,'红烧肉',32,188,NULL,'0','1',5,'0','',0,0,0,0,0,NULL,0),(2237,'红烧大排',32,188,NULL,'0','1',5,'0','',0,0,0,0,0,NULL,0),(2238,'回锅肉',32,188,NULL,'0','1',5,'0','',0,0,0,0,0,NULL,0),(2239,'小炒牛肚',32,188,NULL,'0','1',5,'0','',0,0,0,0,0,NULL,0),(2240,'红烧（清蒸）带鱼',32,188,NULL,'0','1',5,'0','',0,0,0,0,0,NULL,0),(2241,'清蒸小黄鱼',32,188,NULL,'0','1',5,'0','',0,0,0,0,0,NULL,0),(2242,'葱烤鲫鱼',32,188,NULL,'0','1',5,'0','',0,0,0,0,0,NULL,0),(2243,'红烧小排',32,188,NULL,'0','1',5,'0','',0,0,0,0,0,NULL,0),(2244,'鱼香肉丝',32,188,NULL,'0','1',5,'0','',0,0,0,0,0,NULL,0),(2245,'葱香烧鸭',32,188,NULL,'0','1',5,'0','',0,0,0,0,0,NULL,0),(2246,'肉末蒸蛋',32,188,NULL,'0','1',5,'0','',0,0,0,0,0,NULL,0),(2247,'毛豆鸡块',32,188,NULL,'0','1',5,'0','',0,0,0,0,0,NULL,0),(2248,'白切鸡',32,188,NULL,'0','1',5,'0','',0,0,0,0,0,NULL,0),(2249,'锅包肉',32,188,NULL,'0','1',5,'0','',0,0,0,0,0,NULL,0),(2250,'辣子鸡',32,188,NULL,'0','1',5,'0','',0,0,0,0,0,NULL,0),(2251,'红烧鱼块',32,188,NULL,'0','1',5,'0','',0,0,0,0,0,NULL,0),(2252,'红烧青鱼',32,188,NULL,'0','1',5,'0','',0,0,0,0,0,NULL,0),(2253,'宫保鸡丁',32,188,NULL,'0','1',5,'0','',0,0,0,0,0,NULL,0),(2254,'小炒对虾',32,188,NULL,'0','1',5,'0','',0,0,0,0,0,NULL,0),(2255,'孜然肉片',32,188,NULL,'0','1',5,'0','',0,0,0,0,0,NULL,0),(2256,'番茄鸡蛋盖浇饭',32,189,NULL,'0','1',6,'0','',0,0,0,0,0,NULL,0),(2257,'青菜白豆腐盖浇饭',32,189,NULL,'0','1',6,'0','',0,0,0,0,0,NULL,0),(2258,'腊肠蛋盖浇饭',32,189,NULL,'0','1',8,'0','',0,0,0,0,0,NULL,0),(2259,'麻婆豆腐盖浇饭',32,189,NULL,'0','u',6,'0','',0,0,0,0,0,NULL,0),(2260,'黄瓜滑蛋盖浇饭',32,189,NULL,'0','1',7,'0','',0,0,0,0,0,NULL,0),(2261,'榨菜肉丝盖浇饭',32,189,NULL,'0','1',7,'0','',0,0,0,0,0,NULL,0),(2262,'鱼香肉丝盖浇饭',32,189,NULL,'0','1',7,'0','',0,0,0,0,0,NULL,0),(2263,'木耳肉片盖浇饭',32,189,NULL,'0','1',8,'0','',0,0,0,0,0,NULL,0),(2264,'肉沫茄子盖浇饭',32,189,NULL,'0','1',8,'0','',1,0,0,0,1,NULL,0),(2265,'宫保鸡丁盖浇饭',32,189,NULL,'0','1',8,'0','',1,0,0,0,1,NULL,0),(2266,'回锅肉盖浇饭',32,189,NULL,'0','1',8,'0','',0,0,0,0,0,NULL,0),(2267,'双菇肉丝盖浇饭',32,189,NULL,'0','1',8,'0','',0,0,0,0,0,NULL,0),(2268,'土豆牛肉盖浇饭',32,189,NULL,'0','1',9,'0','',0,0,0,0,0,NULL,0),(2269,'三鲜鸡丁盖浇饭',32,189,NULL,'0','1',9,'0','',0,0,0,0,0,NULL,0),(2270,'香菇牛肉盖浇饭',32,189,NULL,'0','1',9,'0','',0,0,0,0,0,NULL,0),(2271,'咖喱土豆牛肉盖浇饭',32,189,NULL,'0','1',9,'0','',0,0,0,0,0,NULL,0),(2272,'酸菜牛肉盖浇饭',32,189,NULL,'0','1',9,'0','',0,0,0,0,0,NULL,0),(2273,'特色盖浇饭',32,189,NULL,'0','1',10,'0','',0,0,0,0,0,NULL,0),(2274,'特色酸辣盖浇饭',32,189,NULL,'0','1',10,'0','',0,0,0,0,0,NULL,0),(2275,'茄汁牛肉盖浇饭',32,189,NULL,'0','1',11,'0','',0,0,0,0,0,NULL,0),(2276,'素菜蛋炒饭',32,190,NULL,'0','1',6,'0','',0,0,0,0,0,NULL,0),(2277,'梅干菜炒饭',32,190,NULL,'0','1',6,'0','',0,0,0,0,0,NULL,0),(2278,'鱼香肉丝炒饭',32,190,NULL,'0','1',7,'0','',0,0,0,0,0,NULL,0),(2279,'扬州炒饭',32,190,NULL,'0','1',7,'0','',0,0,0,0,0,NULL,0),(2280,'回锅肉炒饭',32,190,NULL,'0','1',8,'0','',0,0,0,0,0,NULL,0),(2281,'咖喱土豆炒饭',32,190,NULL,'0','1',9,'0','',0,0,0,0,0,NULL,0),(2282,'里脊肉炒饭',32,190,NULL,'0','1',9,'0','',0,0,0,0,0,NULL,0),(2283,'牛杂（牛肉）炒饭',32,190,NULL,'0','1',9,'0','',0,0,0,0,0,NULL,0),(2284,'咸蛋黄海鲜炒饭',32,190,NULL,'0','1',10,'0','',0,0,0,0,0,NULL,0),(2285,'青菜鸡蛋炒面',32,191,NULL,'0','1',6,'0','',0,0,0,0,0,NULL,0),(2286,'青菜肉丝炒面',32,191,NULL,'0','1',7,'0','',0,0,0,0,0,NULL,0),(2287,'鸡蛋豆芽炒面',32,191,NULL,'0','1',7,'0','',0,0,0,0,0,NULL,0),(2288,'鱼香肉丝炒面',32,191,NULL,'0','1',7,'0','',0,0,0,0,0,NULL,0),(2289,'香菇牛肉炒面',32,191,NULL,'0','1',9,'0','',0,0,0,0,0,NULL,0),(2290,'特色炒面',32,191,NULL,'0','1',10,'0','',0,0,0,0,0,NULL,0),(2291,'特色炒年糕',32,191,NULL,'0','1',10,'0','',0,0,0,0,0,NULL,0),(2292,'武汉热干面',32,192,NULL,'0','1',6,'0','',0,0,0,0,0,NULL,0),(2293,'青瓜凉拌面',32,192,NULL,'0','1',7,'0','',0,0,0,0,0,NULL,0),(2294,'三丝凉拌面',32,192,NULL,'0','1',7,'0','',0,0,0,0,0,NULL,0),(2295,'鱼香肉丝拌面',32,192,NULL,'0','1',7,'0','',0,0,0,0,0,NULL,0),(2296,'番茄鸡蛋拌面',32,192,NULL,'0','1',7,'0','',0,0,0,0,0,NULL,0),(2297,'特色炸酱面',32,192,NULL,'0','1',8,'0','',0,0,0,0,0,NULL,0),(2298,'葱油（小牛肉）拌面',32,192,NULL,'0','1',9,'0','',0,0,0,0,0,NULL,0),(2299,'雪菜鱿鱼拌面',32,192,NULL,'0','1',8,'0','',0,0,0,0,0,NULL,0),(2300,'酸菜牛肉拌面',32,192,NULL,'0','1',9,'0','',0,0,0,0,0,NULL,0),(2301,'尖椒牛肉拌面',32,192,NULL,'0','1',9,'0','',0,0,0,0,0,NULL,0),(2302,'三鲜鱿鱼拌面',32,192,NULL,'0','1',10,'0','',0,0,0,0,0,NULL,0),(2303,'酱汁牛肉拌面',32,192,NULL,'0','1',10,'0','',0,0,0,0,0,NULL,0),(2304,'阳春面',32,193,NULL,'0','1',5,'0','',0,0,0,0,0,NULL,0),(2305,'青菜肉丝面',32,193,NULL,'0','1',6,'0','',0,0,0,0,0,NULL,0),(2306,'雪菜肉丝面',32,193,NULL,'0','1',6,'0','',0,0,0,0,0,NULL,0),(2307,'青菜鸡蛋面',32,193,NULL,'0','1',6,'0','',0,0,0,0,0,NULL,0),(2308,'番茄鸡蛋面',32,193,NULL,'0','1',7,'0','',0,0,0,0,0,NULL,0),(2309,'担担面',32,193,NULL,'0','1',7,'0','',0,0,0,0,0,NULL,0),(2310,'小排面',32,193,NULL,'0','1',9,'0','',0,0,0,0,0,NULL,0),(2311,'牛杂面',32,193,NULL,'0','1',9,'0','',0,0,0,0,0,NULL,0),(2312,'什锦臊子面',32,193,NULL,'0','1',9,'0','',0,0,0,0,0,NULL,0),(2313,'大排面',32,193,NULL,'0','1',9,'0','',0,0,0,0,0,NULL,0),(2314,'红烧牛肉面',32,193,NULL,'0','1',9,'0','',0,0,0,0,0,NULL,0),(2315,'海鲜面',32,193,NULL,'0','1',9,'0','',0,0,0,0,0,NULL,0),(2316,'泼辣牛肉面',32,193,NULL,'0','1',10,'0','',0,0,0,0,0,NULL,0),(2317,'雪菜肉丝炒年糕',32,194,NULL,'0','1',7,'0','',0,0,0,0,0,NULL,0),(2318,'雪菜肉丝汤年糕',32,194,NULL,'0','1',7,'0','',0,0,0,0,0,NULL,0),(2319,'青菜肉丝炒年糕',32,194,NULL,'0','1',7,'0','',0,0,0,0,0,NULL,0),(2320,'青菜肉丝汤年糕',32,194,NULL,'0','1',7,'0','',0,0,0,0,0,NULL,0),(2321,'鱼香肉丝炒年糕',32,194,NULL,'0','1',8,'0','',0,0,0,0,0,NULL,0),(2322,'海鲜炒年糕',32,194,NULL,'0','1',9,'0','',0,0,0,0,0,NULL,0),(2323,'海鲜汤年糕',32,194,NULL,'0','1',9,'0','',0,0,0,0,0,NULL,0),(2324,'尖椒牛肉炒年糕',32,194,NULL,'0','1',10,'0','',0,0,0,0,0,NULL,0),(2325,'特色炒年糕',32,194,NULL,'0','1',10,'0','',0,0,0,0,0,NULL,0),(2326,'三素（商家随机搭配）',32,184,NULL,'0','1',6,'0','',0,0,0,0,0,NULL,0),(2327,'红烧大排',35,195,NULL,'0','1',11,'0','红烧大排、汤、菜饭',0,0,0,0,0,NULL,0),(2328,'红烧鸡腿',35,195,NULL,'0','1',12,'0','红烧鸡腿、汤、菜饭',0,0,0,0,0,NULL,0),(2329,'红烧鸭腿',35,195,NULL,'0','1',12,'0','红烧鸭腿、汤、菜饭',0,0,0,0,0,NULL,0),(2330,'红烧方肉',35,195,NULL,'0','1',12,'0','红烧方肉、汤、菜饭',0,0,0,0,0,NULL,0),(2331,'红烧自制狮子头',35,195,NULL,'0','1',12,'0','红烧自制狮子头、汤、菜饭',0,0,0,0,0,NULL,0),(2332,'野笋烧肉',35,195,NULL,'0','1',12,'0','野笋烧肉、汤、菜饭',0,0,0,0,0,NULL,0),(2333,'梅干菜扣肉',35,195,NULL,'0','1',12,'0','梅干菜扣肉、汤、菜饭',0,0,0,0,0,NULL,0),(2334,'特色粉蒸肉',35,195,NULL,'0','1',13,'0','特色粉蒸肉、汤、',0,0,0,0,0,NULL,0),(2335,'红烧鱼块',35,195,NULL,'0','1',12,'0','红烧鱼块、汤、菜饭',0,0,0,0,0,NULL,0),(2336,'腊汁鸡',35,195,NULL,'0','1',12,'0','腊汁鸡、汤、菜饭',0,0,0,0,0,NULL,0),(2337,'口水鸡',35,195,NULL,'0','1',12,'0','口水鸡、汤、菜饭',0,0,0,0,0,NULL,0),(2338,'白斩鸡',35,195,NULL,'0','1',12,'0','白斩鸡、汤、菜饭',0,0,0,0,0,NULL,0),(2339,'酱鸭',35,196,NULL,'1','1',12,'0','酱鸭、汤、菜饭',0,0,0,0,0,NULL,0),(2340,'红烧猪爪',35,196,NULL,'1','1',13,'0','红烧猪爪、汤、菜饭',0,0,0,0,0,NULL,0),(2341,'酱鸭',35,195,NULL,'0','1',12,'0','酱鸭、汤、菜饭',0,0,0,0,0,NULL,0),(2342,'红烧猪爪',35,195,NULL,'0','1',13,'0','红烧猪爪、汤、菜饭',0,0,0,0,0,NULL,0),(2343,'红烧蹄膀',35,195,NULL,'0','1',16,'0','红烧蹄膀、汤、菜饭',0,0,0,0,0,NULL,0),(2344,'红烧小排',35,195,NULL,'0','1',11,'0','红烧小排、汤、菜饭',0,0,0,0,0,NULL,0),(2345,'贡丸汤',35,196,NULL,'0','1',8,'0','贡丸汤、菜饭',0,0,0,0,0,NULL,0),(2346,'撒尿丸汤',35,196,NULL,'0','1',9,'0','撒尿丸汤、菜饭',0,0,0,0,0,NULL,0),(2347,'骨头汤',35,196,NULL,'0','1',10,'0','骨头汤、菜饭',0,0,0,0,0,NULL,0),(2348,'自制面结汤',35,196,NULL,'0','1',11,'0','自制面结汤、菜饭',0,0,0,0,0,NULL,0),(2349,'牛肉粉丝汤',35,196,NULL,'0','1',12,'0','牛肉粉丝汤、菜饭',0,0,0,0,0,NULL,0),(2350,'猪手汤',35,196,NULL,'0','1',12,'0','猪手汤、菜饭',0,0,0,0,0,NULL,0),(2351,'蹄膀汤',35,196,NULL,'0','1',14,'0','蹄膀汤、菜饭',0,0,0,0,0,NULL,0),(2352,'咸肉汤',35,196,NULL,'0','1',10,'0','咸肉汤、菜饭',0,0,0,0,0,NULL,0),(2353,'小排',35,196,NULL,'0','1',11,'0','小排、菜饭',0,0,0,0,0,NULL,0),(2354,'红枣银耳',35,197,NULL,'0','1',4,'0','',0,0,0,0,0,NULL,0),(2355,'红豆汤',35,197,NULL,'0','1',4,'0','',0,0,0,0,0,NULL,0),(2356,'西米露',35,197,NULL,'0','1',4,'0','',0,0,0,0,0,NULL,0),(2357,'龟膏',35,197,NULL,'0','1',4,'0','',0,0,0,0,0,NULL,0),(2358,'兰花干',35,198,NULL,'0','1',1,'0','',0,0,0,0,0,NULL,0),(2359,'蛋',35,198,NULL,'0','1',2,'0','',0,0,0,0,0,NULL,0),(2360,'虎皮蛋',35,198,NULL,'0','1',2,'0','',0,0,0,0,0,NULL,0),(2361,'荷包蛋',35,198,NULL,'0','1',2,'0','',0,0,0,0,0,NULL,0),(2362,'米饭',35,198,NULL,'0','1',1,'0','',0,0,0,0,0,NULL,0),(2363,'原味奶茶',36,199,NULL,'0','1',3,'0','',0,0,0,0,0,NULL,0),(2364,'红豆奶茶',36,199,NULL,'0','1',4,'0','',1,0,0,0,0,NULL,0),(2365,'绿豆奶茶',36,199,NULL,'0','1',4,'0','',0,0,0,0,0,NULL,0),(2366,'咖啡奶茶',36,199,NULL,'0','1',4,'0','',0,0,0,0,0,NULL,0),(2367,'布丁奶茶',36,199,NULL,'0','1',4,'0','',1,0,0,0,0,NULL,0),(2368,'仙草奶茶',36,199,NULL,'0','1',4,'0','',0,0,0,0,0,NULL,0),(2369,'胚芽奶茶',36,199,NULL,'0','1',4,'0','',0,0,0,0,0,NULL,0),(2370,'柠檬奶茶',36,199,NULL,'0','1',4,'0','',0,0,0,0,0,NULL,0),(2371,'木瓜奶茶',36,199,NULL,'0','1',4,'0','',0,0,0,0,0,NULL,0),(2372,'巧克力奶茶',36,199,NULL,'0','1',4,'0','',0,0,0,0,0,NULL,0),(2373,'哈密瓜奶茶',36,199,NULL,'0','1',4,'0','',0,0,0,0,0,NULL,0),(2374,'西瓜奶茶',36,199,NULL,'0','1',4,'0','',0,0,0,0,0,NULL,0),(2375,'草莓奶茶',36,199,NULL,'0','1',4,'0','',0,0,0,0,0,NULL,0),(2376,'芒果奶茶',36,199,NULL,'0','1',4,'0','',0,0,0,0,0,NULL,0),(2377,'椰香奶茶',36,199,NULL,'0','1',4,'0','',0,0,0,0,0,NULL,0),(2378,'香芋奶茶',36,199,NULL,'0','1',4,'0','',0,0,0,0,0,NULL,0),(2379,'蓝莓奶茶',36,199,NULL,'0','1',4,'0','',0,0,0,0,0,NULL,0),(2380,'鸳鸯奶茶',36,199,NULL,'0','1',5,'0','',0,0,0,0,0,NULL,0),(2381,'抹茶奶茶',36,199,NULL,'0','1',5,'0','',0,0,0,0,0,NULL,0),(2382,'桂圆红枣奶茶',36,199,NULL,'0','1',5,'0','',0,0,0,0,0,NULL,0),(2383,'蓝莓蛋蜜汁',36,200,NULL,'0','1',5,'0','',0,0,0,0,0,NULL,0),(2384,'芒果蛋蜜汁',36,200,NULL,'0','1',5,'0','',0,0,0,0,0,NULL,0),(2385,'柠檬蛋蜜汁',36,200,NULL,'0','1',5,'0','',0,0,0,0,0,NULL,0),(2386,'百香果蛋蜜汁',36,200,NULL,'0','1',5,'0','',0,0,0,0,0,NULL,0),(2387,'草莓蛋蜜汁',36,200,NULL,'0','1',5,'0','',0,0,0,0,0,NULL,0),(2388,'现磨豆浆',36,201,NULL,'0','1',2.5,'0','',0,0,0,0,0,NULL,0),(2389,'现调牛奶',36,201,NULL,'0','1',3,'0','',0,0,0,0,0,NULL,0),(2390,'红豆牛奶',36,201,NULL,'0','1',3,'0','',1,0,0,0,0,NULL,0),(2391,'布丁牛奶',36,201,NULL,'0','1',3,'0','',0,0,0,0,0,NULL,0),(2392,'草莓汁',36,202,NULL,'0','1',3,'0','',0,0,0,0,0,NULL,0),(2393,'蓝莓汁',36,202,NULL,'0','1',3,'0','',0,0,0,0,0,NULL,0),(2394,'柠檬汁',36,202,NULL,'0','1',3,'0','',0,0,0,0,0,NULL,0),(2395,'芒果汁',36,202,NULL,'0','1',3,'0','',0,0,0,0,0,NULL,0),(2396,'柳橙汁',36,202,NULL,'0','1',3,'0','',0,0,0,0,0,NULL,0),(2397,'青苹果汁',36,202,NULL,'0','1',3,'0','',0,0,0,0,0,NULL,0),(2398,'水蜜桃汁',36,202,NULL,'0','1',3,'0','',0,0,0,0,0,NULL,0),(2399,'红豆牛奶冰',36,203,NULL,'0','1',5,'0','',0,0,0,0,0,NULL,0),(2400,'绿豆牛奶冰',36,203,NULL,'0','1',5,'0','',0,0,0,0,0,NULL,0),(2401,'芦荟牛奶冰',36,203,NULL,'0','1',5,'0','',0,0,0,0,0,NULL,0),(2402,'蓝莓牛奶冰',36,203,NULL,'0','1',5,'0','',0,0,0,0,0,NULL,0),(2403,'草莓牛奶冰',36,203,NULL,'0','1',5,'0','',0,0,0,0,0,NULL,0),(2404,'哈密瓜牛奶冰',36,203,NULL,'0','1',5,'0','',0,0,0,0,0,NULL,0),(2405,'芒果牛奶冰',36,203,NULL,'0','1',5,'0','',0,0,0,0,0,NULL,0),(2406,'奇异果牛奶冰',36,203,NULL,'0','1',5,'0','',0,0,0,0,0,NULL,0),(2407,'原味牛奶冰',36,203,NULL,'0','1',5,'0','',0,0,0,0,0,NULL,0),(2408,'抹茶牛奶冰',36,203,NULL,'0','1',6,'0','',0,0,0,0,0,NULL,0),(2409,'红豆刨冰',36,204,NULL,'0','1',4,'0','',0,0,0,0,0,NULL,0),(2410,'芦荟刨冰',36,204,NULL,'0','1',4,'0','',0,0,0,0,0,NULL,0),(2411,'草莓刨冰',36,204,NULL,'0','1',4,'0','',0,0,0,0,0,NULL,0),(2412,'芒果刨冰',36,204,NULL,'0','1',4,'0','',0,0,0,0,0,NULL,0),(2413,'蓝莓刨冰',36,204,NULL,'0','1',4,'0','',0,0,0,0,0,NULL,0),(2414,'奇异果刨冰',36,204,NULL,'0','1',4,'0','',0,0,0,0,0,NULL,0),(2415,'绿豆刨冰',36,204,NULL,'0','1',4,'0','',0,0,0,0,0,NULL,0),(2416,'哈密瓜刨冰',36,204,NULL,'0','1',4,'0','',0,0,0,0,0,NULL,0),(2417,'红豆双皮奶',36,205,NULL,'0','1',4,'0','',0,0,0,0,0,NULL,0),(2418,'草莓双皮奶',36,205,NULL,'0','1',4,'0','',0,0,0,0,0,NULL,0),(2419,'蓝莓双皮奶',36,205,NULL,'0','1',4,'0','',0,0,0,0,0,NULL,0),(2420,'芒果双皮奶',36,205,NULL,'0','1',4,'0','',0,0,0,0,0,NULL,0),(2421,'芦荟双皮奶',36,205,NULL,'0','1',4,'0','',0,0,0,0,0,NULL,0),(2422,'奇异果双皮奶',36,205,NULL,'0','1',4,'0','',0,0,0,0,0,NULL,0),(2423,'哈密瓜双皮奶',36,205,NULL,'0','1',4,'0','',0,0,0,0,0,NULL,0),(2424,'草莓奶昔',36,206,NULL,'0','1',5,'0','',0,0,0,0,0,NULL,0),(2425,'巧克力奶昔',36,206,NULL,'0','1',5,'0','',0,0,0,0,0,NULL,0),(2426,'哈密瓜奶昔',36,206,NULL,'0','1',5,'0','',0,0,0,0,0,NULL,0),(2427,'咖啡奶昔',36,206,NULL,'0','1',5,'0','',0,0,0,0,0,NULL,0),(2428,'香草奶昔',36,206,NULL,'0','1',5,'0','',0,0,0,0,0,NULL,0),(2429,'芒果奶昔',36,206,NULL,'0','1',5,'0','',0,0,0,0,0,NULL,0),(2430,'蓝莓奶昔',36,206,NULL,'0','1',5,'0','',0,0,0,0,0,NULL,0),(2431,'椰香奶昔',36,206,NULL,'0','1',5,'0','',0,0,0,0,0,NULL,0),(2432,'红豆奶昔',36,206,NULL,'0','1',5,'0','',0,0,0,0,0,NULL,0),(2433,'柠檬水',36,207,NULL,'0','1',4,'0','',0,0,0,0,0,NULL,0),(2434,'水蜜桃奶茶',36,207,NULL,'0','1',4,'0','',0,0,0,0,0,NULL,0),(2435,'烧仙草',36,207,NULL,'0','1',5,'0','',0,0,0,0,0,NULL,0),(2436,'鲜榨西瓜',36,207,NULL,'0','1',5,'0','',0,0,0,0,0,NULL,0),(2437,'鲜榨黄瓜',36,207,NULL,'0','1',5,'0','',0,0,0,0,0,NULL,0),(2438,'鲜榨番茄',36,207,NULL,'0','1',5,'0','',0,0,0,0,0,NULL,0),(2439,'红豆布丁奶茶',36,207,NULL,'0','1',5,'0','',0,0,0,0,0,NULL,0),(2440,'奶茶烧仙草',36,207,NULL,'0','1',6,'0','',0,0,0,0,0,NULL,0),(2441,'原味奶绿',36,208,NULL,'0','1',3,'0','',0,0,0,0,0,NULL,0),(2442,'红豆奶绿',36,208,NULL,'0','1',4,'0','',0,0,0,0,0,NULL,0),(2443,'绿豆奶绿',36,208,NULL,'0','1',4,'0','',0,0,0,0,0,NULL,0),(2444,'胚芽奶绿',36,208,NULL,'0','1',4,'0','',0,0,0,0,0,NULL,0),(2445,'草莓奶绿',36,208,NULL,'0','1',4,'0','',0,0,0,0,0,NULL,0),(2446,'芒果奶绿',36,208,NULL,'0','1',4,'0','',0,0,0,0,0,NULL,0),(2447,'蓝莓奶绿',36,208,NULL,'0','1',4,'0','',0,0,0,0,0,NULL,0),(2448,'百香果奶绿',36,208,NULL,'0','1',4,'0','',0,0,0,0,0,NULL,0),(2449,'泡沫红茶',36,209,NULL,'0','1',3,'0','',0,0,0,0,0,NULL,0),(2450,'柠檬红茶',36,209,NULL,'0','1',3,'0','',0,0,0,0,0,NULL,0),(2451,'沫香绿茶',36,209,NULL,'0','1',3,'0','',0,0,0,0,0,NULL,0),(2452,'柠檬绿茶',36,209,NULL,'0','1',3,'0','',0,0,0,0,0,NULL,0),(2453,'柚子茶',36,209,NULL,'0','1',5,'0','',0,0,0,0,0,NULL,0),(2454,'芦荟茶',36,209,NULL,'0','1',5,'0','',0,0,0,0,0,NULL,0),(2455,'小青菜',37,210,NULL,'0','1',1,'0','',17,0,0,4,0,NULL,0),(2456,'大白菜',37,210,NULL,'0','1',1,'0','',2,0,0,1,0,NULL,0),(2457,'生菜',37,210,NULL,'0','1',1,'0','',0,0,0,0,0,NULL,0),(2458,'菠菜',37,210,NULL,'0','1',1,'0','',5,0,0,2,0,NULL,0),(2459,'蓬蒿',37,210,NULL,'0','1',1,'0','',0,0,0,0,0,NULL,0),(2460,'香菜',37,210,NULL,'0','1',1,'0','',0,0,0,0,0,NULL,0),(2461,'韭菜',37,210,NULL,'0','1',1,'0','',0,0,0,0,0,NULL,0),(2462,'空心菜',37,210,NULL,'0','1',1,'0','',5,0,0,1,0,NULL,0),(2463,'木耳菜',37,210,NULL,'0','1',1,'0','',0,0,0,0,0,NULL,0),(2464,'冬瓜',37,210,NULL,'0','1',1,'0','',0,0,0,0,0,NULL,0),(2465,'海带',37,210,NULL,'0','1',1,'0','',1,0,0,0,0,NULL,0),(2466,'竹笋',37,210,NULL,'0','1',1,'0','',3,0,0,1,0,NULL,0),(2467,'豆芽',37,210,NULL,'0','1',1,'0','',3,0,0,1,0,NULL,0),(2468,'花菜',37,210,NULL,'0','1',1,'0','',14,0,0,1,0,NULL,0),(2469,'西兰花',37,210,NULL,'0','1',1,'0','',0,0,0,0,0,NULL,0),(2470,'西红柿',37,210,NULL,'0','1',2,'0','',4,0,0,1,0,NULL,0),(2471,'金针菇',37,210,NULL,'0','1',1,'0','',9,0,0,3,0,NULL,0),(2472,'平菇',37,210,NULL,'0','1',1,'0','',1,0,0,0,0,NULL,0),(2473,'土豆',37,210,NULL,'0','1',1,'0','',4,0,0,2,0,NULL,0),(2474,'莲藕',37,210,NULL,'0','1',1,'0','',1,0,0,0,0,NULL,0),(2475,'芋头',37,210,NULL,'0','1',2,'0','',0,0,0,0,0,NULL,0),(2476,'干香菇',37,210,NULL,'0','1',1,'0','',1,0,0,1,0,NULL,0),(2477,'木耳',37,210,NULL,'0','1',1,'0','',0,0,0,0,0,NULL,0),(2478,'黄花',37,210,NULL,'0','1',1,'0','',4,0,0,1,0,NULL,0),(2479,'小油包',37,211,NULL,'0','1',1,'0','',21,0,0,2,0,NULL,0),(2480,'兰花干',37,211,NULL,'0','1',1.5,'0','',0,0,0,0,0,NULL,0),(2481,'日本豆腐',37,211,NULL,'0','1',1.5,'0','',2,0,0,2,0,NULL,0),(2482,'嫩豆腐',37,211,NULL,'0','1',1,'0','',2,0,0,0,0,NULL,0),(2483,'盒豆腐（半盒）',37,211,NULL,'0','1',1.5,'0','',7,0,0,1,0,NULL,0),(2484,'盒豆腐（一盒）',37,211,NULL,'0','1',3,'0','',2,0,0,1,0,NULL,0),(2485,'豆皮丝',37,211,NULL,'0','1',1,'0','',0,0,0,0,0,NULL,0),(2486,'豆皮结',37,211,NULL,'0','1',1,'0','',1,0,0,0,0,NULL,0),(2487,'小油片',37,211,NULL,'0','1',1,'0','',0,0,0,0,0,NULL,0),(2488,'熏香干',37,211,NULL,'0','1',1,'0','',2,0,0,1,0,NULL,0),(2489,'云丝',37,211,NULL,'0','1',1,'0','',0,0,0,0,0,NULL,0),(2490,'油炸素鸡',37,211,NULL,'0','1',1,'0','',10,0,0,3,0,NULL,0),(2491,'玉米',37,212,NULL,'0','1',2,'0','',14,0,0,0,0,NULL,0),(2492,'油条',37,212,NULL,'0','1',1.5,'0','',11,0,0,3,0,NULL,0),(2493,'鸡蛋',37,212,NULL,'0','1',1,'0','',1,0,0,1,0,NULL,0),(2494,'荷包蛋',37,212,NULL,'0','1',2,'0','',2,0,0,0,0,NULL,0),(2495,'鹌鹑蛋',37,212,NULL,'0','1',2,'0','',4,0,0,1,0,NULL,0),(2496,'猪血',37,212,NULL,'0','1',1,'0','',1,0,0,0,0,NULL,0),(2497,'鸭血',37,212,NULL,'0','1',1,'0','',0,0,0,0,0,NULL,0),(2498,'面结',37,212,NULL,'0','1',1.5,'0','',5,0,0,2,0,NULL,0),(2499,'油炸面结',37,212,NULL,'0','1',1,'0','',3,0,0,1,0,NULL,0),(2500,'腊肠',37,212,NULL,'0','1',1.5,'0','',0,0,0,0,0,NULL,0),(2501,'油面结',37,212,NULL,'0','1',1,'0','',0,0,0,0,0,NULL,0),(2502,'里脊肉',37,213,NULL,'0','1',2,'0','',11,0,0,2,0,NULL,0),(2503,'欧洲大串',37,213,NULL,'0','1',2,'0','',0,0,0,0,0,NULL,0),(2504,'唐扬棒',37,213,NULL,'0','1',2,'0','',0,0,0,0,0,NULL,0),(2505,'骨肉相连',37,213,NULL,'0','1',2,'0','',4,0,0,1,0,NULL,0),(2506,'肺片',37,213,NULL,'0','1',1.5,'0','',0,0,0,0,0,NULL,0),(2507,'鸡鸭血',37,213,NULL,'0','1',2,'0','',0,0,0,0,0,NULL,0),(2508,'鸡翅尖',37,213,NULL,'0','1',1.5,'0','',2,0,0,0,0,NULL,0),(2509,'撒尿牛丸一个（大）',37,213,NULL,'0','1',1,'0','',1,0,0,1,0,NULL,0),(2510,'撒尿牛丸一串（小）',37,213,NULL,'0','1',2,'0','',0,0,0,0,0,NULL,0),(2511,'香菇贡丸',37,213,NULL,'0','1',2,'0','',0,0,0,0,0,NULL,0),(2512,'龙虾球',37,213,NULL,'0','1',2,'0','',0,0,0,0,0,NULL,0),(2513,'鱼丸一个（大）',37,213,NULL,'0','1',1,'0','',1,0,0,0,0,NULL,0),(2514,'鱼丸一串&#40;小）',37,213,NULL,'0','1',2,'0','',3,0,0,1,0,NULL,0),(2515,'开花肠',37,213,NULL,'0','1',1.5,'0','',0,0,0,0,0,NULL,0),(2516,'甜不辣',37,213,NULL,'0','1',1.5,'0','',5,0,0,1,0,NULL,0),(2517,'鱼豆腐',37,213,NULL,'0','1',1.5,'0','',0,0,0,0,0,NULL,0),(2518,'虾糕',37,213,NULL,'0','1',1.5,'0','',0,0,0,0,0,NULL,0),(2519,'北海翅',37,213,NULL,'0','1',2,'0','',2,0,0,2,0,NULL,0),(2520,'烧一香',37,213,NULL,'0','1',2,'0','',0,0,0,0,0,NULL,0),(2521,'玉米肠',37,213,NULL,'0','1',2,'0','',0,0,0,0,0,NULL,0),(2522,'水晶包',37,213,NULL,'0','1',1,'0','',4,0,0,0,0,NULL,0),(2523,'蒸肉饺',37,213,NULL,'0','1',2,'0','',1,0,0,0,0,NULL,0),(2524,'热狗',37,213,NULL,'0','1',1.5,'0','',7,0,0,3,0,NULL,0),(2525,'培根',37,213,NULL,'0','1',2,'0','',3,0,0,0,0,NULL,0),(2526,'烤鱼棒',37,213,NULL,'0','1',2,'0','',0,0,0,0,0,NULL,0),(2527,'年糕',37,214,NULL,'0','1',1,'0','',3,0,0,0,0,NULL,0),(2528,'米粉',37,214,NULL,'0','1',1,'0','',3,0,0,1,0,NULL,0),(2529,'宽粉',37,214,NULL,'0','1',1,'0','',2,0,0,0,0,NULL,0),(2530,'红薯粉',37,214,NULL,'0','1',1,'0','',0,0,0,0,0,NULL,0),(2531,'鸡蛋圆面',37,214,NULL,'0','1',1.5,'0','',0,0,0,0,0,NULL,0),(2532,'振华方面',37,214,NULL,'0','1',1,'0','',6,0,0,2,0,NULL,0),(2533,'新竹方块粉丝',37,214,NULL,'0','1',1,'0','',1,0,0,0,0,NULL,0),(2534,'龙口粉丝',37,214,NULL,'0','1',1,'0','',2,0,0,0,0,NULL,0),(2535,'手撕羊排',38,215,NULL,'0','1',48,'0','',0,0,0,0,0,NULL,0),(2536,'叫花排骨（一根）',38,215,NULL,'0','1',8,'0','',0,0,0,0,0,NULL,0),(2537,'重庆烧鸡公（大）',38,215,NULL,'0','1',75,'0','',0,0,0,0,0,NULL,0),(2538,'重庆烧鸡公（小）',38,215,NULL,'0','1',38,'0','',0,0,0,0,0,NULL,0),(2539,'川香大盘鸡',38,215,NULL,'0','1',38,'0','',0,0,0,0,0,NULL,0),(2540,'风情牛肉',38,215,NULL,'0','1',32,'0','',0,0,0,0,0,NULL,0),(2541,'脆椒牛柳',38,215,NULL,'0','1',35,'0','',0,0,0,0,0,NULL,0),(2542,'桑拿牛肉',38,215,NULL,'0','1',30,'0','',0,0,0,0,0,NULL,0),(2543,'脆皮大肠',38,215,NULL,'0','1',35,'0','',0,0,0,0,0,NULL,0),(2544,'香辣麻婆鱼',38,215,NULL,'0','1',35,'0','',0,0,0,0,0,NULL,0),(2545,'酸菜鱼（黑鱼）',38,215,NULL,'0','1',28,'0','',0,0,0,0,0,NULL,0),(2546,'酸菜鱼（草鱼）',38,215,NULL,'0','1',20,'0','',0,0,0,0,0,NULL,0),(2547,'水煮鱼（黑鱼）',38,215,NULL,'0','1',28,'0','',0,0,0,0,0,NULL,0),(2548,'水煮鱼（草鱼）',38,215,NULL,'0','1',20,'0','',0,0,0,0,0,NULL,0),(2549,'诸葛烤鱼（香辣）',38,215,NULL,'0','1',48,'0','',0,0,0,0,0,NULL,0),(2550,'诸葛烤鱼（豆豉）',38,215,NULL,'0','1',48,'0','',0,0,0,0,0,NULL,0),(2551,'八宝砂锅鱼头',38,215,NULL,'0','1',35,'0','',0,0,0,0,0,NULL,0),(2552,'香锅千叶豆腐',38,215,NULL,'0','1',20,'0','',0,0,0,0,0,NULL,0),(2553,'墨西哥土豆鸡块',38,215,NULL,'0','1',20,'0','',0,0,0,0,0,NULL,0),(2554,'云南土豆饼（鸟巢）',38,215,NULL,'0','1',15,'0','',0,0,0,0,0,NULL,0),(2555,'风味猪蹄',38,215,NULL,'0','1',30,'0','',0,0,0,0,0,NULL,0),(2556,'一品炖羊肉',38,215,NULL,'0','1',45,'0','',0,0,0,0,0,NULL,0),(2557,'红烧羊肉',38,215,NULL,'0','1',50,'0','',0,0,0,0,0,NULL,0),(2558,'干煸牛肉',38,215,NULL,'0','1',28,'0','',0,0,0,0,0,NULL,0),(2559,'海鲜豆腐煲',38,215,NULL,'0','1',25,'0','',0,0,0,0,0,NULL,0),(2560,'麻辣牛肚',38,216,NULL,'0','1',25,'0','',0,0,0,0,0,NULL,0),(2561,'过桥牛百叶',38,216,NULL,'0','1',20,'0','',0,0,0,0,0,NULL,0),(2562,'五香豆干',38,216,NULL,'0','1',8,'0','',0,0,0,0,0,NULL,0),(2563,'雪山西红柿',38,216,NULL,'0','1',8,'0','',0,0,0,0,0,NULL,0),(2564,'香油羊尾笋',38,216,NULL,'0','1',8,'0','',0,0,0,0,0,NULL,0),(2565,'葱油海带丝',38,216,NULL,'0','1',8,'0','',0,0,0,0,0,NULL,0),(2566,'红油口水鸡',38,216,NULL,'0','1',20,'0','',0,0,0,0,0,NULL,0),(2567,'川味三丝',38,216,NULL,'0','1',8,'0','',0,0,0,0,0,NULL,0),(2568,'爽口黄瓜',38,216,NULL,'0','1',8,'0','',0,0,0,0,0,NULL,0),(2569,'麻辣金针菇',38,216,NULL,'0','1',12,'0','',0,0,0,0,0,NULL,0),(2570,'皮蛋拌豆腐',38,216,NULL,'0','1',8,'0','',0,0,0,0,0,NULL,0),(2571,'青椒皮蛋',38,216,NULL,'0','1',10,'0','',0,0,0,0,0,NULL,0),(2572,'松花皮蛋',38,216,NULL,'0','1',8,'0','',0,0,0,0,0,NULL,0),(2573,'花生米',38,216,NULL,'0','1',8,'0','',0,0,0,0,0,NULL,0),(2574,'夫妻肺片',38,216,NULL,'0','1',22,'0','',0,0,0,0,0,NULL,0),(2575,'蒜泥白肉',38,216,NULL,'0','1',18,'0','',0,0,0,0,0,NULL,0),(2576,'红油猪耳',38,216,NULL,'0','1',22,'0','',0,0,0,0,0,NULL,0),(2577,'白斩鸡',38,216,NULL,'0','1',18,'0','',0,0,0,0,0,NULL,0),(2578,'麻辣牛肉',38,216,NULL,'0','1',25,'0','',0,0,0,0,0,NULL,0),(2579,'泡椒凤爪',38,216,NULL,'0','1',15,'0','',0,0,0,0,0,NULL,0),(2580,'麻辣猪舌',38,216,NULL,'0','1',18,'0','',0,0,0,0,0,NULL,0),(2581,'凉拌藕片',38,216,NULL,'0','1',8,'0','',0,0,0,0,0,NULL,0),(2582,'凉拌苦瓜',38,216,NULL,'0','1',8,'0','',0,0,0,0,0,NULL,0),(2583,'川北凉粉',38,216,NULL,'0','1',8,'0','',0,0,0,0,0,NULL,0),(2584,'凉拌土豆丝',38,216,NULL,'0','1',8,'0','',0,0,0,0,0,NULL,0),(2585,'五香牛肉',38,216,NULL,'0','1',25,'0','',0,0,0,0,0,NULL,0),(2586,'四物拼盘',38,216,NULL,'0','1',48,'0','',0,0,0,0,0,NULL,0),(2587,'香辣馋嘴蛙',38,217,NULL,'0','1',32,'0','',0,0,0,0,0,NULL,0),(2588,'水煮牛肉',38,217,NULL,'0','1',25,'0','',0,0,0,0,0,NULL,0),(2589,'水煮肉片',38,217,NULL,'0','1',22,'0','',0,0,0,0,0,NULL,0),(2590,'豆花鱼（黑鱼）',38,217,NULL,'0','1',28,'0','',0,0,0,0,0,NULL,0),(2591,'豆花鱼',38,217,NULL,'0','1',20,'0','',0,0,0,0,0,NULL,0),(2592,'毛血旺',38,217,NULL,'0','1',25,'0','',0,0,0,0,0,NULL,0),(2593,'水煮肥牛',38,217,NULL,'0','1',25,'0','',0,0,0,0,0,NULL,0),(2594,'水煮腰片',38,217,NULL,'0','1',28,'0','',0,0,0,0,0,NULL,0),(2595,'番茄鱼',38,217,NULL,'0','1',22,'0','',0,0,0,0,0,NULL,0),(2596,'水煮鸡柳',38,217,NULL,'0','1',20,'0','',0,0,0,0,0,NULL,0),(2597,'水煮香辣兔',38,217,NULL,'0','1',22,'0','',0,0,0,0,0,NULL,0),(2598,'泼辣鱼',38,217,NULL,'0','1',28,'0','',0,0,0,0,0,NULL,0),(2599,'沸腾鱼',38,217,NULL,'0','1',38,'0','',0,0,0,0,0,NULL,0),(2600,'水煮牛蛙',38,217,NULL,'0','1',30,'0','',0,0,0,0,0,NULL,0),(2601,'水煮肥肠',38,217,NULL,'0','1',25,'0','',0,0,0,0,0,NULL,0),(2602,'红烧肉',38,218,NULL,'0','1',25,'0','',0,0,0,0,0,NULL,0),(2603,'木须肉片',38,218,NULL,'0','1',18,'0','',0,0,0,0,0,NULL,0),(2604,'青笋肉片',38,218,NULL,'0','1',15,'0','',0,0,0,0,0,NULL,0),(2605,'锅巴肉片',38,218,NULL,'0','1',18,'0','',0,0,0,0,0,NULL,0),(2606,'梅干菜扣肉',38,218,NULL,'0','1',25,'0','',0,0,0,0,0,NULL,0),(2607,'农家小炒肉',38,218,NULL,'0','1',20,'0','',0,0,0,0,0,NULL,0),(2608,'榨菜香干炒肉丝',38,218,NULL,'0','1',15,'0','',0,0,0,0,0,NULL,0),(2609,'尖椒肉丝',38,218,NULL,'0','1',16,'0','',0,0,0,0,0,NULL,0),(2610,'京酱肉丝',38,218,NULL,'0','1',22,'0','',0,0,0,0,0,NULL,0),(2611,'金针菇肉丝',38,218,NULL,'0','1',16,'0','',0,0,0,0,0,NULL,0),(2612,'重庆川汤肉',38,218,NULL,'0','1',20,'0','',0,0,0,0,0,NULL,0),(2613,'红烧狮子头',38,218,NULL,'0','1',20,'0','',0,0,0,0,0,NULL,0),(2614,'红烧排骨',38,218,NULL,'0','1',25,'0','',0,0,0,0,0,NULL,0),(2615,'糖醋排骨',38,218,NULL,'0','1',25,'0','',0,0,0,0,0,NULL,0),(2616,'香辣猪手',38,218,NULL,'0','1',25,'0','',0,0,0,0,0,NULL,0),(2617,'红烧猪手',38,218,NULL,'0','1',25,'0','',0,0,0,0,0,NULL,0),(2618,'飘香香辣肥肠',38,218,NULL,'0','1',28,'0','',0,0,0,0,0,NULL,0),(2619,'火爆腰花',38,218,NULL,'0','1',25,'0','',0,0,0,0,0,NULL,0),(2620,'木耳炒猪肝',38,218,NULL,'0','1',12,'0','',0,0,0,0,0,NULL,0),(2621,'干红椒炒猪肝',38,218,NULL,'0','1',15,'0','',0,0,0,0,0,NULL,0),(2622,'糖醋里脊',38,218,NULL,'0','1',20,'0','',0,0,0,0,0,NULL,0),(2623,'椒盐里脊',38,218,NULL,'0','1',20,'0','',0,0,0,0,0,NULL,0),(2624,'木耳肉片',38,218,NULL,'0','1',15,'0','',0,0,0,0,0,NULL,0),(2625,'香菇炒肉片',38,218,NULL,'0','1',15,'0','',0,0,0,0,0,NULL,0),(2626,'回锅肉',38,218,NULL,'0','1',15,'0','',0,0,0,0,0,NULL,0),(2627,'川香腊肉',38,218,NULL,'0','1',18,'0','',0,0,0,0,0,NULL,0),(2628,'三鲜锅巴',38,218,NULL,'0','1',18,'0','',0,0,0,0,0,NULL,0),(2629,'青椒肉丝',38,218,NULL,'0','1',13,'0','',0,0,0,0,0,NULL,0),(2630,'鱼香肉丝',38,218,NULL,'0','1',18,'0','',0,0,0,0,0,NULL,0),(2631,'芹菜肉丝',38,218,NULL,'0','1',12,'0','',0,0,0,0,0,NULL,0),(2632,'茭白炒肉丝',38,218,NULL,'0','1',15,'0','',0,0,0,0,0,NULL,0),(2633,'肉末蒸蛋',38,218,NULL,'0','1',12,'0','',0,0,0,0,0,NULL,0),(2634,'酱烧排骨',38,218,NULL,'0','1',38,'0','',0,0,0,0,0,NULL,0),(2635,'椒盐排骨',38,218,NULL,'0','1',35,'0','',0,0,0,0,0,NULL,0),(2636,'孜然排骨',38,218,NULL,'0','1',35,'0','',0,0,0,0,0,NULL,0),(2637,'酸菜炒肥肠',38,218,NULL,'0','1',25,'0','',0,0,0,0,0,NULL,0),(2638,'红烧肥肠',38,218,NULL,'0','1',25,'0','',0,0,0,0,0,NULL,0),(2639,'泡椒肥肠',38,218,NULL,'0','1',25,'0','',0,0,0,0,0,NULL,0),(2640,'泡椒腰花',38,218,NULL,'0','1',22,'0','',0,0,0,0,0,NULL,0),(2641,'泡椒猪肝',38,218,NULL,'0','1',15,'0','',0,0,0,0,0,NULL,0),(2642,'香菇焖鸡',38,219,NULL,'0','1',20,'0','',0,0,0,0,0,NULL,0),(2643,'板栗焖鸡',38,219,NULL,'0','1',20,'0','',0,0,0,0,0,NULL,0),(2644,'西芹木耳炒鸡柳',38,219,NULL,'0','1',18,'0','',0,0,0,0,0,NULL,0),(2645,'泉水鸡',38,219,NULL,'0','1',25,'0','',0,0,0,0,0,NULL,0),(2646,'香酥鸡',38,219,NULL,'0','1',30,'0','',0,0,0,0,0,NULL,0),(2647,'糖醋鸡丁',38,219,NULL,'0','1',20,'0','',0,0,0,0,0,NULL,0),(2648,'椒盐鸡丁',38,219,NULL,'0','1',20,'0','',0,0,0,0,0,NULL,0),(2649,'泡椒鸡胗',38,219,NULL,'0','1',20,'0','',0,0,0,0,0,NULL,0),(2650,'茶树菇焖鸡',38,219,NULL,'0','1',28,'0','',0,0,0,0,0,NULL,0),(2651,'生爆童子鸡',38,219,NULL,'0','1',20,'0','',0,0,0,0,0,NULL,0),(2652,'土豆辣子鸡',38,219,NULL,'0','1',20,'0','',0,0,0,0,0,NULL,0),(2653,'辣子鸡',38,219,NULL,'0','1',20,'0','',0,0,0,0,0,NULL,0),(2654,'脆椒鸡胗',38,219,NULL,'0','1',22,'0','',0,0,0,0,0,NULL,0),(2655,'红烧鸡翅',38,219,NULL,'0','1',25,'0','',0,0,0,0,0,NULL,0),(2656,'脆椒芹菜鸡丁',38,219,NULL,'0','1',18,'0','',0,0,0,0,0,NULL,0),(2657,'宫保鸡丁',38,219,NULL,'0','1',18,'0','',0,0,0,0,0,NULL,0),(2658,'芝麻五香鸭',38,219,NULL,'0','1',25,'0','',0,0,0,0,0,NULL,0),(2659,'啤酒鸭',38,219,NULL,'0','1',18,'0','',0,0,0,0,0,NULL,0),(2660,'飘香五香鸡',38,219,NULL,'0','1',25,'0','',0,0,0,0,0,NULL,0),(2661,'香辣鸭头（三只）',38,219,NULL,'0','1',18,'0','',0,0,0,0,0,NULL,0),(2662,'椒盐鸭头（三只）',38,219,NULL,'0','u',18,'0','',0,0,0,0,0,NULL,0),(2663,'孜然羊肉',38,220,NULL,'0','1',32,'0','',0,0,0,0,0,NULL,0),(2664,'葱油牛蹄筋',38,220,NULL,'0','1',38,'0','',0,0,0,0,0,NULL,0),(2665,'葱油牛百叶',38,220,NULL,'0','1',18,'0','',0,0,0,0,0,NULL,0),(2666,'青椒洋葱炒牛肉',38,220,NULL,'0','1',28,'0','',0,0,0,0,0,NULL,0),(2667,'老干妈爆炒牛肉',38,220,NULL,'0','1',28,'0','',0,0,0,0,0,NULL,0),(2668,'花椒牛肉',38,220,NULL,'0','1',28,'0','',0,0,0,0,0,NULL,0),(2669,'孜然牛肉',38,220,NULL,'0','1',28,'0','',0,0,0,0,0,NULL,0),(2670,'红烧兔块',38,220,NULL,'0','1',25,'0','',0,0,0,0,0,NULL,0),(2671,'泡椒兔',38,220,NULL,'0','1',25,'0','',0,0,0,0,0,NULL,0),(2672,'香辣啤酒兔',38,220,NULL,'0','1',25,'0','',0,0,0,0,0,NULL,0),(2673,'红烧鱼块',38,221,NULL,'0','1',15,'0','',0,0,0,0,0,NULL,0),(2674,'糖醋鸡块',38,221,NULL,'0','1',15,'0','',0,0,0,0,0,NULL,0),(2675,'怪味麻辣鱼',38,221,NULL,'0','1',20,'0','',0,0,0,0,0,NULL,0),(2676,'剁板蒸鱼头',38,221,NULL,'0','1',28,'0','',0,0,0,0,0,NULL,0),(2677,'酥椒娃娃叫',38,221,NULL,'0','1',35,'0','',0,0,0,0,0,NULL,0),(2678,'糖醋脆皮鱼',38,221,NULL,'0','1',38,'0','',0,0,0,0,0,NULL,0),(2679,'葱烤鲫鱼',38,221,NULL,'0','1',18,'0','',0,0,0,0,0,NULL,0),(2680,'干烧鲫鱼',38,221,NULL,'0','1',18,'0','',0,0,0,0,0,NULL,0),(2681,'红烧鲫鱼',38,221,NULL,'0','1',18,'0','',0,0,0,0,0,NULL,0),(2682,'桑拿牛蛙',38,221,NULL,'0','1',30,'0','',0,0,0,0,0,NULL,0),(2683,'泡椒牛蛙（小份）',38,221,NULL,'0','1',30,'0','',0,0,0,0,0,NULL,0),(2684,'泡椒牛蛙（大份）',38,221,NULL,'0','1',48,'0','',0,0,0,0,0,NULL,0),(2685,'葱油鸦片鱼头',38,222,NULL,'0','1',20,'0','',0,0,0,0,0,NULL,0),(2686,'红烧带鱼',38,222,NULL,'0','1',22,'0','',0,0,0,0,0,NULL,0),(2687,'椒盐鱼头',38,222,NULL,'0','1',22,'0','',0,0,0,0,0,NULL,0),(2688,'糖醋带鱼',38,222,NULL,'0','1',22,'0','',0,0,0,0,0,NULL,0),(2689,'椒盐大虾',38,222,NULL,'0','1',30,'0','',0,0,0,0,0,NULL,0),(2690,'盐水大虾',38,222,NULL,'0','1',30,'0','',0,0,0,0,0,NULL,0),(2691,'香辣大虾',38,222,NULL,'0','1',30,'0','',0,0,0,0,0,NULL,0),(2692,'葱油花蛤',38,222,NULL,'0','1',12,'0','',0,0,0,0,0,NULL,0),(2693,'葱油蛏子',38,222,NULL,'0','1',20,'0','',0,0,0,0,0,NULL,0),(2694,'铁板蛏子',38,222,NULL,'0','1',20,'0','',0,0,0,0,0,NULL,0),(2695,'香辣蟹',38,222,NULL,'0','1',30,'0','',0,0,0,0,0,NULL,0),(2696,'红烧杂鱼',38,222,NULL,'0','1',35,'0','',0,0,0,0,0,NULL,0),(2697,'葱油泥螺',38,222,NULL,'0','1',30,'0','',0,0,0,0,0,NULL,0),(2698,'蒜泥青菜',38,223,NULL,'0','1',8,'0','',0,0,0,0,0,NULL,0),(2699,'香菇青菜',38,223,NULL,'0','1',8,'0','',0,0,0,0,0,NULL,0),(2700,'蒜泥菠菜',38,223,NULL,'0','1',8,'0','',0,0,0,0,0,NULL,0),(2701,'清炒青菜',38,223,NULL,'0','1',8,'0','',0,0,0,0,0,NULL,0),(2702,'酸辣大白菜',38,223,NULL,'0','1',8,'0','',0,0,0,0,0,NULL,0),(2703,'爆炒包菜',38,223,NULL,'0','1',8,'0','',0,0,0,0,0,NULL,0),(2704,'韭菜炒蛋',38,223,NULL,'0','1',8,'0','',0,0,0,0,0,NULL,0),(2705,'尖椒炒蛋',38,223,NULL,'0','1',10,'0','',0,0,0,0,0,NULL,0),(2706,'葱花虾米跑蛋',38,223,NULL,'0','1',8,'0','',0,0,0,0,0,NULL,0),(2707,'洋葱炒蛋',38,223,NULL,'0','1',8,'0','',0,0,0,0,0,NULL,0),(2708,'苦瓜炒蛋',38,223,NULL,'0','1',10,'0','',0,0,0,0,0,NULL,0),(2709,'红烧冬瓜',38,223,NULL,'0','1',8,'0','',0,0,0,0,0,NULL,0),(2710,'清炒丝瓜',38,223,NULL,'0','1',9,'0','',0,0,0,0,0,NULL,0),(2711,'干煸苦瓜',38,223,NULL,'0','1',12,'0','',0,0,0,0,0,NULL,0),(2712,'肉末茄子',38,223,NULL,'0','1',10,'0','',0,0,0,0,0,NULL,0),(2713,'鱼香茄子',38,223,NULL,'0','1',10,'0','',0,0,0,0,0,NULL,0),(2714,'黄金玉米烙',38,223,NULL,'0','1',12,'0','',0,0,0,0,0,NULL,0),(2715,'清炒玉米',38,223,NULL,'0','1',10,'0','',0,0,0,0,0,NULL,0),(2716,'青椒土豆丝',38,223,NULL,'0','1',8,'0','',0,0,0,0,0,NULL,0),(2717,'青椒豆干',38,223,NULL,'0','1',8,'0','',0,0,0,0,0,NULL,0),(2718,'干煸四季豆',38,223,NULL,'0','1',10,'0','',0,0,0,0,0,NULL,0),(2719,'血旺豆腐',38,223,NULL,'0','1',8,'0','',0,0,0,0,0,NULL,0),(2720,'麻婆豆腐',38,223,NULL,'0','1',8,'0','',0,0,0,0,0,NULL,0),(2721,'虎皮尖椒',38,223,NULL,'0','1',10,'0','',0,0,0,0,0,NULL,0),(2722,'葱油木耳',38,223,NULL,'0','1',10,'0','',0,0,0,0,0,NULL,0),(2723,'炝炒莴笋片',38,223,NULL,'0','1',8,'0','',0,0,0,0,0,NULL,0),(2724,'酸辣藕丁',38,223,NULL,'0','1',8,'0','',0,0,0,0,0,NULL,0),(2725,'红椒金针菇',38,223,NULL,'0','1',12,'0','',0,0,0,0,0,NULL,0),(2726,'蒜泥生菜',38,223,NULL,'0','1',8,'0','',0,0,0,0,0,NULL,0),(2727,'蚝油生菜',38,223,NULL,'0','1',8,'0','',0,0,0,0,0,NULL,0),(2728,'蒜泥空心菜',38,223,NULL,'0','1',8,'0','',0,0,0,0,0,NULL,0),(2729,'爆炒空心菜',38,223,NULL,'0','1',8,'0','',0,0,0,0,0,NULL,0),(2730,'上汤娃娃菜',38,223,NULL,'0','1',12,'0','',0,0,0,0,0,NULL,0),(2731,'手撕包菜',38,223,NULL,'0','1',10,'0','',0,0,0,0,0,NULL,0),(2732,'韭黄炒菜',38,223,NULL,'0','1',10,'0','',0,0,0,0,0,NULL,0),(2733,'金针菇炒蛋',38,223,NULL,'0','1',12,'0','',0,0,0,0,0,NULL,0),(2734,'葱花肉上跑蛋',38,223,NULL,'0','1',10,'0','',0,0,0,0,0,NULL,0),(2735,'青椒炒蛋',38,223,NULL,'0','1',10,'0','',0,0,0,0,0,NULL,0),(2736,'西红柿炒蛋',38,223,NULL,'0','1',8,'0','',0,0,0,0,0,NULL,0),(2737,'虾皮烩冬瓜',38,223,NULL,'0','1',10,'0','',0,0,0,0,0,NULL,0),(2738,'清炒苦瓜',38,223,NULL,'0','1',9,'0','',0,0,0,0,0,NULL,0),(2739,'咸蛋南瓜',38,223,NULL,'0','1',10,'0','',0,0,0,0,0,NULL,0),(2740,'红烧茄子',38,223,NULL,'0','1',8,'0','',0,0,0,0,0,NULL,0),(2741,'蚝油茄子',38,223,NULL,'0','1',12,'0','',0,0,0,0,0,NULL,0),(2742,'蜂窝玉米',38,223,NULL,'0','1',20,'0','',0,0,0,0,0,NULL,0),(2743,'酸辣土豆丝',38,223,NULL,'0','1',8,'0','',0,0,0,0,0,NULL,0),(2744,'麻辣土豆条',38,223,NULL,'0','1',10,'0','',0,0,0,0,0,NULL,0),(2745,'清炒四季豆',38,223,NULL,'0','1',9,'0','',0,0,0,0,0,NULL,0),(2746,'麻辣血旺',38,223,NULL,'0','1',8,'0','',0,0,0,0,0,NULL,0),(2747,'红烧豆腐',38,223,NULL,'0','1',8,'0','',0,0,0,0,0,NULL,0),(2748,'家常豆腐',38,223,NULL,'0','1',10,'0','',0,0,0,0,0,NULL,0),(2749,'青椒炒木耳',38,223,NULL,'0','1',10,'0','',0,0,0,0,0,NULL,0),(2750,'青瓜炒火腿',38,223,NULL,'0','1',12,'0','',0,0,0,0,0,NULL,0),(2751,'爆炒藕片',38,223,NULL,'0','1',8,'0','',0,0,0,0,0,NULL,0),(2752,'清炒茶树菇',38,223,NULL,'0','1',18,'0','',0,0,0,0,0,NULL,0),(2753,'葱油芋艿',38,223,NULL,'0','1',10,'0','',0,0,0,0,0,NULL,0),(2754,'干锅土豆',38,224,NULL,'0','1',15,'0','',0,0,0,0,0,NULL,0),(2755,'干锅手撕包菜',38,224,NULL,'0','1',15,'0','',0,0,0,0,0,NULL,0),(2756,'干锅鸡什',38,224,NULL,'0','1',22,'0','',0,0,0,0,0,NULL,0),(2757,'干锅千叶豆腐',38,224,NULL,'0','1',20,'0','',0,0,0,0,0,NULL,0),(2758,'干锅猪蹄',38,224,NULL,'0','1',25,'0','',0,0,0,0,0,NULL,0),(2759,'干锅香辣兔',38,224,NULL,'0','1',25,'0','',0,0,0,0,0,NULL,0),(2760,'干锅牛肉',38,224,NULL,'0','1',35,'0','',0,0,0,0,0,NULL,0),(2761,'干锅手撕鸡',38,224,NULL,'0','1',30,'0','',0,0,0,0,0,NULL,0),(2762,'羊肉锅仔',38,224,NULL,'0','1',38,'0','',0,0,0,0,0,NULL,0),(2763,'狗肉锅仔',38,224,NULL,'0','1',38,'0','',0,0,0,0,0,NULL,0),(2764,'干锅香辣鸡',38,224,NULL,'0','1',35,'0','',0,0,0,0,0,NULL,0),(2765,'干锅啤酒鸭',38,224,NULL,'0','1',35,'0','',0,0,0,0,0,NULL,0),(2766,'干锅茶树菇',38,224,NULL,'0','1',30,'0','',0,0,0,0,0,NULL,0),(2767,'金针菇肥牛锅仔',38,224,NULL,'0','1',28,'0','',0,0,0,0,0,NULL,0),(2768,'萝卜丝鲫鱼锅仔',38,224,NULL,'0','1',22,'0','',0,0,0,0,0,NULL,0),(2769,'干锅排骨',38,224,NULL,'0','1',35,'0','',0,0,0,0,0,NULL,0),(2770,'铁板牛蛙',38,225,NULL,'0','1',30,'0','',0,0,0,0,0,NULL,0),(2771,'铁板牛肉',38,225,NULL,'0','1',28,'0','',0,0,0,0,0,NULL,0),(2772,'铁板香辣鸡',38,225,NULL,'0','1',25,'0','',0,0,0,0,0,NULL,0),(2773,'铁板肥肠',38,225,NULL,'0','1',22,'0','',0,0,0,0,0,NULL,0),(2774,'铁板腰花',38,225,NULL,'0','1',20,'0','',0,0,0,0,0,NULL,0),(2775,'铁板鲫鱼',38,225,NULL,'0','1',18,'0','',0,0,0,0,0,NULL,0),(2776,'铁板茄子',38,225,NULL,'0','1',15,'0','',0,0,0,0,0,NULL,0),(2777,'铁板鱿鱼',38,225,NULL,'0','1',22,'0','',0,0,0,0,0,NULL,0),(2778,'铁板日本豆腐',38,225,NULL,'0','1',15,'0','',0,0,0,0,0,NULL,0),(2779,'铁板蛏子',38,225,NULL,'0','1',20,'0','',0,0,0,0,0,NULL,0),(2780,'芋艿排骨汤',38,225,NULL,'0','1',25,'0','',0,0,0,0,0,NULL,0),(2781,'鱼香茄子煲',38,225,NULL,'0','1',12,'0','',0,0,0,0,0,NULL,0),(2782,'血旺肥肠煲',38,225,NULL,'0','1',20,'0','',0,0,0,0,0,NULL,0),(2783,'香菇鸡煲',38,225,NULL,'0','1',32,'0','',0,0,0,0,0,NULL,0),(2784,'滋补鸡煲',38,225,NULL,'0','1',38,'0','',0,0,0,0,0,NULL,0),(2785,'肉末粉丝煲',38,225,NULL,'0','1',12,'0','',0,0,0,0,0,NULL,0),(2786,'香骨肉丸煲',38,225,NULL,'0','1',20,'0','',0,0,0,0,0,NULL,0),(2787,'一品炖羊肉',38,225,NULL,'0','1',45,'0','',0,0,0,0,0,NULL,0),(2788,'八宝砂锅鱼头',38,225,NULL,'0','1',35,'0','',0,0,0,0,0,NULL,0),(2789,'酸菜粉丝汤',38,226,NULL,'0','1',8,'0','',0,0,0,0,0,NULL,0),(2790,'猪肝汤',38,226,NULL,'0','1',10,'0','',0,0,0,0,0,NULL,0),(2791,'榨菜肉丝汤',38,226,NULL,'0','1',8,'0','',0,0,0,0,0,NULL,0),(2792,'排骨冬瓜汤',38,226,NULL,'0','1',16,'0','',0,0,0,0,0,NULL,0),(2793,'青菜豆腐汤',38,226,NULL,'0','1',6,'0','',0,0,0,0,0,NULL,0),(2794,'豆芽猪血汤',38,226,NULL,'0','1',8,'0','',0,0,0,0,0,NULL,0),(2795,'紫菜蛋花汤',38,226,NULL,'0','1',6,'0','',0,0,0,0,0,NULL,0),(2796,'香菇青菜肉片汤',38,226,NULL,'0','1',10,'0','',0,0,0,0,0,NULL,0),(2797,'三鲜汤',38,226,NULL,'0','1',10,'0','',0,0,0,0,0,NULL,0),(2798,'萝卜蹄花汤',38,226,NULL,'0','1',18,'0','',0,0,0,0,0,NULL,0),(2799,'皮蛋黄瓜汤',38,226,NULL,'0','1',8,'0','',0,0,0,0,0,NULL,0),(2800,'西湖牛肉羹',38,226,NULL,'0','1',15,'0','',0,0,0,0,0,NULL,0),(2801,'鱼头豆腐汤',38,226,NULL,'0','1',25,'0','',0,0,0,0,0,NULL,0),(2802,'酒酿丸子羹',38,226,NULL,'0','1',15,'0','',0,0,0,0,0,NULL,0),(2803,'水果羹',38,226,NULL,'0','1',10,'0','',0,0,0,0,0,NULL,0),(2804,'美味蛋花汤',38,226,NULL,'0','1',10,'0','',0,0,0,0,0,NULL,0),(2805,'蟹羹',38,226,NULL,'0','1',25,'0','',0,0,0,0,0,NULL,0),(2806,'阳春面',38,227,NULL,'0','1',8,'0','',0,0,0,0,0,NULL,0),(2807,'长寿面',38,227,NULL,'0','1',10,'0','',0,0,0,0,0,NULL,0),(2808,'牛肉面',38,227,NULL,'0','1',15,'0','',0,0,0,0,0,NULL,0),(2809,'扬州蛋炒饭',38,227,NULL,'0','1',10,'0','',0,0,0,0,0,NULL,0),(2810,'黄金小馒头',38,227,NULL,'0','1',15,'0','',0,0,0,0,0,NULL,0),(2811,'黑椒牛肉炒饭',38,227,NULL,'0','1',10,'0','',0,0,0,0,0,NULL,0),(2812,'菜泡饭',38,227,NULL,'0','1',10,'0','',0,0,0,0,0,NULL,0),(2813,'南瓜饼',38,227,NULL,'0','1',15,'0','',0,0,0,0,0,NULL,0),(2814,'生炒牛肉饭',38,227,NULL,'0','1',10,'0','',0,0,0,0,0,NULL,0),(2815,'心太软',38,227,NULL,'0','1',15,'0','',0,0,0,0,0,NULL,0),(2816,'宁波水汤圆',38,227,NULL,'0','1',15,'0','',0,0,0,0,0,NULL,0),(2817,'东北饺子',38,227,NULL,'0','1',15,'0','',0,0,0,0,0,NULL,0),(2818,'八宝油条',38,227,NULL,'0','1',20,'0','',0,0,0,0,0,NULL,0),(2819,'大梁山（一瓶）',38,228,NULL,'0','1',5,'0','',0,0,0,0,0,NULL,0),(2820,'雪花（一瓶）',38,228,NULL,'0','1',5,'0','',0,0,0,0,0,NULL,0),(2821,'劲酒（一瓶）',38,229,NULL,'0','1',12,'0','',0,0,0,0,0,NULL,0),(2822,'伊力特（一瓶）',38,229,NULL,'0','1',48,'0','',0,0,0,0,0,NULL,0),(2823,'古井（一瓶）',38,229,NULL,'0','1',48,'0','',0,0,0,0,0,NULL,0),(2824,'四特酒（一小瓶）',38,229,NULL,'0','1',38,'0','',0,0,0,0,0,NULL,0),(2825,'四特酒（一大瓶）',38,229,NULL,'0','1',48,'0','',0,0,0,0,0,NULL,0),(2826,'阿拉老酒（一瓶）',38,229,NULL,'0','1',15,'0','热',0,0,0,0,0,NULL,0),(2827,'阿拉老酒（一瓶）',38,229,NULL,'0','1',12,'0','冷',0,0,0,0,0,NULL,0),(2828,'威龙赤霞珠（一瓶）',38,230,NULL,'0','1',60,'0','',0,0,0,0,0,NULL,0),(2829,'威龙94（一瓶）',38,230,NULL,'0','1',98,'0','',0,0,0,0,0,NULL,0),(2830,'酷儿（一瓶）',38,231,NULL,'0','1',10,'0','',0,0,0,0,0,NULL,0),(2831,'果粒橙（一瓶）',38,231,NULL,'0','1',10,'0','',0,0,0,0,0,NULL,0),(2832,'蛋炒饭',5,44,NULL,'0','1',6,'0','',0,0,0,0,0,NULL,0),(2833,'牛肉面',5,44,NULL,'0','1',12,'0','',0,0,0,0,0,NULL,0),(2834,'烧鸭炒饭（小）',5,44,NULL,'0','1',9,'0','',0,0,0,0,0,NULL,0),(2835,'烧鸭炒饭（大）',5,44,NULL,'0','1',10,'0','',2,0,0,0,0,NULL,0),(2836,'烧鸭炒年糕（小）',5,44,NULL,'0','1',9,'0','',0,0,0,0,0,NULL,0),(2837,'烧鸭炒年糕（大）',5,44,NULL,'0','1',10,'0','',0,0,0,0,0,NULL,0),(2838,'烧鸭炒面（小）',5,44,NULL,'0','1',9,'0','',0,0,0,0,0,NULL,0),(2839,'烧鸭炒面（大）',5,44,NULL,'0','1',10,'0','',0,0,0,0,0,NULL,0),(2840,'烧鸭炒米线（小）',5,44,NULL,'0','1',9,'0','',0,0,0,0,0,NULL,0),(2841,'烧鸭炒米线（大）',5,44,NULL,'0','1',10,'0','',0,0,0,0,0,NULL,0),(2842,'烧鸭炒米面（小）',5,44,NULL,'0','1',9,'0','',0,0,0,0,0,NULL,0),(2843,'烧鸭炒米面（大）',5,44,NULL,'0','1',10,'0','',0,0,0,0,0,NULL,0),(2844,'爆浆鸡排',41,232,NULL,'0','1',13,'0','',0,0,0,0,0,NULL,0),(2845,'特大鸡排',41,232,NULL,'0','1',16,'0','',0,0,0,0,0,NULL,0),(2846,'大鸡排',41,232,NULL,'0','1',11,'0','',0,0,0,0,0,NULL,0),(2847,'学生鸡排',41,232,NULL,'0','1',7,'0','',0,0,0,0,0,NULL,0),(2848,'超大鸡排',41,232,NULL,'0','1',13,'0','',0,0,0,0,0,NULL,0),(2849,'大鱿鱼',41,233,NULL,'0','1',12,'0','',0,0,0,0,0,NULL,0),(2850,'笑脸薯',41,233,NULL,'0','1',5,'0','',0,0,0,0,0,NULL,0),(2851,'酥滑鸡皮',41,233,NULL,'0','1',7,'0','',0,0,0,0,0,NULL,0),(2852,'黑椒鸡块',41,233,NULL,'0','1',6,'0','',0,0,0,0,0,NULL,0),(2853,'甘梅地瓜',41,233,NULL,'0','1',5,'0','',0,0,0,0,0,NULL,0),(2854,'香酥鸡腿',41,233,NULL,'0','1',6,'0','',0,0,0,0,0,NULL,0),(2855,'香酥鸡翅',41,233,NULL,'0','1',8,'0','',0,0,0,0,0,NULL,0),(2856,'四季豆',41,233,NULL,'0','1',5,'0','',0,0,0,0,0,NULL,0),(2857,'甜不辣',41,233,NULL,'0','1',6,'0','',0,0,0,0,0,NULL,0),(2858,'基隆鱼排',41,233,NULL,'0','1',6,'0','',0,0,0,0,0,NULL,0),(2859,'大香鸡块',41,233,NULL,'0','1',12,'0','',0,0,0,0,0,NULL,0),(2860,'盐酥鸡',41,233,NULL,'0','1',7,'0','',0,0,0,0,0,NULL,0),(2861,'川香鸡柳',41,233,NULL,'0','1',5,'0','',0,0,0,0,0,NULL,0),(2862,'脆皮香蕉',41,233,NULL,'0','1',5,'0','',0,0,0,0,0,NULL,0),(2863,'黄金薯格',41,233,NULL,'0','1',5,'0','',0,0,0,0,0,NULL,0),(2864,'花枝丸',41,233,NULL,'0','1',5,'0','',0,0,0,0,0,NULL,0),(2865,'欧香奶茶',41,234,NULL,'0','1',5,'0','',0,0,0,0,0,NULL,0),(2866,'茉香奶茶',41,234,NULL,'0','1',6,'0','',0,0,0,0,0,NULL,0),(2867,'麦香可可',41,234,NULL,'0','1',6,'0','',0,0,0,0,0,NULL,0),(2868,'麦香巧克力',41,234,NULL,'0','1',6,'0','',0,0,0,0,0,NULL,0),(2869,'百香果风情',41,234,NULL,'0','1',6,'0','',0,0,0,0,0,NULL,0),(2870,'薄荷绿豆冰',41,234,NULL,'0','1',6,'0','',0,0,0,0,0,NULL,0),(2871,'五谷米浆',41,234,NULL,'0','1',7,'0','',0,0,0,0,0,NULL,0),(2872,'红豆',41,235,NULL,'0','1',2,'0','',0,0,0,0,0,NULL,0),(2873,'珍珠',41,235,NULL,'0','1',1,'0','',0,0,0,0,0,NULL,0),(2874,'土耳其烤肉饭',42,236,NULL,'0','1',10,'0','土豆丝、西红柿炒蛋、炒玉米、海白菜、烤肉、生菜',3,0,0,0,3,NULL,0),(2875,'烤肉',42,237,NULL,'0','1',5,'0','',0,0,0,0,0,NULL,0),(2876,'虾米饺',37,213,NULL,'0','1',2,'0','',1,0,0,1,0,NULL,0),(2877,'太湖燕饺',37,213,NULL,'0','1',2,'0','',2,0,0,1,0,NULL,0),(2878,'手撕羊排',39,238,NULL,'0','1',48,'0','',0,0,0,0,0,NULL,0),(2879,'叫花排骨（根）',39,238,NULL,'0','1',8,'0','',0,0,0,0,0,NULL,0),(2880,'重庆烧鸡公（大）',39,238,NULL,'0','1',75,'0','',0,0,0,0,0,NULL,0),(2881,'重庆烧鸡公（小）',39,238,NULL,'0','1',38,'0','',0,0,0,0,0,NULL,0),(2882,'川香大盘鸡',39,238,NULL,'0','1',38,'0','',0,0,0,0,0,NULL,0),(2883,'风情牛肉',39,238,NULL,'0','1',32,'0','',0,0,0,0,0,NULL,0),(2884,'脆椒牛柳',39,238,NULL,'0','1',35,'0','',0,0,0,0,0,NULL,0),(2885,'桑拿牛肉',39,238,NULL,'0','1',30,'0','',0,0,0,0,0,NULL,0),(2886,'脆皮大厂',39,238,NULL,'0','1',35,'0','',0,0,0,0,0,NULL,0),(2887,'香辣麻婆鱼',39,238,NULL,'0','1',35,'0','',0,0,0,0,0,NULL,0),(2888,'酸菜鱼（黑鱼）',39,238,NULL,'0','1',28,'0','',0,0,0,0,0,NULL,0),(2889,'酸菜鱼（草鱼）',39,238,NULL,'0','1',20,'0','',0,0,0,0,0,NULL,0),(2890,'水煮鱼（黑鱼）',39,238,NULL,'0','1',28,'0','',0,0,0,0,0,NULL,0),(2891,'水煮鱼（草鱼）',39,238,NULL,'0','1',20,'0','',0,0,0,0,0,NULL,0),(2892,'诸葛烤鱼（香辣味）',39,238,NULL,'0','1',48,'0','',0,0,0,0,0,NULL,0),(2893,'诸葛烤鱼（豆豉味）',39,238,NULL,'0','1',48,'0','',0,0,0,0,0,NULL,0),(2894,'八宝砂锅鱼头',39,238,NULL,'0','1',35,'0','',0,0,0,0,0,NULL,0),(2895,'香锅千叶豆腐',39,238,NULL,'0','1',20,'0','',0,0,0,0,0,NULL,0),(2896,'墨西哥土豆鸡块',39,238,NULL,'0','1',20,'0','',0,0,0,0,0,NULL,0),(2897,'云南土豆饼（鸟巢）',39,238,NULL,'0','1',15,'0','',0,0,0,0,0,NULL,0),(2898,'风味猪蹄',39,238,NULL,'0','1',30,'0','',0,0,0,0,0,NULL,0),(2899,'一品炖羊肉',39,238,NULL,'0','1',45,'0','',0,0,0,0,0,NULL,0),(2900,'红烧羊肉',39,238,NULL,'0','1',50,'0','',0,0,0,0,0,NULL,0),(2901,'干煸牛肉',39,238,NULL,'0','1',28,'0','',0,0,0,0,0,NULL,0),(2902,'海鲜豆腐煲',39,238,NULL,'0','1',25,'0','',0,0,0,0,0,NULL,0),(2903,'麻辣牛肚',39,239,NULL,'0','1',25,'0','',0,0,0,0,0,NULL,0),(2904,'过桥牛百叶',39,239,NULL,'0','1',20,'0','',0,0,0,0,0,NULL,0),(2905,'五香豆干',39,239,NULL,'0','1',8,'0','',0,0,0,0,0,NULL,0),(2906,'雪山西红柿',39,239,NULL,'0','1',8,'0','',0,0,0,0,0,NULL,0),(2907,'香油羊尾笋',39,239,NULL,'0','1',8,'0','',0,0,0,0,0,NULL,0),(2908,'葱油海带丝',39,239,NULL,'0','1',8,'0','',0,0,0,0,0,NULL,0),(2909,'红油口水鸡',39,239,NULL,'0','1',20,'0','',0,0,0,0,0,NULL,0),(2910,'川味三丝',39,239,NULL,'0','1',8,'0','',0,0,0,0,0,NULL,0),(2911,'爽口黄瓜',39,239,NULL,'0','1',8,'0','',0,0,0,0,0,NULL,0),(2912,'青椒皮蛋',39,239,NULL,'0','1',10,'0','',0,0,0,0,0,NULL,0),(2913,'麻油金针菇',39,239,NULL,'0','1',12,'0','',0,0,0,0,0,NULL,0),(2914,'皮蛋拌豆腐',39,239,NULL,'0','1',8,'0','',0,0,0,0,0,NULL,0),(2915,'松花皮蛋',39,239,NULL,'0','1',8,'0','',0,0,0,0,0,NULL,0),(2916,'花生米',39,239,NULL,'0','1',8,'0','',0,0,0,0,0,NULL,0),(2917,'夫妻肺片',39,239,NULL,'0','1',22,'0','',0,0,0,0,0,NULL,0),(2918,'蒜泥白肉',39,239,NULL,'0','1',18,'0','',0,0,0,0,0,NULL,0),(2919,'红油猪耳',39,239,NULL,'0','1',22,'0','',0,0,0,0,0,NULL,0),(2920,'白斩鸡',39,239,NULL,'0','1',18,'0','',0,0,0,0,0,NULL,0),(2921,'麻辣猪舌',39,239,NULL,'0','1',18,'0','',0,0,0,0,0,NULL,0),(2922,'凉拌藕片',39,239,NULL,'0','1',8,'0','',0,0,0,0,0,NULL,0),(2923,'凉拌苦瓜',39,239,NULL,'0','1',8,'0','',0,0,0,0,0,NULL,0),(2924,'川北凉粉',39,239,NULL,'0','1',8,'0','',0,0,0,0,0,NULL,0),(2925,'凉拌土豆丝',39,239,NULL,'0','1',8,'0','',0,0,0,0,0,NULL,0),(2926,'五香牛肉',39,239,NULL,'0','1',25,'0','',0,0,0,0,0,NULL,0),(2927,'四物拼盘',39,239,NULL,'0','1',48,'0','',0,0,0,0,0,NULL,0),(2928,'香辣馋嘴蛙',39,240,NULL,'0','1',32,'0','',0,0,0,0,0,NULL,0),(2929,'水煮牛肉',39,240,NULL,'0','1',25,'0','',0,0,0,0,0,NULL,0),(2930,'水煮肉片',39,240,NULL,'0','1',22,'0','',0,0,0,0,0,NULL,0),(2931,'豆花鱼（黑鱼28克）',39,240,NULL,'0','1',20,'0','',0,0,0,0,0,NULL,0),(2932,'毛血旺',39,240,NULL,'0','1',25,'0','',0,0,0,0,0,NULL,0),(2933,'水煮肥牛',39,240,NULL,'0','1',25,'0','',0,0,0,0,0,NULL,0),(2934,'水煮腰片',39,240,NULL,'0','1',28,'0','',0,0,0,0,0,NULL,0),(2935,'番茄鱼',39,240,NULL,'0','1',22,'0','',0,0,0,0,0,NULL,0),(2936,'水煮鸡柳',39,240,NULL,'0','1',20,'0','',0,0,0,0,0,NULL,0),(2937,'水煮香辣兔',39,240,NULL,'0','1',22,'0','',0,0,0,0,0,NULL,0),(2938,'泼辣鱼',39,240,NULL,'0','1',28,'0','',0,0,0,0,0,NULL,0),(2939,'沸腾鱼',39,240,NULL,'0','1',38,'0','',0,0,0,0,0,NULL,0),(2940,'水煮牛蛙',39,240,NULL,'0','1',30,'0','',0,0,0,0,0,NULL,0),(2941,'水煮肥肠',39,240,NULL,'0','1',25,'0','',0,0,0,0,0,NULL,0),(2942,'红烧肉',39,241,NULL,'0','1',25,'0','',0,0,0,0,0,NULL,0),(2943,'木须肉片',39,241,NULL,'0','1',18,'0','',0,0,0,0,0,NULL,0),(2944,'青笋肉片',39,241,NULL,'0','1',15,'0','',0,0,0,0,0,NULL,0),(2945,'锅巴肉片',39,241,NULL,'0','1',18,'0','',0,0,0,0,0,NULL,0),(2946,'梅干菜扣肉',39,241,NULL,'0','1',25,'0','',0,0,0,0,0,NULL,0),(2947,'农家小炒肉',39,241,NULL,'0','1',20,'0','',0,0,0,0,0,NULL,0),(2948,'榨菜香干炒肉丝',39,241,NULL,'0','1',15,'0','',0,0,0,0,0,NULL,0),(2949,'尖椒肉丝',39,241,NULL,'0','1',16,'0','',0,0,0,0,0,NULL,0),(2950,'京酱肉丝',39,241,NULL,'0','1',22,'0','',0,0,0,0,0,NULL,0),(2951,'金针菇肉丝',39,241,NULL,'0','1',16,'0','',0,0,0,0,0,NULL,0),(2952,'重庆川汤肉',39,241,NULL,'0','1',20,'0','',0,0,0,0,0,NULL,0),(2953,'红烧狮子头',39,241,NULL,'0','1',20,'0','',0,0,0,0,0,NULL,0),(2954,'红烧排骨',39,241,NULL,'0','1',25,'0','',0,0,0,0,0,NULL,0),(2955,'糖醋排骨',39,241,NULL,'0','1',25,'0','',0,0,0,0,0,NULL,0),(2956,'香辣猪手',39,241,NULL,'0','1',25,'0','',0,0,0,0,0,NULL,0),(2957,'红烧猪手',39,241,NULL,'0','1',25,'0','',0,0,0,0,0,NULL,0),(2958,'飘香香辣肥肠',39,241,NULL,'0','1',28,'0','',0,0,0,0,0,NULL,0),(2959,'火爆腰花',39,241,NULL,'0','1',25,'0','',0,0,0,0,0,NULL,0),(2960,'木耳炒猪肝',39,241,NULL,'0','1',12,'0','',0,0,0,0,0,NULL,0),(2961,'干红椒炒猪肝',39,241,NULL,'0','1',15,'0','',0,0,0,0,0,NULL,0),(2962,'糖醋里脊',39,241,NULL,'0','1',20,'0','',0,0,0,0,0,NULL,0),(2963,'椒盐里脊',39,241,NULL,'0','1',20,'0','',0,0,0,0,0,NULL,0),(2964,'木耳肉片',39,241,NULL,'0','1',15,'0','',0,0,0,0,0,NULL,0),(2965,'香菇炒肉片',39,241,NULL,'0','1',15,'0','',0,0,0,0,0,NULL,0),(2966,'回锅肉',39,241,NULL,'0','1',15,'0','',0,0,0,0,0,NULL,0),(2967,'川味腊肉',39,241,NULL,'0','1',18,'0','',0,0,0,0,0,NULL,0),(2968,'三鲜锅巴',39,241,NULL,'0','1',18,'0','',0,0,0,0,0,NULL,0),(2969,'青椒肉丝',39,241,NULL,'0','1',13,'0','',0,0,0,0,0,NULL,0),(2970,'鱼香肉丝',39,241,NULL,'0','1',18,'0','',0,0,0,0,0,NULL,0),(2971,'芹菜肉丝',39,241,NULL,'0','1',12,'0','',0,0,0,0,0,NULL,0),(2972,'茭白炒肉丝',39,241,NULL,'0','1',15,'0','',0,0,0,0,0,NULL,0),(2973,'肉末蒸蛋',39,241,NULL,'0','1',12,'0','',0,0,0,0,0,NULL,0),(2974,'酱烧排骨',39,241,NULL,'0','1',38,'0','',0,0,0,0,0,NULL,0),(2975,'椒盐排骨',39,241,NULL,'0','1',35,'0','',0,0,0,0,0,NULL,0),(2976,'孜然排骨',39,241,NULL,'0','1',35,'0','',0,0,0,0,0,NULL,0),(2977,'酸菜炒肥肠',39,241,NULL,'0','1',25,'0','',0,0,0,0,0,NULL,0),(2978,'红烧肥肠',39,241,NULL,'0','1',25,'0','',0,0,0,0,0,NULL,0),(2979,'泡椒肥肠',39,241,NULL,'0','1',25,'0','',0,0,0,0,0,NULL,0),(2980,'泡椒腰花',39,241,NULL,'0','1',22,'0','',0,0,0,0,0,NULL,0),(2981,'泡椒猪肝',39,241,NULL,'0','1',15,'0','',0,0,0,0,0,NULL,0),(2982,'香菇焖鸡',39,242,NULL,'0','1',20,'0','',0,0,0,0,0,NULL,0),(2983,'板栗焖鸡',39,242,NULL,'0','1',20,'0','',0,0,0,0,0,NULL,0),(2984,'西芹木耳炒鸡柳',39,242,NULL,'0','1',18,'0','',0,0,0,0,0,NULL,0),(2985,'泉水鸡',39,242,NULL,'0','1',25,'0','',0,0,0,0,0,NULL,0),(2986,'香酥鸡',39,242,NULL,'0','1',30,'0','',0,0,0,0,0,NULL,0),(2987,'糖醋鸡丁',39,242,NULL,'0','1',20,'0','',0,0,0,0,0,NULL,0),(2988,'椒盐鸡丁',39,242,NULL,'0','1',20,'0','',0,0,0,0,0,NULL,0),(2989,'泡椒鸡胗',39,242,NULL,'0','1',20,'0','',0,0,0,0,0,NULL,0),(2990,'茶树菇焖鸡',39,242,NULL,'0','1',28,'0','',0,0,0,0,0,NULL,0),(2991,'生爆童子鸡',39,242,NULL,'0','1',20,'0','',0,0,0,0,0,NULL,0),(2992,'土豆辣子鸡',39,242,NULL,'0','1',20,'0','',0,0,0,0,0,NULL,0),(2993,'土豆辣子鸡',39,242,NULL,'0','u',20,'0','',0,0,0,0,0,NULL,0),(2994,'辣子鸡',39,242,NULL,'0','1',20,'0','',0,0,0,0,0,NULL,0),(2995,'脆椒鸡胗',39,242,NULL,'0','1',22,'0','',0,0,0,0,0,NULL,0),(2996,'红烧鸡翅',39,242,NULL,'0','1',25,'0','',0,0,0,0,0,NULL,0),(2997,'碎椒芹菜鸡丁',39,242,NULL,'0','1',18,'0','',0,0,0,0,0,NULL,0),(2998,'宫保鸡丁',39,242,NULL,'0','1',18,'0','',0,0,0,0,0,NULL,0),(2999,'芝麻五香鸭',39,242,NULL,'0','1',25,'0','',0,0,0,0,0,NULL,0),(3000,'啤酒鸭',39,242,NULL,'0','1',18,'0','',0,0,0,0,0,NULL,0),(3001,'飘香五香鸭',39,242,NULL,'0','1',25,'0','',0,0,0,0,0,NULL,0),(3002,'香辣鸭头（只）',39,242,NULL,'0','1',6,'0','三只起卖',0,0,0,0,0,NULL,0),(3003,'椒盐鸭头（只）',39,242,NULL,'0','1',6,'0','三只起卖',0,0,0,0,0,NULL,0),(3004,'孜然羊肉',39,243,NULL,'0','1',32,'0','',0,0,0,0,0,NULL,0),(3005,'葱烧牛蹄筋',39,243,NULL,'0','1',38,'0','',0,0,0,0,0,NULL,0),(3006,'葱烧牛蹄筋',39,243,NULL,'0','u',38,'0','',0,0,0,0,0,NULL,0),(3007,'葱油牛百叶',39,243,NULL,'0','1',18,'0','',0,0,0,0,0,NULL,0),(3008,'青椒洋葱炒牛肉',39,243,NULL,'0','1',28,'0','',0,0,0,0,0,NULL,0),(3009,'老干妈爆炒牛肉',39,243,NULL,'0','1',28,'0','',0,0,0,0,0,NULL,0),(3010,'花椒牛肉',39,243,NULL,'0','1',28,'0','',0,0,0,0,0,NULL,0),(3011,'孜然牛肉',39,243,NULL,'0','1',28,'0','',0,0,0,0,0,NULL,0),(3012,'红烧兔块',39,243,NULL,'0','1',25,'0','',0,0,0,0,0,NULL,0),(3013,'泡椒兔',39,243,NULL,'0','1',25,'0','',0,0,0,0,0,NULL,0),(3014,'泡椒兔',39,243,NULL,'0','u',25,'0','',0,0,0,0,0,NULL,0),(3015,'香辣啤酒图',39,243,NULL,'0','1',25,'0','',0,0,0,0,0,NULL,0),(3016,'红烧鱼块',39,244,NULL,'0','1',15,'0','',0,0,0,0,0,NULL,0),(3017,'糖醋鱼块',39,244,NULL,'0','1',15,'0','',0,0,0,0,0,NULL,0),(3018,'怪味麻辣鱼',39,244,NULL,'0','1',20,'0','',0,0,0,0,0,NULL,0),(3019,'剁板蒸鱼头',39,244,NULL,'0','1',28,'0','',0,0,0,0,0,NULL,0),(3020,'酥椒娃娃叫',39,244,NULL,'0','1',35,'0','',0,0,0,0,0,NULL,0),(3021,'糖醋脆皮鱼',39,244,NULL,'0','1',38,'0','',0,0,0,0,0,NULL,0),(3022,'葱烤鲫鱼',39,244,NULL,'0','1',18,'0','',0,0,0,0,0,NULL,0),(3023,'干烧鲫鱼',39,244,NULL,'0','1',18,'0','',0,0,0,0,0,NULL,0),(3024,'红烧鲫鱼',39,244,NULL,'0','1',18,'0','',0,0,0,0,0,NULL,0),(3025,'桑拿牛蛙',39,244,NULL,'0','1',30,'0','',0,0,0,0,0,NULL,0),(3026,'桑拿牛蛙',39,244,NULL,'0','u',30,'0','',0,0,0,0,0,NULL,0),(3027,'泡椒牛蛙（小份）',39,244,NULL,'0','1',30,'0','',0,0,0,0,0,NULL,0),(3028,'泡椒牛蛙（大份）',39,244,NULL,'0','1',48,'0','',0,0,0,0,0,NULL,0),(3029,'葱油鸦片鱼头',39,245,NULL,'0','1',20,'0','',0,0,0,0,0,NULL,0),(3030,'红烧带鱼',39,245,NULL,'0','1',22,'0','',0,0,0,0,0,NULL,0),(3031,'红烧带鱼',39,245,NULL,'0','u',22,'0','',0,0,0,0,0,NULL,0),(3032,'椒盐带鱼',39,245,NULL,'0','1',22,'0','',0,0,0,0,0,NULL,0),(3033,'糖醋带鱼',39,245,NULL,'0','1',22,'0','',0,0,0,0,0,NULL,0),(3034,'椒盐大虾',39,245,NULL,'0','1',30,'0','',0,0,0,0,0,NULL,0),(3035,'盐水大虾',39,245,NULL,'0','1',30,'0','',0,0,0,0,0,NULL,0),(3036,'香辣大虾',39,245,NULL,'0','1',30,'0','',0,0,0,0,0,NULL,0),(3037,'葱油花蛤',39,245,NULL,'0','1',12,'0','',0,0,0,0,0,NULL,0),(3038,'葱油蛏子',39,245,NULL,'0','1',20,'0','',0,0,0,0,0,NULL,0),(3039,'铁板蛏子',39,245,NULL,'0','1',20,'0','',0,0,0,0,0,NULL,0),(3040,'香辣蟹',39,245,NULL,'0','1',30,'0','',0,0,0,0,0,NULL,0),(3041,'红烧杂鱼',39,245,NULL,'0','1',35,'0','',0,0,0,0,0,NULL,0),(3042,'葱油泥螺',39,245,NULL,'0','1',30,'0','',0,0,0,0,0,NULL,0),(3043,'蒜泥青菜',39,246,NULL,'0','1',8,'0','',0,0,0,0,0,NULL,0),(3044,'香菇青菜',39,246,NULL,'0','1',8,'0','',0,0,0,0,0,NULL,0),(3045,'蒜泥菠菜',39,246,NULL,'0','1',8,'0','',0,0,0,0,0,NULL,0),(3046,'蒜泥菠菜',39,246,NULL,'0','u',8,'0','',0,0,0,0,0,NULL,0),(3047,'清炒菠菜',39,246,NULL,'0','1',8,'0','',0,0,0,0,0,NULL,0),(3048,'酸辣大白菜',39,246,NULL,'0','1',8,'0','',0,0,0,0,0,NULL,0),(3049,'爆炒包菜',39,246,NULL,'0','1',8,'0','',0,0,0,0,0,NULL,0),(3050,'韭菜炒蛋',39,246,NULL,'0','1',8,'0','',0,0,0,0,0,NULL,0),(3051,'尖椒炒蛋',39,246,NULL,'0','1',10,'0','',0,0,0,0,0,NULL,0),(3052,'葱花虾米跑蛋',39,246,NULL,'0','1',8,'0','',0,0,0,0,0,NULL,0),(3053,'洋葱炒蛋',39,246,NULL,'0','1',8,'0','',0,0,0,0,0,NULL,0),(3054,'苦瓜炒蛋',39,246,NULL,'0','1',10,'0','',0,0,0,0,0,NULL,0),(3055,'红烧冬瓜',39,246,NULL,'0','1',8,'0','',0,0,0,0,0,NULL,0),(3056,'清炒丝瓜',39,246,NULL,'0','1',9,'0','',0,0,0,0,0,NULL,0),(3057,'干煸苦瓜',39,246,NULL,'0','1',12,'0','',0,0,0,0,0,NULL,0),(3058,'肉末茄子',39,246,NULL,'0','1',10,'0','',0,0,0,0,0,NULL,0),(3059,'鱼香茄子',39,246,NULL,'0','1',10,'0','',0,0,0,0,0,NULL,0),(3060,'黄金玉米烙',39,246,NULL,'0','1',12,'0','',0,0,0,0,0,NULL,0),(3061,'清炒玉米',39,246,NULL,'0','1',10,'0','',0,0,0,0,0,NULL,0),(3062,'青椒土豆丝',39,246,NULL,'0','1',8,'0','',0,0,0,0,0,NULL,0),(3063,'青椒豆干',39,246,NULL,'0','1',8,'0','',0,0,0,0,0,NULL,0),(3064,'干煸四季豆',39,246,NULL,'0','1',10,'0','',0,0,0,0,0,NULL,0),(3065,'血旺豆腐',39,246,NULL,'0','1',8,'0','',0,0,0,0,0,NULL,0),(3066,'麻婆豆腐',39,246,NULL,'0','1',8,'0','',0,0,0,0,0,NULL,0),(3067,'虎皮尖椒',39,246,NULL,'0','1',10,'0','',0,0,0,0,0,NULL,0),(3068,'葱油木耳',39,246,NULL,'0','1',10,'0','',0,0,0,0,0,NULL,0),(3069,'葱油木耳',39,246,NULL,'0','u',10,'0','',0,0,0,0,0,NULL,0),(3070,'炝炒莴笋片',39,246,NULL,'0','1',8,'0','',0,0,0,0,0,NULL,0),(3071,'酸辣藕片',39,246,NULL,'0','1',8,'0','',0,0,0,0,0,NULL,0),(3072,'红椒金针菇',39,246,NULL,'0','1',12,'0','',0,0,0,0,0,NULL,0),(3073,'蒜泥生菜',39,246,NULL,'0','1',8,'0','',0,0,0,0,0,NULL,0),(3074,'蚝油生菜',39,246,NULL,'0','1',8,'0','',0,0,0,0,0,NULL,0),(3075,'蒜泥空心菜',39,246,NULL,'0','1',8,'0','',0,0,0,0,0,NULL,0),(3076,'上汤娃娃菜',39,246,NULL,'0','1',12,'0','',0,0,0,0,0,NULL,0),(3077,'手撕包菜',39,246,NULL,'0','1',10,'0','',0,0,0,0,0,NULL,0),(3078,'韭黄炒蛋',39,246,NULL,'0','1',10,'0','',0,0,0,0,0,NULL,0),(3079,'金针菇炒蛋',39,246,NULL,'0','1',12,'0','',0,0,0,0,0,NULL,0),(3080,'葱花肉上跑蛋',39,246,NULL,'0','1',10,'0','',0,0,0,0,0,NULL,0),(3081,'青椒炒蛋',39,246,NULL,'0','1',10,'0','',0,0,0,0,0,NULL,0),(3082,'西红柿炒蛋',39,246,NULL,'0','1',8,'0','',0,0,0,0,0,NULL,0),(3083,'虾皮烩冬瓜',39,246,NULL,'0','1',10,'0','',0,0,0,0,0,NULL,0),(3084,'清炒苦瓜',39,246,NULL,'0','1',9,'0','',0,0,0,0,0,NULL,0),(3085,'咸蛋黄瓜',39,246,NULL,'0','1',10,'0','',0,0,0,0,0,NULL,0),(3086,'红烧茄子',39,246,NULL,'0','1',8,'0','',0,0,0,0,0,NULL,0),(3087,'蚝油茄子',39,246,NULL,'0','1',12,'0','',0,0,0,0,0,NULL,0),(3088,'蜂窝玉米',39,246,NULL,'0','1',20,'0','',0,0,0,0,0,NULL,0),(3089,'酸辣土豆丝',39,246,NULL,'0','1',8,'0','',0,0,0,0,0,NULL,0),(3090,'麻辣土豆条',39,246,NULL,'0','1',10,'0','',0,0,0,0,0,NULL,0),(3091,'清炒四季豆',39,246,NULL,'0','1',9,'0','',0,0,0,0,0,NULL,0),(3092,'麻辣血旺',39,246,NULL,'0','1',8,'0','',0,0,0,0,0,NULL,0),(3093,'红烧豆腐',39,246,NULL,'0','1',8,'0','',0,0,0,0,0,NULL,0),(3094,'家常豆腐',39,246,NULL,'0','1',10,'0','',0,0,0,0,0,NULL,0),(3095,'青椒炒木耳',39,246,NULL,'0','1',10,'0','',0,0,0,0,0,NULL,0),(3096,'青瓜炒火腿',39,246,NULL,'0','1',12,'0','',0,0,0,0,0,NULL,0),(3097,'青瓜炒火腿',39,246,NULL,'0','u',12,'0','',0,0,0,0,0,NULL,0),(3098,'爆炒藕片',39,246,NULL,'0','1',8,'0','',0,0,0,0,0,NULL,0),(3099,'清炒茶树菇',39,246,NULL,'0','1',18,'0','',0,0,0,0,0,NULL,0),(3100,'葱油芋艿',39,246,NULL,'0','1',10,'0','',0,0,0,0,0,NULL,0),(3101,'干锅土豆',39,247,NULL,'0','1',15,'0','',0,0,0,0,0,NULL,0),(3102,'干锅手撕包菜',39,247,NULL,'0','1',15,'0','',0,0,0,0,0,NULL,0),(3103,'干锅鸡什',39,247,NULL,'0','1',22,'0','',0,0,0,0,0,NULL,0),(3104,'干锅千叶豆腐',39,247,NULL,'0','1',20,'0','',0,0,0,0,0,NULL,0),(3105,'干锅猪蹄',39,247,NULL,'0','1',25,'0','',0,0,0,0,0,NULL,0),(3106,'干锅香辣兔',39,247,NULL,'0','1',25,'0','',0,0,0,0,0,NULL,0),(3107,'干锅牛肉',39,247,NULL,'0','1',35,'0','',0,0,0,0,0,NULL,0),(3108,'干锅手撕鸡',39,247,NULL,'0','1',30,'0','',0,0,0,0,0,NULL,0),(3109,'羊肉锅仔',39,247,NULL,'0','1',38,'0','',0,0,0,0,0,NULL,0),(3110,'狗肉锅仔',39,247,NULL,'0','1',38,'0','',0,0,0,0,0,NULL,0),(3111,'干锅香辣鸡',39,247,NULL,'0','1',35,'0','',0,0,0,0,0,NULL,0),(3112,'干锅啤酒鸭',39,247,NULL,'0','1',35,'0','',0,0,0,0,0,NULL,0),(3113,'干锅茶树菇',39,247,NULL,'0','1',30,'0','',0,0,0,0,0,NULL,0),(3114,'金针菇肥牛锅仔',39,247,NULL,'0','1',28,'0','',0,0,0,0,0,NULL,0),(3115,'萝卜丝鲫鱼锅仔',39,247,NULL,'0','1',22,'0','',0,0,0,0,0,NULL,0),(3116,'干锅排骨',39,247,NULL,'0','1',35,'0','',0,0,0,0,0,NULL,0),(3117,'铁板牛蛙',39,248,NULL,'0','1',30,'0','',0,0,0,0,0,NULL,0),(3118,'铁板牛肉',39,248,NULL,'0','1',28,'0','',0,0,0,0,0,NULL,0),(3119,'铁板香辣鸡',39,248,NULL,'0','1',25,'0','',0,0,0,0,0,NULL,0),(3120,'铁板肥肠',39,248,NULL,'0','1',22,'0','',0,0,0,0,0,NULL,0),(3121,'铁板腰花',39,248,NULL,'0','1',20,'0','',0,0,0,0,0,NULL,0),(3122,'铁板鲫鱼',39,248,NULL,'0','1',18,'0','',0,0,0,0,0,NULL,0),(3123,'铁板茄子',39,248,NULL,'0','1',15,'0','',0,0,0,0,0,NULL,0),(3124,'铁板鱿鱼',39,248,NULL,'0','1',22,'0','',0,0,0,0,0,NULL,0),(3125,'铁板日本豆腐',39,248,NULL,'0','1',15,'0','',0,0,0,0,0,NULL,0),(3126,'铁板蛏子',39,248,NULL,'0','1',20,'0','',0,0,0,0,0,NULL,0),(3127,'鱼香茄子煲',39,248,NULL,'0','1',12,'0','',0,0,0,0,0,NULL,0),(3128,'芋艿排骨煲',39,248,NULL,'0','1',25,'0','',0,0,0,0,0,NULL,0),(3129,'血旺肥肠煲',39,248,NULL,'0','1',20,'0','',0,0,0,0,0,NULL,0),(3130,'肉末粉丝煲',39,248,NULL,'0','1',12,'0','',0,0,0,0,0,NULL,0),(3131,'滋补鸡煲',39,248,NULL,'0','1',38,'0','',0,0,0,0,0,NULL,0),(3132,'香菇鸡煲',39,248,NULL,'0','1',32,'0','',0,0,0,0,0,NULL,0),(3133,'香菇肉丸煲',39,248,NULL,'0','1',20,'0','',0,0,0,0,0,NULL,0),(3134,'一品炖羊肉',39,248,NULL,'0','1',45,'0','',0,0,0,0,0,NULL,0),(3135,'八宝砂锅鱼头',39,248,NULL,'0','1',35,'0','',0,0,0,0,0,NULL,0),(3136,'酸菜粉丝汤',39,249,NULL,'0','1',8,'0','',0,0,0,0,0,NULL,0),(3137,'猪肝汤',39,249,NULL,'0','1',10,'0','',0,0,0,0,0,NULL,0),(3138,'榨菜肉丝汤',39,249,NULL,'0','1',8,'0','',0,0,0,0,0,NULL,0),(3139,'排骨冬瓜汤',39,249,NULL,'0','1',16,'0','',0,0,0,0,0,NULL,0),(3140,'蟹羹',39,249,NULL,'0','1',25,'0','',0,0,0,0,0,NULL,0),(3141,'美味蛋黄羹',39,249,NULL,'0','1',10,'0','',0,0,0,0,0,NULL,0),(3142,'水果羹',39,249,NULL,'0','1',10,'0','',0,0,0,0,0,NULL,0),(3143,'酒酿丸子羹',39,249,NULL,'0','1',12,'0','',0,0,0,0,0,NULL,0),(3144,'鱼头豆腐汤',39,249,NULL,'0','1',25,'0','',0,0,0,0,0,NULL,0),(3145,'青菜豆腐汤',39,249,NULL,'0','1',6,'0','',0,0,0,0,0,NULL,0),(3146,'豆芽猪血汤',39,249,NULL,'0','1',8,'0','',0,0,0,0,0,NULL,0),(3147,'紫菜蛋花汤',39,249,NULL,'0','1',6,'0','',0,0,0,0,0,NULL,0),(3148,'香菇青菜肉片汤',39,249,NULL,'0','1',10,'0','',0,0,0,0,0,NULL,0),(3149,'三鲜汤',39,249,NULL,'0','1',10,'0','',0,0,0,0,0,NULL,0),(3150,'萝卜蹄花汤',39,249,NULL,'0','0',18,'0','',0,0,0,0,0,NULL,0),(3151,'皮蛋黄瓜汤',39,249,NULL,'0','1',8,'0','',0,0,0,0,0,NULL,0),(3152,'西湖牛肉羹',39,249,NULL,'0','1',15,'0','',0,0,0,0,0,NULL,0),(3153,'八宝油条',39,250,NULL,'0','1',20,'0','',0,0,0,0,0,NULL,0),(3154,'东北饺子',39,250,NULL,'0','1',15,'0','',0,0,0,0,0,NULL,0),(3155,'宁波水汤圆',39,250,NULL,'0','1',15,'0','',0,0,0,0,0,NULL,0),(3156,'生炒牛肉饭',39,250,NULL,'0','1',10,'0','',0,0,0,0,0,NULL,0),(3157,'心太软',39,250,NULL,'0','1',15,'0','',0,0,0,0,0,NULL,0),(3158,'黄金小馒头',39,250,NULL,'0','1',15,'0','',0,0,0,0,0,NULL,0),(3159,'长寿面',39,250,NULL,'0','1',10,'0','',0,0,0,0,0,NULL,0),(3160,'黑脚牛肉炒饭',39,250,NULL,'0','1',10,'0','',0,0,0,0,0,NULL,0),(3161,'菜泡饭',39,250,NULL,'0','1',10,'0','',0,0,0,0,0,NULL,0),(3162,'南瓜饼',39,250,NULL,'0','1',15,'0','',0,0,0,0,0,NULL,0),(3163,'扬州蛋炒饭',39,250,NULL,'0','1',10,'0','',0,0,0,0,0,NULL,0),(3164,'牛肉面',39,250,NULL,'0','1',15,'0','',0,0,0,0,0,NULL,0),(3165,'阳春面',39,250,NULL,'0','1',8,'0','',0,0,0,0,0,NULL,0),(3166,'大梁山',39,251,NULL,'0','1',5,'0','啤酒',0,0,0,0,0,NULL,0),(3167,'雪花',39,251,NULL,'0','1',5,'0','啤酒',0,0,0,0,0,NULL,0),(3168,'劲酒',39,251,NULL,'0','1',12,'0','白酒（海之蓝、天之蓝、梦之蓝）',0,0,0,0,0,NULL,0),(3169,'伊力特',39,251,NULL,'0','1',48,'0','白酒',0,0,0,0,0,NULL,0),(3170,'阿拉老舅（常温）',39,251,NULL,'0','1',12,'0','白酒',0,0,0,0,0,NULL,0),(3171,'四特酒（大）',39,251,NULL,'0','1',48,'0','白酒',0,0,0,0,0,NULL,0),(3172,'四特酒（小）',39,251,NULL,'0','1',38,'0','白酒',0,0,0,0,0,NULL,0),(3173,'古井',39,251,NULL,'0','1',48,'0','白酒',0,0,0,0,0,NULL,0),(3174,'阿拉老酒（加热）',39,251,NULL,'0','1',15,'0','白酒',0,0,0,0,0,NULL,0),(3175,'威龙赤霞珠',39,251,NULL,'0','1',60,'0','红酒',0,0,0,0,0,NULL,0),(3176,'威龙94',39,251,NULL,'0','1',98,'0','红酒',0,0,0,0,0,NULL,0),(3177,'酷儿',39,251,NULL,'0','1',10,'0','饮料',0,0,0,0,0,NULL,0),(3178,'果粒橙',39,251,NULL,'0','1',10,'0','饮料',0,0,0,0,0,NULL,0),(3179,'冷',9,252,NULL,'0','1',0,'0','',0,0,0,0,0,NULL,0),(3180,'热',9,252,NULL,'0','1',0,'0','',0,0,0,0,0,NULL,0),(3181,'冷',13,253,NULL,'0','1',0,'0','',0,0,0,0,0,NULL,0),(3182,'热',13,253,NULL,'0','1',0,'0','',0,0,0,0,0,NULL,0),(3183,'冷',36,254,NULL,'0','1',0,'0','',0,0,0,0,0,NULL,0),(3184,'热',36,254,NULL,'0','1',0,'0','',0,0,0,0,0,NULL,0),(3185,'肉末茄子饭',24,134,NULL,'0','1',7,'0','',0,0,0,0,0,NULL,0),(3186,'青菜芋艿饭',24,134,NULL,'0','1',7,'0','',0,0,0,0,0,NULL,0),(3187,'植物四宝饭',24,134,NULL,'0','1',7,'0','',0,0,0,0,0,NULL,0),(3188,'小葱烤肉饭',24,134,NULL,'0','1',8,'0','',0,0,0,0,0,NULL,0),(3189,'杭州卤鸭饭',24,134,NULL,'0','1',10,'0','',0,0,0,0,0,NULL,0),(3190,'回锅肉饭',24,134,NULL,'0','1',10,'0','',0,0,0,0,0,NULL,0),(3191,'金牌鸡汁面',43,255,NULL,'0','1',8,'0','',2,0,0,0,2,NULL,0),(3192,'香酥鸡牌面',43,255,NULL,'0','1',8,'0','',0,0,0,0,0,NULL,0),(3193,'卤汁鸭腿面',43,255,NULL,'0','1',8,'0','',0,0,0,0,0,NULL,0),(3194,'红烧排骨面',43,255,NULL,'0','1',8,'0','',0,0,0,0,0,NULL,0),(3195,'酸菜牛肉面',43,255,NULL,'0','1',9,'0','',0,0,0,0,0,NULL,0),(3196,'山椒牛肉面',43,255,NULL,'0','1',9,'0','',0,0,0,0,0,NULL,0),(3197,'金牌牛肉面',43,255,NULL,'0','1',9,'0','',2,0,0,0,2,NULL,0),(3198,'番茄牛肉面',43,255,NULL,'0','1',9,'0','',0,0,0,0,0,NULL,0),(3199,'老坛泡菜鸭面',43,255,NULL,'0','1',8,'0','',0,0,0,0,0,NULL,0),(3200,'宜宾燃面',43,256,NULL,'0','1',8,'0','',0,0,0,0,0,NULL,0),(3201,'干拌香酥鸡',43,256,NULL,'0','1',8,'0','',0,0,0,0,0,NULL,0),(3202,'干拌鸡肉',43,256,NULL,'0','1',8,'0','',0,0,0,0,0,NULL,0),(3203,'干拌鸭腿',43,256,NULL,'0','1',8,'0','',0,0,0,0,0,NULL,0),(3204,'干拌酸菜牛肉',43,256,NULL,'0','1',9,'0','',0,0,0,0,0,NULL,0),(3205,'干拌山椒牛肉',43,256,NULL,'0','1',9,'0','',0,0,0,0,0,NULL,0),(3206,'鸡排烩饭',43,257,NULL,'0','1',12,'0','鸡排烩饭、卤蛋、饮料',0,0,0,0,0,NULL,0),(3207,'鸡肉烩饭',43,257,NULL,'0','1',12,'0','鸡肉烩饭、卤蛋、饮料',0,0,0,0,0,NULL,0),(3208,'牛肉烩饭',43,257,NULL,'0','1',12,'0','牛肉烩饭、卤蛋、饮料',0,0,0,0,0,NULL,0),(3209,'鸭腿烩饭',43,257,NULL,'0','1',12,'0','鸭腿烩饭、卤蛋、饮料',0,0,0,0,0,NULL,0),(3210,'香辣鸡肝（份）',43,258,NULL,'0','1',1,'0','',0,0,0,0,0,NULL,0),(3211,'鸡汁豆干（份）',43,258,NULL,'0','1',1,'0','',0,0,0,0,0,NULL,0),(3212,'泡椒凤爪',43,258,NULL,'0','1',1,'0','',0,0,0,0,0,NULL,0),(3213,'酸菜荷包蛋饭',24,134,NULL,'0','1',7,'0','',0,0,0,0,0,NULL,0),(3214,'老头油爆虾饭',24,134,NULL,'0','1',12,'0','',0,0,0,0,0,NULL,0),(3215,'咖喱牛肉饭',24,134,NULL,'0','1',12,'0','',0,0,0,0,0,NULL,0),(3216,'茶树菇小排饭',24,134,NULL,'0','1',12,'0','',0,0,0,0,0,NULL,0),(3217,'彩椒牛柳饭',24,134,NULL,'0','1',12,'0','',0,0,0,0,0,NULL,0);
/*!40000 ALTER TABLE `foodInfo` ENABLE KEYS */;
UNLOCK TABLES;

--
-- Table structure for table `foodTypeInEachStore`
--

DROP TABLE IF EXISTS `foodTypeInEachStore`;
/*!40101 SET @saved_cs_client     = @@character_set_client */;
/*!40101 SET character_set_client = utf8 */;
CREATE TABLE `foodTypeInEachStore` (
  `foodTypeId` int(11) NOT NULL AUTO_INCREMENT,
  `storeId` int(11) DEFAULT NULL,
  `foodTypeName` varchar(400) NOT NULL,
  `deleted` char(1) DEFAULT '0',
  `type_arrange_order` int(11) DEFAULT '0',
  PRIMARY KEY (`foodTypeId`)
) ENGINE=InnoDB AUTO_INCREMENT=259 DEFAULT CHARSET=utf8;
/*!40101 SET character_set_client = @saved_cs_client */;

--
-- Dumping data for table `foodTypeInEachStore`
--

LOCK TABLES `foodTypeInEachStore` WRITE;
/*!40000 ALTER TABLE `foodTypeInEachStore` DISABLE KEYS */;
INSERT INTO `foodTypeInEachStore` VALUES (1,1,'','1',0),(2,1,'酸辣粉','0',0),(3,1,'饮料','0',0),(4,1,'配餐','0',0),(5,2,'轰炸套餐','0',0),(6,3,'本店推荐','0',3),(7,3,'荤菜','0',2),(8,3,'素菜','0',1),(9,3,'饮料','0',0),(10,11,'套餐','0',2),(11,11,'火锅','0',1),(12,2,'单点','0',0),(13,2,'口味','1',0),(14,2,'请选择口味，未选默认为原味','0',0),(15,9,'手工芋圆','0',0),(16,9,'滑嫩仙草','0',0),(17,9,'果沫奶茶','0',0),(18,6,'特色小吃','1',0),(19,9,'果沫鲜果茶','0',0),(20,6,'特色小吃','1',0),(21,9,'醇香可可','0',0),(22,9,'果沫特调','0',0),(23,6,'营养汤面','1',0),(24,9,'特调鲜奶','0',0),(25,6,'特色小吃','1',0),(26,6,'特色小吃','0',0),(27,9,'营养养乐多','0',0),(28,9,'果沫雪酪','0',0),(29,6,'营养汤面','0',0),(30,9,'Juice爱寒天','0',0),(31,9,'原豆烘焙','0',0),(32,9,'果沫の甜品','0',0),(33,9,'加料','0',0),(34,6,'小炒','0',0),(35,6,'营养泡饭','0',0),(36,6,'美味烩饭','0',0),(37,6,'营养套餐','1',0),(38,6,'营养套餐','0',0),(39,6,'营养炖品','0',0),(40,6,'美极卤味','0',0),(41,4,'炒饭类','0',0),(42,4,'套餐类','0',0),(43,4,'西式炒面类','0',0),(44,5,'汤面','0',0),(45,4,'小吃类','0',0),(46,5,'盖浇饭','0',0),(47,5,'炒饭','0',0),(48,5,'配菜','0',0),(49,5,'饮料','0',0),(50,10,'泡泡锅系列','0',0),(51,10,'涮菜类','0',0),(52,10,'酒水类','0',0),(53,10,'水晶火锅','0',0),(54,7,'人数信息','0',0),(55,7,'锅底','0',0),(56,12,'Pizza','0',4),(57,11,'盖浇饭啊啊啊啊啊啊啊啊啊啊啊啊啊啊啊啊啊啊啊啊啊啊啊啊啊啊啊啊啊啊啊啊啊啊啊啊','0',0),(58,12,'12寸披萨挑选任意2款口味组合二合一（注意必须选两款做为组合）','0',3),(59,12,'小吃','0',2),(60,12,'披萨加料','0',1),(61,12,'饮料','0',0),(62,13,'时尚鲜饮','1',0),(63,13,'时尚鲜饮','0',12),(64,13,'时尚鲜饮','1',0),(65,13,'沙冰','0',11),(66,13,'冬夏恋情','0',10),(67,13,'鲜萃多酚','0',9),(68,13,'醇馨恋饮','0',8),(69,13,'养乐多系列','0',7),(70,13,'蜜冻甜心','0',6),(71,13,'原豆现萃','0',5),(72,13,'可可特饮','0',4),(73,13,'奶爸特饮','0',3),(74,13,'台式奶茶','0',2),(75,13,'蜜恋鲜饮','0',1),(76,13,'冻心时刻','0',0),(77,13,'本店推荐','0',13),(78,8,'套餐系列','0',0),(79,8,'盖浇饭','0',0),(80,8,'炒饭系列','0',0),(81,8,'炒面系列','0',0),(82,8,'加料区','0',0),(83,18,'特色罐中罐煨汤菜','0',0),(84,18,'卤水类','0',0),(85,18,'木炭烤鸡类','0',0),(86,18,'木炭烤鸭类','0',0),(87,18,'农嫂一品类','0',0),(88,18,'精品农家菜（单点）','0',0),(89,19,'主食','0',0),(90,19,'调料','0',0),(91,19,'佐料','0',0),(92,14,'店长推荐','0',4),(93,14,'经典小吃','0',3),(94,14,'鲜奶茶饮','0',2),(95,14,'夏日冰饮','0',1),(96,14,'甜点小吃','0',0),(97,14,'特惠套餐/饭   北区一份起送','0',5),(98,16,'特色新菜','0',11),(99,16,'凉菜系列','0',10),(100,16,'特色菜系列','0',9),(101,16,'铁板系列','0',8),(102,16,'特色水煮系列','0',7),(103,16,'干锅系列','0',6),(104,16,'水产海鲜系列','0',5),(105,16,'特色煲系列','0',4),(106,16,'特色家常菜系列','0',3),(107,17,'套餐','0',1),(108,17,'烤肉（不单卖，须先买饭再加肉）','0',0),(109,16,'汤、羹系列','0',2),(110,15,'主食','0',0),(111,16,'蔬菜系列','0',1),(112,15,'配菜','0',0),(113,16,'精选主菜','0',0),(114,21,'风味小吃','0',0),(115,21,'招牌套餐系列','0',0),(116,21,'金牌套餐系列','0',0),(117,21,'营养面','0',0),(118,21,'营养套餐','0',0),(119,21,'鸡蛋炒面炒饭系列','0',0),(120,21,'营养炖品','0',0),(121,21,'五香卤味','0',0),(122,22,'时尚奶茶系列','0',2),(123,22,'果汁、 果茶系列','0',1),(124,22,'果奶系列','0',0),(125,22,'汉堡系列','0',0),(126,22,'其他','0',0),(127,22,'冰淇淋系列','0',0),(128,22,'炸鸡系列','0',0),(129,22,'套餐系列','0',0),(130,23,'推荐','0',0),(131,23,'关东煮','0',0),(132,23,'奶茶类','0',0),(133,23,'果汁冰沙类','0',0),(134,24,'中式简餐','0',0),(135,24,'西式简餐','0',0),(136,23,'其他','0',0),(137,20,'套餐类','0',0),(138,20,'炒菜类','0',0),(139,20,'汤类','0',0),(140,3,'本店目前只接受电话订餐，给您造成不便敬请谅解。 156 5783 8356','0',4),(141,26,'家常小炒类','0',0),(142,26,'炒饭类','0',0),(143,26,'汤类','0',0),(144,26,'盖饭类','0',0),(145,26,'炒米线（面、年糕、河粉）','0',0),(146,26,'汤（面、年糕、米线、泡饭）','0',0),(147,26,'高汤砂锅（刀削面、泡面、粉）','0',0),(148,26,'配料','0',0),(149,27,'汤类','0',0),(150,27,'炒类','0',0),(151,27,'其他','0',0),(152,28,'推荐','0',0),(153,28,'汉堡类','0',0),(154,28,'小吃类','0',0),(155,28,'冷热饮品类','0',0),(156,28,'手抓饼','0',0),(157,28,'套餐类','0',0),(158,28,'中式盖浇饭类','0',0),(159,29,'盖浇饭','0',0),(160,30,'煲仔饭','0',0),(161,29,'木桶饭','0',0),(162,30,'盖浇饭','0',0),(163,29,'铁板饭','0',0),(164,29,'套餐饭','0',0),(165,29,'干锅饭','0',0),(166,29,'炒饭','0',0),(167,29,'炒面','0',0),(168,29,'炒年糕','0',0),(169,29,'汤面','0',0),(170,29,'家常小炒','0',0),(171,30,'特色炒饭','0',0),(172,30,'特色面、年糕','0',0),(173,30,'砂锅类','0',0),(174,31,'卤味','0',2),(175,31,'寿司小卷（8个/份）','0',1),(176,31,'寿司手卷（1个/份）','0',0),(177,31,'寿司·军舰类（2个','0',0),(178,31,'握寿司','0',0),(179,31,'寿司·中卷（4个','0',0),(180,31,'大卷','0',0),(181,31,'刺身（8片','0',0),(182,31,'烤物','0',0),(183,31,'主食','0',0),(184,32,'全素（6元）','0',10),(185,32,'一荤两素（7元）','0',9),(186,32,'一荤一半荤一素（8元）','0',8),(187,32,'二荤一素（10元）','0',7),(188,32,'三荤一素（15元）','0',6),(189,32,'盖浇饭','0',5),(190,32,'炒饭','0',4),(191,32,'炒面','0',3),(192,32,'拌面','0',2),(193,32,'汤面','0',1),(194,32,'年糕类','0',0),(195,35,'红烧类','0',3),(196,35,'汤类','0',2),(197,35,'甜品（夏天供应）','0',1),(198,35,'小吃','0',0),(199,36,'奶茶系列','0',0),(200,36,'蛋蜜汁系列','0',0),(201,36,'健康早饮','0',0),(202,36,'果汁系列','0',0),(203,36,'招牌牛奶冰','0',0),(204,36,'刨冰系列','0',0),(205,36,'至尊双皮奶','0',0),(206,36,'奶昔系列','0',0),(207,36,'新品奶茶','0',0),(208,36,'奶绿系列','0',0),(209,36,'健康茶饮','0',0),(210,37,'素菜类','0',2),(211,37,'豆制品类','0',1),(212,37,'其他类','0',0),(213,37,'荤、丸子类','0',0),(214,37,'主食类','0',0),(215,38,'本店特色','0',13),(216,38,'精美凉菜','0',12),(217,38,'水煮类','0',11),(218,38,'猪肉类','0',10),(219,38,'鸡鸭类','0',9),(220,38,'羊、牛、兔肉类','0',8),(221,38,'河鲜类','0',7),(222,38,'海鲜类','0',6),(223,38,'素菜类','0',5),(224,38,'干锅类','0',4),(225,38,'铁板、煲类','0',3),(226,38,'汤羹类','0',2),(227,38,'点心、主食类','0',1),(228,38,'酒水（啤酒）类','0',0),(229,38,'酒水（白酒）类','0',0),(230,38,'酒水（红酒）类','0',0),(231,38,'酒水（饮料）类','0',0),(232,41,'鸡排类','0',3),(233,41,'小吃类','0',2),(234,41,'奶茶类','0',1),(235,41,'奶茶附加','0',0),(236,42,'套餐','0',1),(237,42,'烤肉（不单卖，须先买饭再加肉）','0',0),(238,39,'本店特色','0',13),(239,39,'精美凉菜','0',12),(240,39,'水煮类','0',11),(241,39,'猪肉类','0',10),(242,39,'鸡鸭类','0',9),(243,39,'羊','0',8),(244,39,'河鲜类','0',7),(245,39,'海鲜类','0',6),(246,39,'素菜类','0',5),(247,39,'干锅类','0',4),(248,39,'铁板','0',3),(249,39,'汤羹类','0',2),(250,39,'点心/主食','0',1),(251,39,'酒水','0',0),(252,9,'鲜饮冷热','0',0),(253,13,'奶茶冷热','0',0),(254,36,'奶茶冷热','0',0),(255,43,'汤面类','0',0),(256,43,'干拌面类','0',0),(257,43,'特色烩饭','0',0),(258,43,'其他','0',0);
/*!40000 ALTER TABLE `foodTypeInEachStore` ENABLE KEYS */;
UNLOCK TABLES;

--
-- Table structure for table `multiFoodSaleInfo`
--

DROP TABLE IF EXISTS `multiFoodSaleInfo`;
/*!40101 SET @saved_cs_client     = @@character_set_client */;
/*!40101 SET character_set_client = utf8 */;
CREATE TABLE `multiFoodSaleInfo` (
  `saleId` int(11) NOT NULL,
  `foodId` int(11) NOT NULL,
  `price` double NOT NULL,
  `num` int(11) NOT NULL,
  `score` int(11) DEFAULT NULL,
  `scoreTime` datetime DEFAULT NULL,
  `score_comment` varchar(100) DEFAULT NULL,
  KEY `fk_food_id` (`foodId`),
  KEY `fk_sale_id` (`saleId`),
  CONSTRAINT `fk_sale_id` FOREIGN KEY (`saleId`) REFERENCES `eachFoodSaleInfo` (`saleId`),
  CONSTRAINT `fk_food_id` FOREIGN KEY (`foodId`) REFERENCES `foodInfo` (`foodId`)
) ENGINE=InnoDB DEFAULT CHARSET=utf8;
/*!40101 SET character_set_client = @saved_cs_client */;

--
-- Dumping data for table `multiFoodSaleInfo`
--

LOCK TABLES `multiFoodSaleInfo` WRITE;
/*!40000 ALTER TABLE `multiFoodSaleInfo` DISABLE KEYS */;
INSERT INTO `multiFoodSaleInfo` VALUES (7777,79,100,1,NULL,NULL,NULL),(7777,83,100,1,NULL,NULL,NULL),(7777,89,100,1,NULL,NULL,NULL),(7778,79,100,1,NULL,NULL,NULL),(7779,79,100,6,NULL,NULL,NULL),(7779,80,100,3,NULL,NULL,NULL),(7779,81,100,4,NULL,NULL,NULL),(7779,82,100,2,NULL,NULL,NULL),(7779,87,100,1,NULL,NULL,NULL),(7779,89,100,1,NULL,NULL,NULL),(7779,88,100,3,NULL,NULL,NULL),(7779,86,100,3,NULL,NULL,NULL),(7779,85,100,1,NULL,NULL,NULL),(7779,91,100,1,NULL,NULL,NULL),(7780,79,100,1,NULL,NULL,NULL),(7780,80,100,1,NULL,NULL,NULL),(7781,79,100,1,NULL,NULL,NULL),(7781,80,100,1,NULL,NULL,NULL),(7782,79,100,1,NULL,NULL,NULL),(7782,80,100,1,NULL,NULL,NULL),(7783,79,100,1,5,'2013-08-27 11:50:25','%E4%BA%BA%E9%97%B4%E7%BE%8E%E5%91%B3'),(7784,80,100,1,NULL,NULL,NULL),(7784,81,100,1,NULL,NULL,NULL),(7785,79,100,1,NULL,NULL,NULL),(7785,81,100,1,NULL,NULL,NULL),(7786,80,100,1,NULL,NULL,NULL),(7787,81,100,1,NULL,NULL,NULL),(7787,82,100,1,NULL,NULL,NULL),(7788,80,100,1,NULL,NULL,NULL),(7789,82,100,1,NULL,NULL,NULL),(7789,83,100,1,NULL,NULL,NULL),(7790,82,100,1,NULL,NULL,NULL),(7791,80,100,1,NULL,NULL,NULL),(7792,82,100,1,NULL,NULL,NULL),(7792,83,100,1,NULL,NULL,NULL),(7793,84,100,1,NULL,NULL,NULL),(7793,85,100,1,NULL,NULL,NULL),(7794,83,100,1,NULL,NULL,NULL),(7794,84,100,1,NULL,NULL,NULL),(7795,33,12,2,NULL,NULL,NULL),(7796,83,100,1,NULL,NULL,NULL),(7796,84,100,1,NULL,NULL,NULL),(7797,79,100,1,NULL,NULL,NULL),(7798,79,100,1,NULL,NULL,NULL),(7798,80,100,1,NULL,NULL,NULL),(7798,81,100,1,NULL,NULL,NULL),(7798,82,100,1,NULL,NULL,NULL),(7798,83,100,1,NULL,NULL,NULL),(7798,84,100,1,NULL,NULL,NULL),(7798,85,100,1,NULL,NULL,NULL),(7798,86,100,1,NULL,NULL,NULL),(7798,87,100,1,NULL,NULL,NULL),(7798,88,100,1,NULL,NULL,NULL),(7798,89,100,1,NULL,NULL,NULL),(7798,90,100,1,NULL,NULL,NULL),(7798,92,100,1,NULL,NULL,NULL),(7799,81,100,1,NULL,NULL,NULL),(7799,79,100,1,NULL,NULL,NULL),(7800,79,100,1,NULL,NULL,NULL),(7801,33,12,2,NULL,NULL,NULL),(7802,12,7,2,NULL,NULL,NULL),(7802,32,4,2,NULL,NULL,NULL),(7803,857,9,1,NULL,NULL,NULL),(7803,873,0,1,NULL,NULL,NULL),(7803,855,12,1,NULL,NULL,NULL),(7804,96,12,1,NULL,NULL,NULL),(7804,33,12,1,NULL,NULL,NULL),(7805,737,9,1,NULL,NULL,NULL),(7805,661,5,1,NULL,NULL,NULL),(7805,674,7,1,NULL,NULL,NULL),(7806,408,8,2,NULL,NULL,NULL),(7806,412,9,1,NULL,NULL,NULL),(7806,420,1.5,1,NULL,NULL,NULL),(7806,416,4,1,NULL,NULL,NULL),(7807,81,100,1,NULL,NULL,NULL),(7808,79,100,1,NULL,NULL,NULL),(7808,84,100,1,NULL,NULL,NULL),(7809,79,100,1,NULL,NULL,NULL),(7809,84,100,1,NULL,NULL,NULL),(7810,870,0,2,NULL,NULL,NULL),(7810,853,5,1,NULL,NULL,NULL),(7810,855,12,1,NULL,NULL,NULL),(7810,866,9,1,NULL,NULL,NULL),(7810,867,12,1,NULL,NULL,NULL),(7811,79,100,3,NULL,NULL,NULL),(7811,84,100,1,NULL,NULL,NULL),(7812,334,9,1,NULL,NULL,NULL),(7812,329,8,1,NULL,NULL,NULL),(7813,760,9,1,NULL,NULL,NULL),(7813,763,10,1,NULL,NULL,NULL),(7814,334,9,1,NULL,NULL,NULL),(7814,329,8,1,NULL,NULL,NULL),(7815,33,12,1,NULL,NULL,NULL),(7816,760,9,1,5,'2013-09-02 14:11:20','%E4%BA%BA%E9%97%B4%E7%BE%8E%E5%91%B3'),(7816,763,10,1,5,'2013-09-02 14:11:22','%E4%BA%BA%E9%97%B4%E7%BE%8E%E5%91%B3'),(7817,33,12,1,NULL,NULL,NULL),(7818,754,7,1,NULL,NULL,NULL),(7818,758,8,1,NULL,NULL,NULL),(7819,339,12,2,NULL,NULL,NULL),(7819,378,7,1,NULL,NULL,NULL),(7819,366,15,1,NULL,NULL,NULL),(7820,82,100,1,4,'2013-09-06 22:45:31','%E5%A5%BD%E5%90%83%EF%BC%81'),(7820,81,100,1,NULL,NULL,NULL),(7821,1470,1,4,NULL,NULL,NULL),(7821,1485,10,1,NULL,NULL,NULL),(7821,1486,12,1,NULL,NULL,NULL),(7821,1488,12,1,NULL,NULL,NULL),(7822,763,10,1,NULL,NULL,NULL),(7823,760,9,2,5,'2013-09-06 22:44:34','%E4%BA%BA%E9%97%B4%E7%BE%8E%E5%91%B3'),(7823,746,12,1,5,'2013-09-06 22:44:35','%E4%BA%BA%E9%97%B4%E7%BE%8E%E5%91%B3'),(7824,747,12,1,4,'2013-09-04 17:04:01','%E5%A5%BD%E5%90%83%EF%BC%81'),(7825,1469,10,1,4,'2013-09-04 17:03:51','%E5%A5%BD%E5%90%83%EF%BC%81'),(7826,1466,10,1,NULL,NULL,NULL),(7827,1467,12,1,NULL,NULL,NULL),(7828,794,2,1,NULL,NULL,NULL),(7828,760,9,1,NULL,NULL,NULL),(7829,1455,10,1,NULL,NULL,NULL),(7830,1458,15,1,NULL,NULL,NULL),(7831,342,12,1,NULL,NULL,NULL),(7831,348,12,1,NULL,NULL,NULL),(7832,295,12,1,NULL,NULL,NULL),(7832,315,1.5,1,NULL,NULL,NULL),(7832,301,12,1,NULL,NULL,NULL),(7832,306,12,1,NULL,NULL,NULL),(7833,555,38,1,5,'2013-09-07 11:25:02',''),(7833,630,6,1,5,'2013-09-07 11:25:08',''),(7833,631,6,1,5,'2013-09-07 11:25:05',''),(7834,924,28,1,NULL,NULL,NULL),(7835,866,9,2,NULL,NULL,NULL),(7835,875,1.5,1,NULL,NULL,NULL),(7836,1459,10,1,NULL,NULL,NULL),(7837,765,11,1,NULL,NULL,NULL),(7838,12,7,1,NULL,NULL,NULL),(7838,31,5,1,NULL,NULL,NULL),(7838,32,4,1,NULL,NULL,NULL),(7839,184,4,1,NULL,NULL,NULL),(7839,315,1.5,2,NULL,NULL,NULL),(7839,181,4,1,NULL,NULL,NULL),(7839,187,4,1,NULL,NULL,NULL),(7840,97,12,1,NULL,NULL,NULL),(7841,2153,15,1,NULL,NULL,NULL),(7841,2144,12,1,NULL,NULL,NULL),(7842,86,100,1,NULL,NULL,NULL),(7843,82,100,1,NULL,NULL,NULL),(7844,89,100,1,5,'2013-09-06 22:42:42','%C8%CB%BC%E4%C3%C0%CE%B6'),(7844,90,100,1,5,'2013-09-06 22:42:47','%C8%CB%BC%E4%C3%C0%CE%B6'),(7844,91,100,1,5,'2013-09-06 22:42:49','%C8%CB%BC%E4%C3%C0%CE%B6'),(7845,87,100,1,4,'2013-09-06 22:58:45','%E5%A5%BD%E5%90%83%EF%BC%81'),(7845,83,100,1,5,'2013-09-07 00:44:55','%E4%BA%BA%E9%97%B4%E7%BE%8E%E5%91%B3'),(7846,35,8,1,NULL,NULL,NULL),(7846,34,5,1,4,'2013-09-06 23:10:35','%BA%C3%B3%D4%A3%A1'),(7846,50,2,1,NULL,NULL,NULL),(7846,41,2,1,NULL,NULL,NULL),(7846,55,3,1,NULL,NULL,NULL),(7847,1884,9,1,NULL,NULL,NULL),(7847,1867,10,1,NULL,NULL,NULL),(7848,79,100,1,NULL,NULL,NULL),(7848,86,100,1,NULL,NULL,NULL),(7848,88,100,1,NULL,NULL,NULL),(7849,847,10,1,NULL,NULL,NULL),(7849,800,6,1,NULL,NULL,NULL),(7850,1454,12,1,NULL,NULL,NULL),(7851,1880,9,2,3,'2013-09-08 12:24:10','还过得去'),(7851,1989,8,2,4,'2013-09-08 12:24:13','好吃！'),(7852,33,12,2,NULL,NULL,NULL),(7853,1859,10,1,NULL,NULL,NULL),(7853,1857,10,1,NULL,NULL,NULL),(7854,1087,10,3,NULL,NULL,NULL),(7855,1821,9,1,NULL,NULL,NULL),(7855,1814,9,2,NULL,NULL,NULL),(7856,826,14,1,NULL,NULL,NULL),(7856,834,2,1,NULL,NULL,NULL),(7857,79,100,1,NULL,NULL,NULL),(7858,571,38,1,NULL,NULL,NULL),(7859,33,12,1,NULL,NULL,NULL),(7860,33,12,2,NULL,NULL,NULL),(7861,1087,10,4,NULL,NULL,NULL),(7862,1232,10,2,NULL,NULL,NULL),(7862,1268,11,1,NULL,NULL,NULL),(7863,1989,8,3,4,'2013-09-08 12:23:56','好吃！'),(7864,22,8,2,2,'2013-09-07 18:04:10','不喜欢'),(7865,1469,10,1,NULL,NULL,NULL),(7866,33,12,1,NULL,NULL,NULL),(7866,108,0,1,NULL,NULL,NULL),(7866,107,0,1,NULL,NULL,NULL),(7867,79,100,2,NULL,NULL,NULL),(7868,2468,1,2,NULL,NULL,NULL),(7868,2455,1,2,NULL,NULL,NULL),(7868,2479,1,5,NULL,NULL,NULL),(7868,2491,1.5,2,NULL,NULL,NULL),(7868,2499,1,1,NULL,NULL,NULL),(7868,2516,1.5,1,NULL,NULL,NULL),(7868,2502,2,2,NULL,NULL,NULL),(7868,2495,2,1,NULL,NULL,NULL),(7868,2527,1,1,NULL,NULL,NULL),(7868,2528,1,1,NULL,NULL,NULL),(7868,2467,1,1,NULL,NULL,NULL),(7868,2524,1.5,2,NULL,NULL,NULL),(7868,2471,1,2,NULL,NULL,NULL),(7868,2474,1,1,NULL,NULL,NULL),(7868,2458,1,1,NULL,NULL,NULL),(7868,2522,1,3,NULL,NULL,NULL),(7868,2514,2,1,NULL,NULL,NULL),(7869,84,100,1,NULL,NULL,NULL),(7869,83,100,1,NULL,NULL,NULL),(7870,1087,10,5,NULL,NULL,NULL),(7871,1455,10,1,NULL,NULL,NULL),(7872,2174,7,1,4,'2013-09-08 13:13:02','好吃！'),(7873,2092,11,1,NULL,NULL,NULL),(7873,2118,11,1,NULL,NULL,NULL),(7873,2070,4,1,NULL,NULL,NULL),(7873,2150,12,1,NULL,NULL,NULL),(7873,2151,12,1,NULL,NULL,NULL),(7874,763,10,1,NULL,NULL,NULL),(7875,2176,7,1,NULL,NULL,NULL),(7876,2455,1,2,NULL,NULL,NULL),(7876,2468,1,1,NULL,NULL,NULL),(7876,2491,1.5,2,NULL,NULL,NULL),(7876,2502,2,1,NULL,NULL,NULL),(7876,2524,1.5,1,NULL,NULL,NULL),(7876,2527,1,1,NULL,NULL,NULL),(7876,2479,1,2,NULL,NULL,NULL),(7876,2455,1,1,NULL,NULL,NULL),(7876,2468,1,1,NULL,NULL,NULL),(7876,2471,1,1,NULL,NULL,NULL),(7876,2478,1,1,NULL,NULL,NULL),(7876,2479,1,2,NULL,NULL,NULL),(7876,2491,1.5,2,NULL,NULL,NULL),(7876,2495,2,1,NULL,NULL,NULL),(7876,2516,1.5,1,NULL,NULL,NULL),(7876,2522,1,1,NULL,NULL,NULL),(7876,2528,1,1,NULL,NULL,NULL),(7877,573,45,1,NULL,NULL,NULL),(7877,560,28,1,NULL,NULL,NULL),(7878,2178,7,1,NULL,NULL,NULL),(7879,1855,10,1,NULL,NULL,NULL),(7879,1944,8,1,NULL,NULL,NULL),(7880,1466,10,1,NULL,NULL,NULL),(7881,750,13,4,NULL,NULL,NULL),(7881,764,11,1,NULL,NULL,NULL),(7882,22,8,1,NULL,NULL,NULL),(7882,15,9,1,NULL,NULL,NULL),(7883,2165,7,1,NULL,NULL,NULL),(7884,33,12,1,NULL,NULL,NULL),(7885,84,100,1,NULL,NULL,NULL),(7885,83,100,1,NULL,NULL,NULL),(7886,760,9,1,NULL,NULL,NULL),(7886,790,1.5,1,NULL,NULL,NULL),(7887,1716,20,1,NULL,NULL,NULL),(7887,1720,7,1,NULL,NULL,NULL),(7887,1739,5,1,NULL,NULL,NULL),(7888,108,0,2,NULL,NULL,NULL),(7888,33,12,2,NULL,NULL,NULL),(7889,33,12,1,NULL,NULL,NULL),(7889,97,12,1,NULL,NULL,NULL),(7889,109,0,2,NULL,NULL,NULL),(7890,342,12,1,NULL,NULL,NULL),(7890,346,12,1,NULL,NULL,NULL),(7890,347,12,3,NULL,NULL,NULL),(7891,1461,10,3,NULL,NULL,NULL),(7892,1448,12,1,NULL,NULL,NULL),(7893,98,12,1,NULL,NULL,NULL),(7893,108,0,1,NULL,NULL,NULL),(7894,337,10,2,NULL,NULL,NULL),(7894,384,5,1,NULL,NULL,NULL),(7895,2471,1,1,NULL,NULL,NULL),(7895,2468,1,2,NULL,NULL,NULL),(7895,2490,1,2,NULL,NULL,NULL),(7895,2482,1,1,NULL,NULL,NULL),(7895,2479,1,1,NULL,NULL,NULL),(7895,2491,1.5,1,NULL,NULL,NULL),(7895,2455,1,1,NULL,NULL,NULL),(7895,2455,1,2,NULL,NULL,NULL),(7895,2468,1,1,NULL,NULL,NULL),(7895,2479,1,4,NULL,NULL,NULL),(7895,2491,1.5,2,NULL,NULL,NULL),(7895,2527,1,1,NULL,NULL,NULL),(7896,1452,12,1,NULL,NULL,NULL),(7897,1366,7,3,NULL,NULL,NULL),(7898,760,9,1,NULL,NULL,NULL),(7898,765,11,1,NULL,NULL,NULL),(7899,1757,6,1,NULL,NULL,NULL),(7899,1734,9,1,NULL,NULL,NULL),(7900,2471,1,1,NULL,NULL,NULL),(7900,2466,1,1,NULL,NULL,NULL),(7900,2458,1,1,NULL,NULL,NULL),(7900,2462,1,1,NULL,NULL,NULL),(7900,2478,1,1,NULL,NULL,NULL),(7900,2483,1.5,1,NULL,NULL,NULL),(7900,2490,1,1,NULL,NULL,NULL),(7900,2492,1.5,1,NULL,NULL,NULL),(7900,2502,2,1,NULL,NULL,NULL),(7900,2532,1,1,NULL,NULL,NULL),(7900,2498,1,1,NULL,NULL,NULL),(7900,2455,1,1,NULL,NULL,NULL),(7900,2470,1,1,NULL,NULL,NULL),(7900,2483,1.5,1,NULL,NULL,NULL),(7900,2491,1.5,1,NULL,NULL,NULL),(7900,2492,1.5,1,NULL,NULL,NULL),(7900,2502,2,1,NULL,NULL,NULL),(7900,2525,2,1,NULL,NULL,NULL),(7900,2532,1,1,NULL,NULL,NULL),(7901,86,100,1,NULL,NULL,NULL),(7902,1469,10,1,NULL,NULL,NULL),(7903,33,12,1,NULL,NULL,NULL),(7903,108,0,1,NULL,NULL,NULL),(7904,740,10,1,NULL,NULL,NULL),(7904,769,7,1,NULL,NULL,NULL),(7905,349,12,1,NULL,NULL,NULL),(7905,345,12,1,NULL,NULL,NULL),(7906,2455,1,1,NULL,NULL,NULL),(7906,2479,1,1,NULL,NULL,NULL),(7906,2486,1,1,NULL,NULL,NULL),(7906,2498,1,1,NULL,NULL,NULL),(7906,2494,2,1,NULL,NULL,NULL),(7906,2492,1.5,1,NULL,NULL,NULL),(7906,2502,2,1,NULL,NULL,NULL),(7906,2523,2,1,NULL,NULL,NULL),(7906,2525,2,1,NULL,NULL,NULL),(7906,2505,2,1,NULL,NULL,NULL),(7906,2533,1,1,NULL,NULL,NULL),(7906,2508,1.5,1,NULL,NULL,NULL),(7906,2514,2,1,NULL,NULL,NULL),(7907,1828,10,1,NULL,NULL,NULL),(7907,1837,10,1,NULL,NULL,NULL),(7907,1935,8,1,NULL,NULL,NULL),(7907,1919,8,1,NULL,NULL,NULL),(7908,33,12,1,NULL,NULL,NULL),(7909,33,12,1,NULL,NULL,NULL),(7910,763,10,1,NULL,NULL,NULL),(7911,33,12,1,NULL,NULL,NULL),(7912,1944,8,2,NULL,NULL,NULL),(7913,752,14,1,NULL,NULL,NULL),(7914,33,12,1,NULL,NULL,NULL),(7915,1466,10,1,NULL,NULL,NULL),(7916,347,12,2,NULL,NULL,NULL),(7917,1857,10,2,NULL,NULL,NULL),(7917,1856,10,1,NULL,NULL,NULL),(7918,2492,1.5,1,NULL,NULL,NULL),(7918,2491,2,1,NULL,NULL,NULL),(7918,2471,1,1,NULL,NULL,NULL),(7918,2488,1,1,NULL,NULL,NULL),(7918,2484,3,1,NULL,NULL,NULL),(7918,2498,1.5,1,NULL,NULL,NULL),(7918,2496,1,1,NULL,NULL,NULL),(7918,2513,1,1,NULL,NULL,NULL),(7918,2524,1.5,1,NULL,NULL,NULL),(7918,2455,1,1,NULL,NULL,NULL),(7918,2468,1,1,NULL,NULL,NULL),(7918,2470,2,1,NULL,NULL,NULL),(7918,2462,1,1,NULL,NULL,NULL),(7918,2483,1.5,1,NULL,NULL,NULL),(7918,2499,1,1,NULL,NULL,NULL),(7918,2494,2,1,NULL,NULL,NULL),(7918,2502,2,1,NULL,NULL,NULL),(7918,2534,1,1,NULL,NULL,NULL),(7919,2835,10,1,NULL,NULL,NULL),(7919,372,9,1,NULL,NULL,NULL),(7919,355,9,1,NULL,NULL,NULL),(7920,97,12,1,NULL,NULL,NULL),(7920,33,12,1,NULL,NULL,NULL),(7920,109,0,2,NULL,NULL,NULL),(7921,747,12,1,NULL,NULL,NULL),(7922,33,12,3,NULL,NULL,NULL),(7922,111,2,1,NULL,NULL,NULL),(7923,1857,10,1,NULL,NULL,NULL),(7924,2455,1,2,NULL,NULL,NULL),(7924,2468,1,2,NULL,NULL,NULL),(7924,2479,1,2,NULL,NULL,NULL),(7924,2491,2,1,NULL,NULL,NULL),(7924,2492,1.5,1,NULL,NULL,NULL),(7924,2505,2,1,NULL,NULL,NULL),(7924,2529,1,1,NULL,NULL,NULL),(7924,2468,1,2,NULL,NULL,NULL),(7924,2473,1,1,NULL,NULL,NULL),(7924,2479,1,1,NULL,NULL,NULL),(7924,2482,1,1,NULL,NULL,NULL),(7924,2490,1,2,NULL,NULL,NULL),(7924,2492,1.5,1,NULL,NULL,NULL),(7924,2516,1.5,1,NULL,NULL,NULL),(7924,2529,1,1,NULL,NULL,NULL),(7924,2472,1,1,NULL,NULL,NULL),(7924,2473,1,1,NULL,NULL,NULL),(7924,2479,1,1,NULL,NULL,NULL),(7924,2490,1,1,NULL,NULL,NULL),(7924,2491,2,1,NULL,NULL,NULL),(7924,2516,1.5,1,NULL,NULL,NULL),(7924,2877,2,1,NULL,NULL,NULL),(7924,2505,2,1,NULL,NULL,NULL),(7925,355,9,1,NULL,NULL,NULL),(7925,372,9,1,NULL,NULL,NULL),(7925,2835,10,1,NULL,NULL,NULL),(7926,33,12,2,NULL,NULL,NULL),(7927,33,12,2,NULL,NULL,NULL),(7928,799,10,1,NULL,NULL,NULL),(7929,2390,3,1,NULL,NULL,NULL),(7929,2367,4,1,NULL,NULL,NULL),(7929,2364,4,1,NULL,NULL,NULL),(7930,2470,2,1,NULL,NULL,NULL),(7930,2466,1,1,NULL,NULL,NULL),(7930,2456,1,1,NULL,NULL,NULL),(7930,2458,1,1,NULL,NULL,NULL),(7930,2462,1,1,NULL,NULL,NULL),(7930,2478,1,1,NULL,NULL,NULL),(7930,2483,1.5,1,NULL,NULL,NULL),(7930,2490,1,1,NULL,NULL,NULL),(7930,2492,1.5,1,NULL,NULL,NULL),(7930,2502,2,1,NULL,NULL,NULL),(7930,2508,1.5,1,NULL,NULL,NULL),(7930,2532,1,1,NULL,NULL,NULL),(7930,2468,1,1,NULL,NULL,NULL),(7930,2483,1.5,1,NULL,NULL,NULL),(7930,2495,2,1,NULL,NULL,NULL),(7930,2534,1,1,NULL,NULL,NULL),(7930,2492,1.5,1,NULL,NULL,NULL),(7930,2462,1,1,NULL,NULL,NULL),(7930,2467,1,1,NULL,NULL,NULL),(7930,2465,1,1,NULL,NULL,NULL),(7930,2483,1.5,1,NULL,NULL,NULL),(7930,2491,2,1,NULL,NULL,NULL),(7930,2502,2,1,NULL,NULL,NULL),(7930,2532,1,1,NULL,NULL,NULL),(7930,2525,2,1,NULL,NULL,NULL),(7931,1857,10,1,NULL,NULL,NULL),(7931,1944,8,1,NULL,NULL,NULL),(7932,1857,10,2,NULL,NULL,NULL),(7932,1856,10,1,NULL,NULL,NULL),(7933,1856,10,1,NULL,NULL,NULL),(7934,347,12,2,NULL,NULL,NULL),(7935,97,12,1,NULL,NULL,NULL),(7935,33,12,1,NULL,NULL,NULL),(7936,339,12,1,NULL,NULL,NULL),(7936,337,10,3,NULL,NULL,NULL),(7936,330,9,1,NULL,NULL,NULL),(7936,385,9,1,NULL,NULL,NULL),(7937,33,12,5,NULL,NULL,NULL),(7938,778,10,2,NULL,NULL,NULL),(7939,33,12,1,NULL,NULL,NULL),(7940,33,12,4,NULL,NULL,NULL),(7940,96,12,1,NULL,NULL,NULL),(7941,33,12,2,NULL,NULL,NULL),(7941,97,12,1,NULL,NULL,NULL),(7941,108,0,2,NULL,NULL,NULL),(7941,107,0,1,NULL,NULL,NULL),(7942,766,6,1,NULL,NULL,NULL),(7942,797,5,1,NULL,NULL,NULL),(7943,1622,10,1,NULL,NULL,NULL),(7944,112,11,1,NULL,NULL,NULL),(7944,122,11,1,NULL,NULL,NULL),(7944,124,4,1,NULL,NULL,NULL),(7944,129,5,1,NULL,NULL,NULL),(7945,2455,1,1,NULL,NULL,NULL),(7945,2468,1,1,NULL,NULL,NULL),(7945,2471,1,1,NULL,NULL,NULL),(7945,2473,1,2,NULL,NULL,NULL),(7945,2479,1,1,NULL,NULL,NULL),(7945,2490,1,2,NULL,NULL,NULL),(7945,2481,1.5,1,NULL,NULL,NULL),(7945,2492,1.5,1,NULL,NULL,NULL),(7945,2505,2,1,NULL,NULL,NULL),(7945,2514,2,1,NULL,NULL,NULL),(7945,2524,1.5,1,NULL,NULL,NULL),(7945,2495,2,1,NULL,NULL,NULL),(7945,2516,1.5,1,NULL,NULL,NULL),(7946,347,12,1,NULL,NULL,NULL),(7947,2471,1,1,NULL,NULL,NULL),(7947,2458,1,1,NULL,NULL,NULL),(7947,2488,1,1,NULL,NULL,NULL),(7947,2484,3,1,NULL,NULL,NULL),(7947,2498,1.5,1,NULL,NULL,NULL),(7947,2492,1.5,1,NULL,NULL,NULL),(7947,2524,1.5,1,NULL,NULL,NULL),(7947,2509,1,1,NULL,NULL,NULL),(7947,2476,1,1,NULL,NULL,NULL),(7947,2470,2,1,NULL,NULL,NULL),(7947,2458,1,1,NULL,NULL,NULL),(7947,2466,1,1,NULL,NULL,NULL),(7947,2462,1,1,NULL,NULL,NULL),(7947,2478,1,1,NULL,NULL,NULL),(7947,2483,1.5,1,NULL,NULL,NULL),(7947,2490,1,1,NULL,NULL,NULL),(7947,2498,1.5,1,NULL,NULL,NULL),(7947,2493,1,1,NULL,NULL,NULL),(7947,2492,1.5,1,NULL,NULL,NULL),(7947,2502,2,1,NULL,NULL,NULL),(7947,2877,2,1,NULL,NULL,NULL),(7947,2532,1,1,NULL,NULL,NULL),(7948,2161,7,1,NULL,NULL,NULL),(7949,825,10,2,NULL,NULL,NULL),(7950,1857,10,1,NULL,NULL,NULL),(7951,577,38,1,NULL,NULL,NULL),(7951,580,35,1,NULL,NULL,NULL),(7952,367,15,1,NULL,NULL,NULL),(7952,341,12,1,NULL,NULL,NULL),(7953,33,12,2,NULL,NULL,NULL),(7954,1857,10,1,NULL,NULL,NULL),(7955,33,12,1,NULL,NULL,NULL),(7956,2519,2,2,NULL,NULL,NULL),(7956,2524,1.5,1,NULL,NULL,NULL),(7956,2876,2,1,NULL,NULL,NULL),(7956,2528,1,1,NULL,NULL,NULL),(7956,2479,1,1,NULL,NULL,NULL),(7956,2455,1,1,NULL,NULL,NULL),(7956,2467,1,1,NULL,NULL,NULL),(7956,2455,1,2,NULL,NULL,NULL),(7956,2532,1,1,NULL,NULL,NULL),(7956,2481,1.5,1,NULL,NULL,NULL),(7956,2499,1,1,NULL,NULL,NULL),(7956,2502,2,1,NULL,NULL,NULL),(7956,2471,1,1,NULL,NULL,NULL),(7956,2456,1,1,NULL,NULL,NULL),(7957,33,12,1,NULL,NULL,NULL),(7958,3191,8,2,NULL,NULL,NULL),(7958,3197,9,2,NULL,NULL,NULL),(7959,1550,8,1,NULL,NULL,NULL),(7959,1549,9,1,NULL,NULL,NULL),(7959,1536,7,1,NULL,NULL,NULL),(7959,1592,10,1,NULL,NULL,NULL),(7960,12,7,1,NULL,NULL,NULL),(7960,22,8,1,NULL,NULL,NULL),(7961,345,12,1,NULL,NULL,NULL),(7961,347,12,1,NULL,NULL,NULL),(7962,1087,10,3,NULL,NULL,NULL),(7963,33,12,2,NULL,NULL,NULL),(7963,108,0,1,NULL,NULL,NULL),(7963,109,0,1,NULL,NULL,NULL),(7964,2153,15,2,NULL,NULL,NULL),(7964,2151,12,1,NULL,NULL,NULL),(7964,2144,12,1,NULL,NULL,NULL),(7964,2157,12,1,NULL,NULL,NULL),(7965,572,28,1,NULL,NULL,NULL),(7966,2874,10,3,NULL,NULL,NULL),(7967,1856,10,1,NULL,NULL,NULL),(7968,1952,8,1,NULL,NULL,NULL),(7968,1860,10,1,NULL,NULL,NULL),(7969,33,12,1,NULL,NULL,NULL),(7969,109,0,1,NULL,NULL,NULL),(7970,33,12,1,NULL,NULL,NULL),(7971,799,10,1,4,'2013-09-12 12:45:17','好吃！'),(7972,98,12,1,NULL,NULL,NULL),(7973,2264,8,1,NULL,NULL,NULL),(7973,2265,8,1,NULL,NULL,NULL),(7973,2180,7,1,NULL,NULL,NULL),(7974,1857,10,2,NULL,NULL,NULL),(7975,1463,10,2,NULL,NULL,NULL);
/*!40000 ALTER TABLE `multiFoodSaleInfo` ENABLE KEYS */;
UNLOCK TABLES;

--
-- Table structure for table `quick_find`
--

DROP TABLE IF EXISTS `quick_find`;
/*!40101 SET @saved_cs_client     = @@character_set_client */;
/*!40101 SET character_set_client = utf8 */;
CREATE TABLE `quick_find` (
  `random_left` int(11) DEFAULT '10',
  `tomorrow_time` datetime DEFAULT NULL,
  `next_month_time` datetime DEFAULT NULL
) ENGINE=InnoDB DEFAULT CHARSET=utf8;
/*!40101 SET character_set_client = @saved_cs_client */;

--
-- Dumping data for table `quick_find`
--

LOCK TABLES `quick_find` WRITE;
/*!40000 ALTER TABLE `quick_find` DISABLE KEYS */;
INSERT INTO `quick_find` VALUES (10,'2013-09-13 00:00:00','2013-10-01 00:00:00');
/*!40000 ALTER TABLE `quick_find` ENABLE KEYS */;
UNLOCK TABLES;

--
-- Table structure for table `quick_find_cheat_food`
--

DROP TABLE IF EXISTS `quick_find_cheat_food`;
/*!40101 SET @saved_cs_client     = @@character_set_client */;
/*!40101 SET character_set_client = utf8 */;
CREATE TABLE `quick_find_cheat_food` (
  `foodId` int(11) NOT NULL,
  KEY `fk_cheat_food_id` (`foodId`),
  CONSTRAINT `fk_cheat_food_id` FOREIGN KEY (`foodId`) REFERENCES `foodInfo` (`foodId`)
) ENGINE=InnoDB DEFAULT CHARSET=utf8;
/*!40101 SET character_set_client = @saved_cs_client */;

--
-- Dumping data for table `quick_find_cheat_food`
--

LOCK TABLES `quick_find_cheat_food` WRITE;
/*!40000 ALTER TABLE `quick_find_cheat_food` DISABLE KEYS */;
/*!40000 ALTER TABLE `quick_find_cheat_food` ENABLE KEYS */;
UNLOCK TABLES;

--
-- Table structure for table `schoolInfo`
--

DROP TABLE IF EXISTS `schoolInfo`;
/*!40101 SET @saved_cs_client     = @@character_set_client */;
/*!40101 SET character_set_client = utf8 */;
CREATE TABLE `schoolInfo` (
  `schoolId` int(11) NOT NULL AUTO_INCREMENT,
  `schoolShortName` varchar(20) NOT NULL,
  `schoolFullName` varchar(40) NOT NULL,
  `region` varchar(20) DEFAULT NULL,
  `imgLoc` varchar(50) NOT NULL,
  PRIMARY KEY (`schoolId`)
) ENGINE=InnoDB AUTO_INCREMENT=10 DEFAULT CHARSET=utf8;
/*!40101 SET character_set_client = @saved_cs_client */;

--
-- Dumping data for table `schoolInfo`
--

LOCK TABLES `schoolInfo` WRITE;
/*!40000 ALTER TABLE `schoolInfo` DISABLE KEYS */;
INSERT INTO `schoolInfo` VALUES (7,'ndbny',' 宁波大学（本部、南门、甬江）',NULL,'20130824114508298.png'),(8,'ndxxq','宁波大学西校区',NULL,'20130824114544836.png'),(9,'ndbq',' 宁大北区（纺院、科院）',NULL,'20130824114616968.png');
/*!40000 ALTER TABLE `schoolInfo` ENABLE KEYS */;
UNLOCK TABLES;

--
-- Table structure for table `storeIntro`
--

DROP TABLE IF EXISTS `storeIntro`;
/*!40101 SET @saved_cs_client     = @@character_set_client */;
/*!40101 SET character_set_client = utf8 */;
CREATE TABLE `storeIntro` (
  `storeId` int(11) NOT NULL AUTO_INCREMENT,
  `delivery_order` char(1) NOT NULL DEFAULT '0',
  `max_order` int(11) NOT NULL DEFAULT '50',
  `storeName` varchar(50) NOT NULL,
  `location` varchar(100) NOT NULL,
  `imgLoc` varchar(30) DEFAULT NULL,
  `user_in_charge_time` datetime DEFAULT NULL,
  `state` char(1) NOT NULL DEFAULT '1',
  `loginId` varchar(50) CHARACTER SET utf8 COLLATE utf8_bin NOT NULL,
  `loginPasswd` char(41) NOT NULL,
  `email` varchar(50) CHARACTER SET utf8 COLLATE utf8_bin DEFAULT NULL,
  `telephone` varchar(15) NOT NULL,
  `telephone_1` varchar(15) DEFAULT NULL,
  `telephone_2` varchar(15) DEFAULT NULL,
  `openTime_1` time NOT NULL,
  `closeTime_1` time NOT NULL,
  `openTime_2` time NOT NULL,
  `closeTime_2` time NOT NULL,
  `briefIntroduction` varchar(500) DEFAULT NULL,
  `qisongjia` varchar(100) DEFAULT NULL,
  `yinyeshijian` varchar(100) DEFAULT NULL,
  `gonggao` varchar(500) DEFAULT NULL,
  `contact_phone` varchar(100) DEFAULT NULL,
  `createTime` date NOT NULL,
  `total_buyer_month` int(11) DEFAULT '0',
  `total_score_month` int(11) DEFAULT '0',
  `total_score_num_month` int(11) DEFAULT '0',
  PRIMARY KEY (`storeId`)
) ENGINE=InnoDB AUTO_INCREMENT=44 DEFAULT CHARSET=utf8;
/*!40101 SET character_set_client = @saved_cs_client */;

--
-- Dumping data for table `storeIntro`
--

LOCK TABLES `storeIntro` WRITE;
/*!40000 ALTER TABLE `storeIntro` DISABLE KEYS */;
INSERT INTO `storeIntro` VALUES (1,'0',50,'牛牛酸辣粉','双桥十字路口','20130901161427486.jpg','2013-09-12 11:36:03','1','nnslf01','5a15f2cc68b6a8f0b9bbaac864e32223',NULL,'13291939989',NULL,NULL,'10:00:00','15:00:00','15:00:00','23:30:00','祖传汤料，回味无穷','宁波大学15元起送，北区20元起','10:00~23:30','本店特色：酸辣粉、凉皮','13291939989','2013-08-24',13,2,1),(2,'0',100,'轰炸鸡排','双桥村','20130901154925898.jpg','2013-08-27 16:45:05','0','hzjp01','b4aae89dba7236d84a876ef9965ff171',NULL,'13456148307','13777224344','13777224271','10:00:00','15:00:00','15:00:00','20:00:00','来自台湾最正宗的轰炸鸡排、卤肉饭。','到宁大、西校区、一村二村10元起送，纺院生活区30元起送。','10:00~20:00','饭量大的同学可备注“多加饭”，若另加一盒饭请去单点类点餐。\n招聘信息：本店招外卖员，一个全职两个兼职，详询13456148307','13456148307  13777224344  13777224271','2013-08-24',77,18,4),(3,'0',100,'原双桥老店烧烤','农贸菜市场学府饭店隔壁','20130901160930962.jpg','2013-08-27 16:45:05','0','ysqldsk01','07e4665aa332bcbecf3aafb3ad3bb53a',NULL,'15657838356',NULL,NULL,'16:00:00','17:00:00','15:00:00','02:30:00','原位于双桥，十年老店','到宁波大学20元起送，步行街30元起送','暑假期间下午4:00至次日凌晨2:30','牛羊肉假一罚十','15657838356','2013-08-24',5,4,1),(4,'0',100,'香乐食客','农贸蓝庭宾馆巷子内15米','20130901160110206.jpg','2013-09-12 12:16:38','4','xlsk01','d0e2854d852a0e2f3c19f31578dee61a',NULL,'15258110243','18888630542','','10:00:00','15:00:00','15:00:00','22:30:00','','到宁波大学10元起送，西校区20元起送。','10:00~22:00','消费满15元送饮料一瓶','18888630542  15258110243','2013-08-24',35,0,0),(5,'0',100,'奉化烧鸭面','北区步行街106号','20130901162003787.jpg','2013-09-01 11:12:09','0','fhsym01','b713c10736158294ffe8531ae56f2e54',NULL,'15825576128',NULL,NULL,'08:00:00','15:00:00','15:00:00','22:00:00','正宗奉化烧鸭面','步行街10元起送，宁波大学30元起送','8:00~22:00','','15825576128  546128','2013-08-24',11,0,0),(6,'0',200,'沙县小吃(本部店)','本部商业街7号','20130901155257652.jpg','2013-09-06 20:27:05','4','sxxc01','943e2487b1420563e5aa30d193350710',NULL,'13780054209','18969423204','','06:00:00','15:00:00','15:00:00','23:30:00','福建沙县小吃同业协会授权沙县小吃宁波店。“中华名小吃”荣誉称号店。','到宁大10元起送，西校区20元起送，一村二村40元起送，纺院生活区60元起送。','早上6:00至次日凌晨2:00','凡在本店消费满10元送绿豆沙冰一杯。','13780054209  684209  18969423204','2013-08-24',9,0,0),(7,'1',100,'爱食尚自助回转火锅烧烤','双桥村口向里十米','20130901165017683.jpg','2013-08-27 16:45:05','0','zzhzhg','2d513b09db6b18d778cc9063c08fdedf',NULL,'18606623837','13958206034','','09:30:00','15:00:00','15:00:00','22:30:00','烧烤火锅一起吃，自动化旋转设备，坐着就可以取菜，各种海鲜酒水无限量免费供应。','仅接受预定，请在“备注”处注明就餐人数和时间，谢谢。','9:30~22:30','烧烤无锅底费。','18606623837  13958206034','2013-08-24',0,0,0),(8,'0',50,'好味道','农贸家家乐对面好味道','20130901155745229.jpg','2013-08-31 10:32:38','0','hwd001','9428dd9438ee1a5f759cff64d7effe37',NULL,'18267460060','15958270775','','10:00:00','15:00:00','15:00:00','19:30:00','好味道，最贴心的的味道','到宁波大学10元起送','10:00~19:30','','18267460060  15958270775','2013-08-25',35,23,5),(9,'0',20,'果沫鲜饮','宁大北区学生一村商业街37号','20130901161108104.jpg','2013-09-12 08:25:52','2','gm0001','ad12121e59e90c4ac0a84f2832f41dab',NULL,'15267858189','15968034514','','09:30:00','15:00:00','15:00:00','21:30:00','','到宁波大学30元起送，宁大西校区20元起送，一村二村15元起送，纺院生活区20元起送。','9:30~22:30','鲜饮冷热可选','15267858189  15968034514','2013-08-25',4,0,0),(10,'1',100,'水晶泡泡锅','宁大北区步行街','20130901164737929.jpg','2013-08-27 16:45:05','0','sjppg01','b1ca9d3923863697a1ca0af4d9913003',NULL,'13777205299',NULL,NULL,'09:00:00','15:00:00','15:00:00','21:00:00','','','9：00~21：00','','13777205299','2013-08-25',0,0,0),(11,'0',2147483647,'一餐易餐体验店','宁波大学','20130901161750628.png','2013-09-08 00:08:09','0','000123','e10adc3949ba59abbe56e057f20f883e',NULL,'18817559017',NULL,NULL,'06:00:00','12:00:00','12:00:00','22:00:00','','','','本店位一餐易餐体验店，所有菜单为虚拟菜单，仅供同学们做点餐体验。','18817559017','2013-08-25',102,4,1),(12,'0',100,'PaPa  Pizza','宁大北区二村商业街27号','20130901155446947.jpg','2013-09-01 10:32:51','0','younger007','ea0389e2902545b40c949898feabc0d7',NULL,'15888101071','18868955108','','10:30:00','15:00:00','15:00:00','21:30:00','Pizza随心吃，更有任意两种口味组合等你来！','一律5元起送，免外送费，如遇天气不佳等特殊情况，请耐心等待，谢谢','10:30~21:30','','宁大18868955108  655108纺院18868955218  655218','2013-08-29',9,5,1),(13,'0',100,'奶茶工坊','本部一餐对面','20130901160406157.jpg','2013-08-29 22:56:59','0','ncgf01','d4ffe31b1d131c0fd4e804b481957593',NULL,'13616592555','13777223456','','10:00:00','15:00:00','15:00:00','21:00:00','最好喝的奶茶，最快捷的服务。','到宁大和西校区20元起送，北区30元起送。','10:00~21:00','冷热可选，否则默认为当季最适温度。','13616592555  13777223456  662222','2013-08-29',3,0,0),(14,'0',50,'军基厨','宁大北区步行街','20130903174306159.jpg','2013-08-31 10:29:46','0','jjc001','6e70b1499ac492f0a7215654431323e2',NULL,'15657838737','15957489263','','10:00:00','15:00:00','15:00:00','22:00:00','军基厨，军基厨，食物中的军机处！','北区20元起送，纺院生活区30元起送，西校区30元起送，宁波大学50元起送','10：00~22：00','迎新活动：点套餐饭赠送饮料一杯，台湾客家对翅第二份半价~~！！！！！咨询热线15957489263\n宁大短号689263','15657838737  15957489263','2013-08-30',0,0,0),(15,'0',100,'福鼎肉片','宁大北区步行街','20130901163808356.jpg','2013-09-03 10:36:34','0','fdrp01','d2c7edf1d83752727132073c13e8cf55',NULL,'15957480259','18016768792','','10:00:00','15:00:00','15:00:00','23:00:00','福鼎肉片，让你满嘴流油的好肉片','一、二村10元起送，纺院生活区15元起送','10：00~23：00','','15957480259 18016768792','2013-08-30',0,0,0),(16,'1',100,'美味轩饭店','宁大农贸家家乐旁边','20130901165354941.jpg','2013-09-01 15:44:54','0','mwx001','e77b24e7f4ffd0ca34095f580d1a1c1d',NULL,'13858372956',NULL,NULL,'09:00:00','15:00:00','15:00:00','21:00:00','','','早上9:00~晚上9:00','本店接受预定，欢迎同学们外出聚餐光临美味轩。','13858372956','2013-08-30',1,0,0),(17,'0',80,'土耳其烤肉饭','南门','20130901162742193.jpg','2013-09-04 10:37:52','0','teqkrf01','6a5386566d6e4f1f4e08bf03c251e378',NULL,'13586796326','13586820286','','10:30:00','15:00:00','15:00:00','20:00:00','最正宗的土耳其烤肉饭','到宁波大学20元起送','10：30~20：00','每半个月更换一次菜','13586796326  13586820286','2013-08-30',15,0,0),(18,'0',100,'农嫂坛子菜','一村食堂','20130901155146327.jpg','2013-08-30 21:25:25','0','nstzc01','eb4f8f8e69eab9511212658f86a07923',NULL,'13738488117','15058280809','','10:00:00','15:00:00','15:00:00','20:00:00','正宗瓦罐特色小吃','到宁大西校区15元起送，一、二村15元起送，纺院生活区20元起送。','10:00~20:00','','13737488117  宁短688117  纺短650809','2013-08-30',6,3,1),(19,'0',50,'黄花牛肉面','宁大北区步行街','20130901155211363.jpg','2013-08-30 21:42:41','0','hhnrm01','31a1e8e57248dc1d12bac66910b6270a',NULL,'15258398176','18758319805','','10:00:00','15:00:00','15:00:00','21:00:00','','到一、二村，纺院生活区18元起送，西校区27元起送','10:00~21:00','本店所有订单一经下单，概不退单，敬请原谅','15258398176  18758319805','2013-08-30',12,0,0),(20,'0',20,'碗碗香','农贸蓝庭宾馆向里10米','20130901162953776.jpg','2013-09-02 10:31:40','0','wwx001','4d22874b61bb7e02c3cbfb83599730d8',NULL,'15558311101','15058835372','','10:00:00','15:00:00','15:00:00','22:00:00','碗碗香，满嘴香','宁波大学10元起送','10：00~22：00','即日起至9月15日\n凡在本店点餐即送卤鸡爪一个\n满20元立减3元\n满30元立减5元\n满50元立减10元\n满100元立减10元+1.5L果汁一瓶','15558311101 15058835372','2013-08-30',26,4,1),(21,'0',100,'沙县小吃（北区店）','宁大北区步行街','20130901163236308.jpg','2013-09-02 13:05:19','0','sxxc02','1122d5ae7a75fbe2e93ea22017588fa5',NULL,'15558317869',NULL,NULL,'07:00:00','15:00:00','15:00:00','21:30:00','沙县小吃，经典你懂的！','北区15元起送,纺院生活区不送。','7：00~21：30','','15558317869','2013-08-30',3,0,0),(22,'0',50,'圣路喜韩国风情冰淇淋店','农贸城院宿舍楼下','20130901103046637.jpg','2013-09-01 10:30:46','0','bql001','22d2825cf11eccada1c6be413cfad57c',NULL,'18858087169','15257860083','','09:00:00','14:00:00','14:00:00','21:00:00','正宗好冰淇凌，正宗好味道','宁波大学本部20元起送','9：00~21：00','','18858087169  15257860083','2013-09-01',3,0,0),(23,'0',10,'正新鸡排','宁大北区步行街38号','20130901185152508.jpg','2013-09-02 11:05:35','4','zxjp01','b48e497cee7fde3b168a922371ace044',NULL,'13777201286','13777201016','','07:00:00','15:00:00','15:00:00','23:30:00','还是一样的味道，一样的鸡排','宁大北区15元起送，宁波大学20元起送，宁波大学西校区30元起送','07：00~23：30','','13777201286 13777201016','2013-09-01',0,0,0),(24,'0',20,'菠菜先生（中西式简餐）','宁大一村食堂','20130901185800927.jpg','2013-09-10 20:51:06','0','bcxs01','8047d323d3e24706256caea08d6ccb5d',NULL,'15258396066','15906592719','','10:00:00','11:00:00','12:30:00','20:30:00','动画中菠菜成就了大力水手，生活中 菠菜先生成就你美好生活','宁大一村、二村15元起送，纺院生活区不送','10：00~20：30','所有简餐均赠送蔬菜、水果、例汤，另：中午11点30至12点30尽量避免订餐，可能会因忙碌而延迟','15258396066 15906592719  656066','2013-09-01',0,0,0),(25,'0',100,'农博乐','创业街7号','20130902132053947.jpg','2013-09-02 13:20:53','0','nbl001','b9be2801ed3c26b127fb29991d758267',NULL,'18817559017',NULL,NULL,'10:00:00','15:00:00','15:00:00','20:00:00',NULL,NULL,NULL,NULL,NULL,'2013-09-02',0,0,0),(26,'0',10,'一家人小吃','一村侧门内','20130902181315896.jpg','2013-09-02 19:50:57','0','yjrxc01','98ef389349f1d5a027eb8b78a2d2c3ee',NULL,'18267460761','15067454071','','09:00:00','14:00:00','14:00:00','23:00:00','一家人小吃，吃出家的味道','一村6元起送，二村10元起送','09：00~23：00','','15067454071  18267460761','2013-09-02',5,0,0),(27,'0',30,'程记烧鸭面','北区商业街125号','20130902193505969.jpg','2013-09-02 19:48:13','0','cjsym01','ad17a32be8d81781ed13abf52775e6f8',NULL,'15258399253','13867875961','','10:00:00','11:30:00','12:30:00','21:00:00','好鸭，好肉，好味道','宁大北区15元起送，宁大本部与西校区50元起送','10：00~11：30，12：00~21：00','','15258399253 13867875961','2013-09-02',0,0,0),(28,'0',50,'巴比汉堡','宁大东校门旁（幼儿园对面）','20130903092351335.jpg','2013-09-03 10:00:50','0','bbhb01','e566e16daa05905bacd3819e6319b386',NULL,'13857850351','13656885758','','09:30:00','14:00:00','14:00:00','22:00:00','美味尽在巴比','宁大本部15元起送，西校区30元起送','09：00~22：00','','13857850351  13656885758  566777','2013-09-03',5,5,1),(29,'0',10,'老四川','农贸城市公寓楼下','20130903113153257.jpg','2013-09-10 19:26:23','4','lscmlt01','d5a168f250495bc712a77fc08e4f6411',NULL,'18858013119',NULL,NULL,'10:00:00','14:00:00','14:00:00','23:00:00','好麻辣烫，好味到','宁大本部20元起送','10：00~23：00','','','2013-09-03',7,1,1),(30,'0',60,'千里香','南门','20130903123229326.jpg','2013-09-03 12:32:29','0','qlxwm01','6dac798522a6a849eb3ba746a9542a25',NULL,'13819857121',NULL,NULL,'09:00:00','14:00:00','14:00:00','21:00:00','千里香，千里飘香','宁大本部10元起送，仅送本部、南门、甬江范围，农贸不外送','9：00~21：00','','13819857121  577121','2013-09-03',32,9,2),(31,'0',10,'集郷客·月寿司','宁大农贸东门商业区','20130904102750788.jpg','2013-09-12 12:35:03','4','jxk001','cb8653380b212fffc4e4cd2e6144bd94',NULL,'13958220332',NULL,NULL,'09:30:00','15:00:00','15:00:00','22:00:00','集薌客，集香集美惠顾客！','宁波大学20元起送，西校区40元起送，宁大北区50元起送','09：00~22：00','','13958220332','2013-09-04',12,0,0),(32,'0',400,'面对面快餐','农贸商业街（农行对面）','20130904141807740.jpg','2013-09-06 19:55:01','0','mdmkc01','113da2f47c69edf4f5e1575be77159c4',NULL,'13780054177','13857478418','','10:30:00','14:00:00','14:00:00','19:30:00','面对面快餐，面对面的感受','宁波大学5元起送，西校区20元起送','10：30~19：30','订快餐请注意，只用选需要的荤菜即可，素菜由商家自由搭配。另：中午若订餐最好于11点半前下单，不然可能会因忙碌而耽搁','13780054177  13857478418  647098','2013-09-04',8,3,1),(33,'1',0,'一品布衣汤烤锅王','农贸城院楼下','20130904194245343.jpg','2013-09-04 19:45:22','4','ypbytkgw01','1b74e51146c75536dc2dfa0eb58e736c',NULL,'13777037023',NULL,NULL,'00:00:00','23:00:00','00:00:00','23:00:00','','','','即将开业，敬请期待','','2013-09-04',0,0,0),(34,'0',0,'船老大海鲜馆','农贸城楼下13号','20130904194910955.jpg','2013-09-04 19:49:39','4','cldhxg01','a591888ce35731f3067f31b093423ec0',NULL,'18815281706',NULL,NULL,'00:00:00','23:00:00','00:00:00','23:00:00','','','','即将开业，敬请期待','','2013-09-04',0,0,0),(35,'0',30,'徽州特色小吃','宁大北区步行街','20130904223155721.jpg','2013-09-06 20:17:00','0','hztsxc','e58ba861d704969f777c87bb3586fe9c',NULL,'18758823016','18358491996','','11:00:00','15:00:00','15:00:00','20:00:00','菜饭骨头汤，徽州特色快餐。','一、二村30元起送','11:00~20:00','','18758823016  593016  18358491996','2013-09-04',0,0,0),(36,'0',50,'奶茶坊','本部公寓9号楼下','20130905002910989.jpg','2013-09-05 00:29:10','0','ncf001','b453918c2166755cffaa27d4d6213639',NULL,'15258294855',NULL,NULL,'07:30:00','15:00:00','15:00:00','22:00:00','本部9号楼下奶茶坊，就是那个味道！','到本部，南门，甬江10元起送','7:30~22:00','男生本部可送茶上楼，且冷热可选，否则默认为当季最适温度。','15258294855','2013-09-05',3,0,0),(37,'0',30,'味难忘麻辣烫','农贸城楼下','20130905171859593.png','2013-09-05 19:25:49','0','wnw001','61818347c4c155226ff1b13d023c74b3',NULL,'15257862669','13738830191','','11:30:00','15:00:00','15:00:00','23:00:00','味难忘，味难忘，美味让你永世难忘','宁大本部20元起送','11：30~23：00','','15257862669  13738830191','2013-09-05',226,5,1),(38,'0',20,'好灶头','农贸华必和旁','20130905172516242.jpg','2013-09-05 17:25:16','0','hzt001','ec0b04c7bef6d5d55ba44ec793487462',NULL,'13616595322','13567432911','','09:30:00','14:00:00','14:00:00','21:30:00','好灶头烧出好味道','宁波大学50元起送','9：30~21：30','','13616595322  13567432911','2013-09-05',0,0,0),(39,'1',20,'好灶头（预定）','农贸华必和旁','20130905172822671.jpg','2013-09-05 17:29:50','0','hzt002','da7baa095413b6d10df3b0b71f80aebd',NULL,'13616595322','13567432911','','09:30:00','14:00:00','14:00:00','21:30:00','','','','','','2013-09-05',0,0,0),(40,'0',12,'123456','123123','20130908185923593.jpg','2013-09-08 18:59:23','5','123456','e10adc3949ba59abbe56e057f20f883e',NULL,'15267004674',NULL,NULL,'00:00:00','23:59:59','00:00:00','23:59:59',NULL,NULL,NULL,NULL,NULL,'2013-09-08',0,0,0),(41,'0',20,'豪大大鸡排','宁大农贸','20130909110902519.jpg','2013-09-09 11:09:02','0','hddjp1','3e8a249fa6d51daf724bf8bcab7e3122',NULL,'15888105112',NULL,NULL,'10:00:00','14:00:00','14:00:00','22:30:00','豪大大鸡排，真的好大大！','宁波大学15元起送','10：00~22：30','','15888105112  683780','2013-09-09',0,0,0),(42,'0',30,'土耳其烤肉饭（北区店）','北区一村食堂','20130909224216124.jpg','2013-09-09 22:42:16','5','teqkrf02','77fb27560069044e12417b2e82b85578',NULL,'18268633657',NULL,NULL,'10:00:00','13:30:00','15:30:00','18:30:00','最正宗的土耳其烤肉饭','一村、二村15元起送','10：00~13：30  ， 15：30~18：30','还有各种炒饭即将推出，敬请期待！','18268633657','2013-09-09',3,0,0),(43,'0',50,'金牌牛肉面','本部公寓商贸街','20130912085536671.jpg','2013-09-12 10:50:54','0','jpnrm01','d4421e20e82c088d3d049bde90493cae',NULL,'13296833197','13056824566','','10:00:00','11:30:00','12:00:00','21:00:00','金牌牛肉面，金牌般的口味！','宁波大学20元起送','10：00~21：00  高峰期不送','下午下课期间不接受外卖订餐','13296833197  13056824566','2013-09-12',4,0,0);
/*!40000 ALTER TABLE `storeIntro` ENABLE KEYS */;
UNLOCK TABLES;

--
-- Table structure for table `storeLoc`
--

DROP TABLE IF EXISTS `storeLoc`;
/*!40101 SET @saved_cs_client     = @@character_set_client */;
/*!40101 SET character_set_client = utf8 */;
CREATE TABLE `storeLoc` (
  `storeId` int(11) NOT NULL,
  `belongTo` int(11) NOT NULL,
  `delivery_cost` int(11) NOT NULL,
  `store_order` int(11) DEFAULT '0'
) ENGINE=InnoDB DEFAULT CHARSET=utf8;
/*!40101 SET character_set_client = @saved_cs_client */;

--
-- Dumping data for table `storeLoc`
--

LOCK TABLES `storeLoc` WRITE;
/*!40000 ALTER TABLE `storeLoc` DISABLE KEYS */;
INSERT INTO `storeLoc` VALUES (22,7,20,24),(18,8,15,3),(18,9,15,9),(12,7,5,19),(12,8,5,5),(12,9,5,10),(8,7,10,27),(3,7,20,21),(3,8,20,8),(3,9,30,12),(1,7,15,25),(1,8,15,11),(1,9,20,13),(5,7,30,23),(5,8,30,10),(5,9,10,14),(21,9,15,16),(15,9,10,17),(7,7,0,4),(7,8,0,2),(7,9,0,2),(20,7,10,22),(23,7,20,11),(23,8,30,0),(23,9,15,1),(6,7,10,10),(6,8,20,0),(6,9,40,3),(25,7,0,9),(16,7,0,0),(16,8,0,0),(16,9,0,0),(27,7,50,8),(27,8,50,0),(27,9,15,5),(28,7,15,7),(28,8,30,0),(14,7,50,6),(14,8,30,0),(14,9,20,6),(17,7,30,5),(33,7,0,1),(34,7,0,12),(10,7,0,3),(10,8,0,0),(10,9,0,1),(39,7,50,2),(19,8,27,0),(19,9,18,8),(29,7,20,18),(35,9,30,15),(38,7,50,17),(40,7,10,0),(32,7,5,14),(32,8,20,0),(41,7,15,13),(42,9,15,0),(37,7,20,15),(30,7,10,1),(11,7,10,3),(11,8,10,0),(11,9,10,0),(26,9,6,0),(2,7,10,26),(2,8,10,0),(2,9,10,0),(4,7,10,16),(4,8,20,0),(31,7,20,0),(31,8,40,0),(31,9,50,0),(24,9,15,0),(9,7,30,0),(9,8,20,0),(9,9,15,0),(13,7,20,0),(13,8,20,0),(13,9,30,0),(36,7,10,0),(43,7,20,0);
/*!40000 ALTER TABLE `storeLoc` ENABLE KEYS */;
UNLOCK TABLES;

--
-- Table structure for table `storeType`
--

DROP TABLE IF EXISTS `storeType`;
/*!40101 SET @saved_cs_client     = @@character_set_client */;
/*!40101 SET character_set_client = utf8 */;
CREATE TABLE `storeType` (
  `storeTypeId` int(11) NOT NULL AUTO_INCREMENT,
  `storeTypeName` varchar(50) NOT NULL,
  PRIMARY KEY (`storeTypeId`)
) ENGINE=InnoDB AUTO_INCREMENT=16 DEFAULT CHARSET=utf8;
/*!40101 SET character_set_client = @saved_cs_client */;

--
-- Dumping data for table `storeType`
--

LOCK TABLES `storeType` WRITE;
/*!40000 ALTER TABLE `storeType` DISABLE KEYS */;
INSERT INTO `storeType` VALUES (1,'炒饭'),(2,'酸辣粉'),(3,'盖浇饭'),(4,'鸡排'),(5,'烧烤'),(6,'套餐'),(7,'汤面炒面'),(8,'火锅'),(9,'奶茶'),(10,'Pizza'),(11,'汉堡'),(12,'麻辣烫'),(13,'寿司'),(14,'快餐'),(15,'炒菜');
/*!40000 ALTER TABLE `storeType` ENABLE KEYS */;
UNLOCK TABLES;

--
-- Table structure for table `userInfo`
--

DROP TABLE IF EXISTS `userInfo`;
/*!40101 SET @saved_cs_client     = @@character_set_client */;
/*!40101 SET character_set_client = utf8 */;
CREATE TABLE `userInfo` (
  `userId` varchar(30) CHARACTER SET utf8 COLLATE utf8_bin NOT NULL,
  `userPasswd` char(41) DEFAULT NULL,
  `telephone` varchar(15) DEFAULT NULL,
  `email` varchar(50) DEFAULT NULL,
  `createTime` timestamp NOT NULL DEFAULT CURRENT_TIMESTAMP ON UPDATE CURRENT_TIMESTAMP,
  `valid` char(1) DEFAULT '0',
  PRIMARY KEY (`userId`)
) ENGINE=InnoDB DEFAULT CHARSET=utf8;
/*!40101 SET character_set_client = @saved_cs_client */;

--
-- Dumping data for table `userInfo`
--

LOCK TABLES `userInfo` WRITE;
/*!40000 ALTER TABLE `userInfo` DISABLE KEYS */;
INSERT INTO `userInfo` VALUES ('126100030','b67ea638426051ea877f2e4dc67af070',NULL,NULL,'2013-09-07 13:25:04','0'),('13429322407','ee3bab96ebc2759f506b66febeb1190a',NULL,NULL,'2013-09-08 12:00:07','0'),('13486690546','b45017f11ca1eb06b9605a3437a70869',NULL,NULL,'2013-09-12 07:51:43','0'),('15757821442','c1a41159a94ed9bf45e035f6a2a2ca79',NULL,NULL,'2013-09-07 04:16:32','0'),('15757822303','9685b188eb7ae79b607302823a739c0d',NULL,NULL,'2013-09-10 08:57:58','0'),('172748673','aad5a6ef212d6e4a1dd78315d87a6776',NULL,NULL,'2013-09-12 03:00:38','0'),('18267461602','7bf49dcc9654d5a3d68804c3ba82024d',NULL,NULL,'2013-09-02 02:40:36','0'),('18758318148','5fcd5dfc93ed30d0067d6c9e01b26ba8',NULL,NULL,'2013-09-06 11:07:31','0'),('18815282701','af9455b06001e58f027b8d56487d7a9d',NULL,NULL,'2013-09-05 03:07:22','0'),('18815284375','d553d148479a268914cecb77b2b88e6a',NULL,NULL,'2013-09-06 14:02:33','0'),('212212212','b70fade03f56edda3d9a980d98a1f0d7',NULL,NULL,'2013-09-07 03:06:30','0'),('3110101637','a87a2030abfee3dc5111cc442ef88aa4',NULL,NULL,'2013-08-24 04:47:40','0'),('398726512','626f96a4bbbdffba291137df5279cff0',NULL,NULL,'2013-09-07 11:23:29','0'),('490218833','a2656db17939228ff68d2be84eb34cbf',NULL,NULL,'2013-09-08 04:17:04','0'),('506926518','f7cf493d8b344e982e9066319ea3ca3e',NULL,NULL,'2013-09-11 09:20:31','0'),('690906','979fa967a268bd5fddbd4eacabb44418',NULL,NULL,'2013-09-10 02:56:25','0'),('Annie丶','2cc524e7ae4d13687ad71612ddd96217',NULL,NULL,'2013-09-07 13:13:58','0'),('ChineseJ','a454073612aedf71236d925cd6e946c9',NULL,NULL,'2013-09-12 02:52:48','0'),('G1#409','25f9e794323b453885f5181f1b624d0b',NULL,NULL,'2013-09-09 12:38:59','0'),('Kidult','b902673692d95f688312d225dc2ca296',NULL,NULL,'2013-09-07 00:58:31','0'),('L3760402','059b7d3fdc374617ab157638fd08a1eb',NULL,NULL,'2013-09-11 09:27:58','0'),('QWE7611077','49e6051e45f532800ad2cb8abf3756b0',NULL,NULL,'2013-09-10 09:33:36','0'),('aaaaaaa','4297f44b13955235245b2497399d7a93',NULL,NULL,'2013-08-30 16:06:35','0'),('angellingone','f438c92ce13bb86cce4c56f9cf1e9386',NULL,NULL,'2013-09-06 12:38:23','0'),('bingleishushi','b769ce97d5120b49d824be63cea006ac',NULL,NULL,'2013-09-07 05:40:47','0'),('ccccclnn','83b4ef5ae4bb360c96628aecda974200',NULL,NULL,'2013-09-10 03:00:16','0'),('chenke1234','d09725041648a7861bccab2c7aeabce9',NULL,NULL,'2013-09-08 02:40:39','0'),('chenlan1992com@sina.com','76381641413b5fa2f93aed7151dc6c2c',NULL,NULL,'2013-09-06 10:11:26','0'),('cooper','01191425397c52d8844076729c204daf',NULL,NULL,'2013-08-24 04:43:06','0'),('cw451428773','a420384997c8a1a93d5a84046117c2aa',NULL,NULL,'2013-09-07 12:18:59','0'),('duke乐悠悠','002856d147c3c788f22b39fb2786e8e2',NULL,NULL,'2013-09-10 09:07:00','0'),('enjoye','198d8d77bb5a6c8d64c02303a7bf4c98',NULL,NULL,'2013-09-03 06:43:21','0'),('eric_cheung','5da672221e0f8ffc974d2845aaa4ed66',NULL,NULL,'2013-09-07 12:59:14','0'),('fengqiyeku','65f3231c49d1bf0979c4699ae442b15a',NULL,NULL,'2013-09-07 11:22:51','0'),('hailing0207','91654afa80f0093cc1be31ef89380aed',NULL,NULL,'2013-09-09 03:03:58','0'),('huha35','83b4ef5ae4bb360c96628aecda974200',NULL,NULL,'2013-09-07 09:04:29','0'),('hukewei','b6413f4a9cbd16bf5f07b8887eaf99c3',NULL,NULL,'2013-09-07 11:17:09','0'),('jbh1992','d57619a3ccfa14c1b27b3f71b7fe8f3a',NULL,NULL,'2013-09-08 07:48:57','0'),('jesse886','cc3430415895de8bee1a7df42e1ac377',NULL,NULL,'2013-09-10 09:16:27','0'),('jiangsidi00','2fb0b20292beaf11079ef8050673b57f',NULL,NULL,'2013-09-09 08:53:19','0'),('juhao5121','040368a88b0fea58b018b793a71ea828',NULL,NULL,'2013-09-10 09:41:28','0'),('lllzzc','85cab8032d3785234a32dc5e7454262f',NULL,NULL,'2013-09-06 11:02:27','0'),('losingace','8a82b128fef5f1ed4977dbb077e2c7c8',NULL,NULL,'2013-09-02 05:22:03','0'),('mengmeng','defc2096c1bb6cfded837ecd64ef3b81',NULL,NULL,'2013-09-07 11:10:35','0'),('moonsdream','18ef6fa9dc8bbbf2da4d11b8427a1133',NULL,NULL,'2013-09-10 08:34:45','0'),('narmus','d884671f5fa2ee10d29f43f85d4612e1',NULL,NULL,'2013-09-11 09:00:38','0'),('nasdaq','a60a2f4d1a07829c5e6334745339aa52',NULL,NULL,'2013-09-12 04:08:12','0'),('orinou','5c18677d82a30393c828b71363284166',NULL,NULL,'2013-09-07 10:46:23','0'),('peter_7777','1fa9b0d7c99412ebbe7311c1882f3d5e',NULL,NULL,'2013-09-10 03:31:08','0'),('qq345424790','bdce02b46cd235e79c93ea4f733c26f8',NULL,NULL,'2013-09-10 09:35:24','0'),('raowanwan','33d186046795bdd04e0938d95c3630a1',NULL,NULL,'2013-09-07 05:55:16','0'),('rex88920269','6a358e68d75bdd01f6f456b3e8e327e4',NULL,NULL,'2013-09-01 06:58:47','0'),('shi300380450','85d9ed77837f5d816a8ec597fe32cc88',NULL,NULL,'2013-08-31 14:45:05','0'),('shirleyxiajj','23de83914b27be2767eea67accb8ef61',NULL,NULL,'2013-09-08 15:17:35','0'),('w364693416','37f78faeffb5374e7da9c2c01d0e5551',NULL,NULL,'2013-09-10 08:52:11','0'),('westernboyksy','53c7517814a723af75b0f287c1b3bad3',NULL,NULL,'2013-09-10 16:31:21','0'),('yicanyi34','fcea920f7412b5da7be0cf42b8c93759',NULL,NULL,'2013-09-01 14:25:25','0'),('yicanyi343','e10adc3949ba59abbe56e057f20f883e',NULL,NULL,'2013-09-01 14:47:36','0'),('ysqldsk02','01b2acd07b024c5403190f1ba4ffeaa9',NULL,NULL,'2013-08-31 14:10:15','0'),('yssxxk','2db80b7ddfb02c9b4f1f3878167c0615',NULL,NULL,'2013-09-03 14:34:09','0'),('zhangjianping','478290792baf55d235360029ed5b1638',NULL,NULL,'2013-09-06 14:15:24','0'),('zhonglu3916','7b8e0ed85b8f0c8e930e40595ca64aa6',NULL,NULL,'2013-09-03 07:39:13','0'),('zhouqian','41b4a9ed31445beaa0b504f32bee4943',NULL,NULL,'2013-09-11 08:45:18','0'),('zhulinchao7','111ac82266b7856692962357015e89ab',NULL,NULL,'2013-08-24 04:30:16','0'),('丫押','6512a55b88db0de8c64ee6f1aa036039',NULL,NULL,'2013-08-30 04:35:13','0'),('丫押36668','6512a55b88db0de8c64ee6f1aa036039',NULL,NULL,'2013-08-30 04:25:32','0'),('傲娇的小鱼儿','e64d98c68f121eccc9e7667eb3805294',NULL,NULL,'2013-09-07 11:31:59','0'),('儿时的约定和花香','ffb0fe23c0bede7841d28e74c4767c90',NULL,NULL,'2013-09-06 10:23:25','0'),('只是太傻太天真','916e6e23c30a54f888f8dcd901d40c3a',NULL,NULL,'2013-09-07 02:56:11','0'),('吃人参的兔子','348011c8627ca2d35735798ef28a74ba',NULL,NULL,'2013-09-07 04:13:31','0'),('吃货不是痴货','e10adc3949ba59abbe56e057f20f883e',NULL,NULL,'2013-09-11 08:59:45','0'),('大包子吃小包子','f5fd9e4c4ce2b094874de7aaace45bc6',NULL,NULL,'2013-09-06 03:52:29','0'),('小小小小黑仔','e10adc3949ba59abbe56e057f20f883e',NULL,NULL,'2013-09-10 03:34:07','0'),('小白白白白白','14e5019c176cba7fc8e1044cf273ce0d',NULL,NULL,'2013-09-07 01:15:37','0'),('小胖  你好','ca4071599b6c6db9053028cf550a7198',NULL,NULL,'2013-09-06 10:57:10','0'),('悠扬的小屋2','25f9e794323b453885f5181f1b624d0b',NULL,NULL,'2013-09-07 08:27:10','0'),('李123456','1f3121953c17ba773a846cfcc4dbf5dd',NULL,NULL,'2013-09-07 13:01:28','0'),('李大可520','1e3c270669ec96d937730c943ea82637',NULL,NULL,'2013-09-12 08:38:13','0'),('熊猫王2007','809dc0f5008be0c41212d05c64818792',NULL,NULL,'2013-09-12 03:21:02','0'),('生活真美好丫丫','2601f1d88e797831c89f7e9453557d1a',NULL,NULL,'2013-09-09 14:04:01','0'),('糖果屋里的小裙子','f648e76ef1bc80e5e11a623a2dccf718',NULL,NULL,'2013-09-11 13:43:09','0'),('罗大兴罗大兴','ea84f43cc9d3c68f701ec052cbcc01bb',NULL,NULL,'2013-08-27 05:52:51','0'),('腾腾是大吃货','f3b0a8ceeeb39acea95f5733659a1a86',NULL,NULL,'2013-09-10 06:22:17','0'),('蛋蛋女神212','f3973f65e5e3c5d63d974e76f5654038',NULL,NULL,'2013-09-07 13:36:50','0'),('追风爱美葫芦娃','156a446c185aa3c307c09db51a24c624',NULL,NULL,'2013-09-09 03:26:25','0'),('邹小艾艾艾艾','93834e67db724258d210149bf14a1976',NULL,NULL,'2013-09-11 08:51:29','0');
/*!40000 ALTER TABLE `userInfo` ENABLE KEYS */;
UNLOCK TABLES;

--
-- Table structure for table `userPosition`
--

DROP TABLE IF EXISTS `userPosition`;
/*!40101 SET @saved_cs_client     = @@character_set_client */;
/*!40101 SET character_set_client = utf8 */;
CREATE TABLE `userPosition` (
  `userId` varchar(30) CHARACTER SET utf8 COLLATE utf8_bin NOT NULL,
  `userPos` varchar(100) DEFAULT NULL,
  `last_use_time` timestamp NOT NULL DEFAULT CURRENT_TIMESTAMP ON UPDATE CURRENT_TIMESTAMP,
  `userPhone_main` varchar(15) DEFAULT NULL,
  `userPhone_short` varchar(15) DEFAULT NULL,
  KEY `fk_user_id` (`userId`),
  CONSTRAINT `fk_user_id` FOREIGN KEY (`userId`) REFERENCES `userInfo` (`userId`) ON DELETE CASCADE
) ENGINE=InnoDB DEFAULT CHARSET=utf8;
/*!40101 SET character_set_client = @saved_cs_client */;

--
-- Dumping data for table `userPosition`
--

LOCK TABLES `userPosition` WRITE;
/*!40000 ALTER TABLE `userPosition` DISABLE KEYS */;
/*!40000 ALTER TABLE `userPosition` ENABLE KEYS */;
UNLOCK TABLES;

--
-- Table structure for table `user_confirm_sms`
--

DROP TABLE IF EXISTS `user_confirm_sms`;
/*!40101 SET @saved_cs_client     = @@character_set_client */;
/*!40101 SET character_set_client = utf8 */;
CREATE TABLE `user_confirm_sms` (
  `telephone` varchar(15) NOT NULL,
  `four_bit_code` char(4) NOT NULL,
  `time_submit` timestamp NOT NULL DEFAULT CURRENT_TIMESTAMP ON UPDATE CURRENT_TIMESTAMP
) ENGINE=InnoDB DEFAULT CHARSET=utf8;
/*!40101 SET character_set_client = @saved_cs_client */;

--
-- Dumping data for table `user_confirm_sms`
--

LOCK TABLES `user_confirm_sms` WRITE;
/*!40000 ALTER TABLE `user_confirm_sms` DISABLE KEYS */;
/*!40000 ALTER TABLE `user_confirm_sms` ENABLE KEYS */;
UNLOCK TABLES;
/*!40103 SET TIME_ZONE=@OLD_TIME_ZONE */;

/*!40101 SET SQL_MODE=@OLD_SQL_MODE */;
/*!40014 SET FOREIGN_KEY_CHECKS=@OLD_FOREIGN_KEY_CHECKS */;
/*!40014 SET UNIQUE_CHECKS=@OLD_UNIQUE_CHECKS */;
/*!40101 SET CHARACTER_SET_CLIENT=@OLD_CHARACTER_SET_CLIENT */;
/*!40101 SET CHARACTER_SET_RESULTS=@OLD_CHARACTER_SET_RESULTS */;
/*!40101 SET COLLATION_CONNECTION=@OLD_COLLATION_CONNECTION */;
/*!40111 SET SQL_NOTES=@OLD_SQL_NOTES */;

-- Dump completed on 2013-09-12 16:49:31
